order_id,date,day_part,hour,time,party_size,service_type,event_name,revenue
1,2025-08-12,Dinner,20,20:24,2,Dine-in,,42.5
2,2025-08-12,Dinner,17,17:58,1,Dine-in,,40.0
3,2025-08-12,Dinner,21,21:41,3,Dine-in,,107.5
4,2025-08-12,Dinner,21,21:43,1,Dine-in,,72.0
5,2025-08-12,Dinner,21,21:12,2,Dine-in,,125.0
6,2025-08-12,Dinner,18,18:24,5,Dine-in,,170.5
7,2025-08-12,Dinner,19,19:29,2,Dine-in,,189.0
8,2025-08-12,Dinner,20,20:46,4,Dine-in,,163.5
9,2025-08-12,Dinner,18,18:00,1,Takeaway,,58.5
10,2025-08-12,Dinner,20,20:08,4,Dine-in,,112.5
11,2025-08-12,Dinner,21,21:42,4,Dine-in,,200.5
12,2025-08-12,Dinner,19,19:48,2,Dine-in,,103.0
13,2025-08-12,Dinner,21,21:39,4,Dine-in,,222.0
14,2025-08-12,Dinner,19,19:17,2,Dine-in,,36.5
15,2025-08-12,Dinner,19,19:00,3,Dine-in,,112.5
16,2025-08-12,Lunch,12,12:24,2,Takeaway,,121.0
17,2025-08-12,Lunch,13,13:14,3,Dine-in,,225.5
18,2025-08-12,Lunch,12,12:35,3,Dine-in,,91.5
19,2025-08-12,Lunch,14,14:04,4,Dine-in,,281.0
20,2025-08-12,Lunch,12,12:35,2,Dine-in,,108.0
21,2025-08-12,Lunch,12,12:44,3,Dine-in,,116.0
22,2025-08-12,Lunch,13,13:42,2,Dine-in,,19.5
23,2025-08-12,Lunch,13,13:47,1,Takeaway,,30.5
24,2025-08-12,Lunch,12,12:19,1,Dine-in,,70.0
25,2025-08-13,Dinner,21,21:01,4,Takeaway,,214.0
26,2025-08-13,Dinner,20,20:09,2,Dine-in,,155.0
27,2025-08-13,Dinner,19,19:21,2,Takeaway,,45.5
28,2025-08-13,Dinner,21,21:08,3,Dine-in,,178.5
29,2025-08-13,Dinner,19,19:50,2,Dine-in,,112.5
30,2025-08-13,Dinner,18,18:30,2,Dine-in,,202.0
31,2025-08-13,Dinner,21,21:32,1,Dine-in,,28.0
32,2025-08-13,Dinner,19,19:19,2,Dine-in,,117.0
33,2025-08-13,Dinner,20,20:13,5,Dine-in,,132.5
34,2025-08-13,Dinner,21,21:06,4,Dine-in,,199.0
35,2025-08-13,Dinner,20,20:17,3,Dine-in,,132.5
36,2025-08-13,Dinner,19,19:31,2,Dine-in,,62.5
37,2025-08-13,Dinner,21,21:42,1,Dine-in,,50.5
38,2025-08-13,Dinner,18,18:36,4,Dine-in,,125.0
39,2025-08-13,Dinner,20,20:43,2,Dine-in,,97.5
40,2025-08-13,Dinner,20,20:46,2,Dine-in,,35.0
41,2025-08-13,Dinner,21,21:06,4,Takeaway,,249.0
42,2025-08-13,Dinner,19,19:51,4,Dine-in,,84.5
43,2025-08-13,Dinner,20,20:02,4,Takeaway,,98.0
44,2025-08-13,Dinner,21,21:00,1,Takeaway,,52.0
45,2025-08-13,Lunch,14,14:02,2,Dine-in,,127.0
46,2025-08-13,Lunch,12,12:56,3,Dine-in,,160.0
47,2025-08-13,Lunch,13,13:47,2,Dine-in,,47.5
48,2025-08-13,Lunch,13,13:39,1,Dine-in,,157.5
49,2025-08-13,Lunch,13,13:23,2,Dine-in,,107.0
50,2025-08-13,Lunch,12,12:58,2,Dine-in,,100.0
51,2025-08-13,Lunch,12,12:56,6,Dine-in,,203.5
52,2025-08-13,Lunch,13,13:04,2,Dine-in,,59.0
53,2025-08-13,Lunch,14,14:18,4,Dine-in,,122.5
54,2025-08-14,Dinner,17,17:59,1,Takeaway,,40.0
55,2025-08-14,Dinner,18,18:56,3,Dine-in,,161.0
56,2025-08-14,Dinner,21,21:21,2,Dine-in,,94.5
57,2025-08-14,Dinner,21,21:09,2,Dine-in,,72.5
58,2025-08-14,Dinner,21,21:31,4,Dine-in,,201.0
59,2025-08-14,Dinner,21,21:00,2,Dine-in,,75.5
60,2025-08-14,Dinner,18,18:29,4,Dine-in,,143.0
61,2025-08-14,Dinner,20,20:00,1,Dine-in,,8.5
62,2025-08-14,Dinner,20,20:02,2,Dine-in,,141.0
63,2025-08-14,Dinner,17,17:47,4,Dine-in,,217.0
64,2025-08-14,Dinner,20,20:34,5,Dine-in,,163.5
65,2025-08-14,Dinner,19,19:45,5,Dine-in,,175.0
66,2025-08-14,Dinner,21,21:37,2,Dine-in,,55.5
67,2025-08-14,Dinner,20,20:40,3,Dine-in,,69.5
68,2025-08-14,Dinner,18,18:55,2,Dine-in,,144.5
69,2025-08-14,Dinner,19,19:35,4,Dine-in,,342.5
70,2025-08-14,Dinner,20,20:06,2,Dine-in,,103.0
71,2025-08-14,Lunch,14,14:15,2,Dine-in,,128.5
72,2025-08-14,Lunch,12,12:27,2,Dine-in,,93.0
73,2025-08-14,Lunch,12,12:28,4,Dine-in,,115.5
74,2025-08-14,Lunch,12,12:42,2,Dine-in,,25.0
75,2025-08-14,Lunch,13,13:43,3,Dine-in,,120.0
76,2025-08-14,Lunch,14,14:14,2,Dine-in,,88.0
77,2025-08-14,Lunch,14,14:06,1,Dine-in,,84.0
78,2025-08-14,Lunch,13,13:08,2,Dine-in,,23.0
79,2025-08-14,Lunch,13,13:27,2,Dine-in,,5.5
80,2025-08-14,Lunch,12,12:17,1,Dine-in,,59.5
81,2025-08-15,Dinner,21,21:36,3,Dine-in,,93.5
82,2025-08-15,Dinner,19,19:53,2,Takeaway,,45.0
83,2025-08-15,Dinner,21,21:34,4,Takeaway,,100.0
84,2025-08-15,Dinner,20,20:32,4,Takeaway,,102.0
85,2025-08-15,Dinner,18,18:44,4,Takeaway,,275.5
86,2025-08-15,Dinner,18,18:32,2,Takeaway,,80.5
87,2025-08-15,Dinner,20,20:44,4,Dine-in,,218.0
88,2025-08-15,Dinner,19,19:48,2,Dine-in,,35.0
89,2025-08-15,Dinner,20,20:37,3,Dine-in,,138.0
90,2025-08-15,Dinner,20,20:31,3,Takeaway,,46.0
91,2025-08-15,Dinner,18,18:06,5,Dine-in,,162.0
92,2025-08-15,Dinner,20,20:22,4,Dine-in,,197.5
93,2025-08-15,Dinner,18,18:56,2,Dine-in,,66.0
94,2025-08-15,Dinner,18,18:18,1,Dine-in,,44.5
95,2025-08-15,Dinner,18,18:35,2,Takeaway,,49.5
96,2025-08-15,Dinner,20,20:30,2,Dine-in,,87.0
97,2025-08-15,Dinner,19,19:38,2,Dine-in,,107.5
98,2025-08-15,Dinner,21,21:08,1,Dine-in,,40.5
99,2025-08-15,Dinner,19,19:22,5,Dine-in,,113.5
100,2025-08-15,Dinner,20,20:18,2,Dine-in,,42.0
101,2025-08-15,Dinner,18,18:37,3,Dine-in,,173.0
102,2025-08-15,Dinner,21,21:27,5,Dine-in,,288.5
103,2025-08-15,Dinner,18,18:28,4,Dine-in,,202.0
104,2025-08-15,Dinner,19,19:12,2,Dine-in,,104.5
105,2025-08-15,Late,22,22:14,2,Dine-in,,139.0
106,2025-08-15,Late,22,22:44,2,Dine-in,,81.0
107,2025-08-15,Late,22,22:23,2,Dine-in,,74.0
108,2025-08-15,Late,22,22:24,3,Dine-in,,98.5
109,2025-08-15,Lunch,13,13:34,2,Dine-in,,79.0
110,2025-08-15,Lunch,14,14:34,4,Takeaway,,167.0
111,2025-08-15,Lunch,13,13:24,4,Dine-in,,244.5
112,2025-08-15,Lunch,14,14:34,3,Dine-in,,116.0
113,2025-08-15,Lunch,14,14:11,1,Dine-in,,56.0
114,2025-08-15,Lunch,13,13:39,2,Dine-in,,51.0
115,2025-08-15,Lunch,14,14:44,2,Dine-in,,92.0
116,2025-08-15,Lunch,13,13:56,4,Dine-in,,178.5
117,2025-08-15,Lunch,12,12:12,1,Dine-in,,28.0
118,2025-08-15,Lunch,14,14:35,5,Dine-in,,132.5
119,2025-08-15,Lunch,12,12:14,3,Dine-in,,112.0
120,2025-08-15,Lunch,14,14:33,2,Dine-in,,77.0
121,2025-08-15,Lunch,12,12:51,1,Dine-in,,25.0
122,2025-08-16,Dinner,19,19:03,2,Dine-in,,182.5
123,2025-08-16,Dinner,20,20:15,2,Dine-in,,110.0
124,2025-08-16,Dinner,20,20:00,2,Dine-in,,106.5
125,2025-08-16,Dinner,20,20:53,2,Takeaway,,64.0
126,2025-08-16,Dinner,18,18:33,2,Dine-in,,45.5
127,2025-08-16,Dinner,19,19:46,2,Dine-in,,109.0
128,2025-08-16,Dinner,17,17:50,2,Dine-in,,76.0
129,2025-08-16,Dinner,20,20:28,2,Dine-in,,65.5
130,2025-08-16,Dinner,20,20:36,1,Dine-in,,25.5
131,2025-08-16,Dinner,18,18:19,1,Dine-in,,8.0
132,2025-08-16,Dinner,21,21:33,2,Dine-in,,101.0
133,2025-08-16,Dinner,20,20:06,2,Dine-in,,97.0
134,2025-08-16,Dinner,19,19:51,2,Dine-in,,66.0
135,2025-08-16,Dinner,17,17:55,5,Takeaway,,100.0
136,2025-08-16,Dinner,20,20:18,2,Takeaway,,48.5
137,2025-08-16,Dinner,21,21:18,2,Dine-in,,92.5
138,2025-08-16,Dinner,20,20:53,4,Dine-in,,178.0
139,2025-08-16,Dinner,19,19:56,2,Dine-in,,89.0
140,2025-08-16,Dinner,20,20:16,6,Dine-in,,209.5
141,2025-08-16,Dinner,21,21:08,2,Dine-in,,85.0
142,2025-08-16,Dinner,20,20:44,2,Dine-in,,94.5
143,2025-08-16,Dinner,18,18:06,5,Dine-in,,119.5
144,2025-08-16,Dinner,18,18:47,3,Takeaway,,137.0
145,2025-08-16,Dinner,20,20:28,3,Dine-in,,214.5
146,2025-08-16,Dinner,20,20:15,2,Dine-in,,73.0
147,2025-08-16,Dinner,19,19:56,2,Dine-in,,57.5
148,2025-08-16,Dinner,20,20:18,2,Dine-in,,28.5
149,2025-08-16,Dinner,20,20:35,2,Dine-in,,152.5
150,2025-08-16,Dinner,20,20:06,2,Takeaway,,91.5
151,2025-08-16,Dinner,21,21:21,2,Dine-in,,61.0
152,2025-08-16,Dinner,21,21:25,2,Dine-in,,86.0
153,2025-08-16,Dinner,17,17:31,2,Dine-in,,151.0
154,2025-08-16,Dinner,19,19:21,4,Dine-in,,201.0
155,2025-08-16,Dinner,18,18:01,1,Dine-in,,74.5
156,2025-08-16,Dinner,18,18:21,4,Dine-in,,151.0
157,2025-08-16,Dinner,21,21:09,2,Dine-in,,138.0
158,2025-08-16,Dinner,21,21:14,3,Dine-in,,153.0
159,2025-08-16,Late,23,23:04,2,Dine-in,,97.0
160,2025-08-16,Late,22,22:17,2,Dine-in,,134.5
161,2025-08-16,Late,23,23:08,2,Dine-in,,94.5
162,2025-08-16,Late,22,22:52,3,Dine-in,,102.5
163,2025-08-16,Late,22,22:03,2,Dine-in,,62.0
164,2025-08-16,Lunch,12,12:37,6,Dine-in,,207.0
165,2025-08-16,Lunch,14,14:44,2,Dine-in,,157.0
166,2025-08-16,Lunch,13,13:42,2,Dine-in,,50.0
167,2025-08-16,Lunch,13,13:42,4,Dine-in,,167.5
168,2025-08-16,Lunch,12,12:31,1,Dine-in,,26.0
169,2025-08-16,Lunch,12,12:03,5,Dine-in,,196.5
170,2025-08-16,Lunch,12,12:22,2,Dine-in,,85.5
171,2025-08-16,Lunch,13,13:16,2,Dine-in,,72.0
172,2025-08-16,Lunch,12,12:54,1,Takeaway,,80.5
173,2025-08-16,Lunch,12,12:50,2,Dine-in,,89.5
174,2025-08-16,Lunch,14,14:44,3,Dine-in,,83.0
175,2025-08-16,Lunch,13,13:12,5,Dine-in,,273.0
176,2025-08-17,Dinner,18,18:25,4,Dine-in,,154.5
177,2025-08-17,Dinner,18,18:38,4,Dine-in,,39.0
178,2025-08-17,Dinner,21,21:32,3,Dine-in,,103.5
179,2025-08-17,Dinner,20,20:40,3,Dine-in,,72.5
180,2025-08-17,Dinner,20,20:24,2,Dine-in,,128.0
181,2025-08-17,Dinner,17,17:58,2,Dine-in,,149.0
182,2025-08-17,Dinner,18,18:41,3,Takeaway,,188.5
183,2025-08-17,Dinner,20,20:20,2,Dine-in,,73.0
184,2025-08-17,Dinner,20,20:28,4,Dine-in,,156.0
185,2025-08-17,Dinner,19,19:22,1,Dine-in,,102.5
186,2025-08-17,Dinner,18,18:36,3,Dine-in,,127.5
187,2025-08-17,Dinner,18,18:23,2,Dine-in,,118.0
188,2025-08-17,Dinner,20,20:46,2,Takeaway,,98.0
189,2025-08-17,Dinner,21,21:40,2,Dine-in,,118.0
190,2025-08-17,Dinner,20,20:33,2,Dine-in,,66.5
191,2025-08-17,Dinner,20,20:39,5,Takeaway,,254.0
192,2025-08-17,Dinner,20,20:33,4,Dine-in,,192.5
193,2025-08-17,Dinner,20,20:14,1,Dine-in,,30.0
194,2025-08-17,Dinner,18,18:12,2,Dine-in,,47.0
195,2025-08-17,Dinner,19,19:42,3,Dine-in,,112.0
196,2025-08-17,Dinner,20,20:53,3,Dine-in,,92.0
197,2025-08-17,Dinner,20,20:26,4,Dine-in,,181.5
198,2025-08-17,Dinner,18,18:10,2,Dine-in,,107.5
199,2025-08-17,Dinner,20,20:17,2,Dine-in,,142.5
200,2025-08-17,Dinner,21,21:22,5,Dine-in,,196.5
201,2025-08-17,Dinner,17,17:47,2,Dine-in,,33.5
202,2025-08-17,Dinner,21,21:37,3,Dine-in,,94.5
203,2025-08-17,Lunch,13,13:53,2,Dine-in,,64.5
204,2025-08-17,Lunch,12,12:15,2,Dine-in,,172.5
205,2025-08-17,Lunch,13,13:10,2,Takeaway,,65.5
206,2025-08-17,Lunch,14,14:10,2,Dine-in,,38.5
207,2025-08-17,Lunch,12,12:05,4,Dine-in,,176.5
208,2025-08-17,Lunch,14,14:34,1,Takeaway,,29.0
209,2025-08-17,Lunch,12,12:08,2,Dine-in,,24.5
210,2025-08-17,Lunch,12,12:34,4,Dine-in,,119.0
211,2025-08-17,Lunch,12,12:25,4,Dine-in,,205.5
212,2025-08-17,Lunch,13,13:23,5,Dine-in,,212.0
213,2025-08-17,Lunch,12,12:26,3,Dine-in,,147.0
214,2025-08-19,Dinner,17,17:57,2,Takeaway,,102.0
215,2025-08-19,Dinner,19,19:30,4,Dine-in,,227.0
216,2025-08-19,Dinner,21,21:23,3,Dine-in,,136.5
217,2025-08-19,Dinner,20,20:29,6,Dine-in,,304.0
218,2025-08-19,Dinner,21,21:10,6,Dine-in,,187.5
219,2025-08-19,Dinner,18,18:21,3,Dine-in,,88.5
220,2025-08-19,Dinner,20,20:18,2,Takeaway,,117.5
221,2025-08-19,Dinner,19,19:21,2,Takeaway,,114.5
222,2025-08-19,Dinner,21,21:39,3,Dine-in,,93.0
223,2025-08-19,Dinner,20,20:55,3,Dine-in,,155.0
224,2025-08-19,Dinner,21,21:22,3,Dine-in,,112.5
225,2025-08-19,Dinner,19,19:05,3,Dine-in,,128.5
226,2025-08-19,Lunch,13,13:20,5,Dine-in,,212.0
227,2025-08-19,Lunch,13,13:47,1,Dine-in,,11.0
228,2025-08-19,Lunch,13,13:51,2,Dine-in,,146.0
229,2025-08-19,Lunch,13,13:39,1,Takeaway,,88.0
230,2025-08-19,Lunch,12,12:57,5,Dine-in,,346.5
231,2025-08-19,Lunch,14,14:09,2,Dine-in,,108.5
232,2025-08-19,Lunch,12,12:00,1,Dine-in,,26.5
233,2025-08-19,Lunch,14,14:42,2,Takeaway,,52.0
234,2025-08-19,Lunch,12,12:16,2,Dine-in,,127.5
235,2025-08-20,Dinner,19,19:58,2,Dine-in,,43.5
236,2025-08-20,Dinner,18,18:28,2,Takeaway,,121.0
237,2025-08-20,Dinner,19,19:55,2,Dine-in,,61.5
238,2025-08-20,Dinner,18,18:44,5,Takeaway,,204.0
239,2025-08-20,Dinner,19,19:01,3,Dine-in,,158.5
240,2025-08-20,Dinner,19,19:48,2,Dine-in,,84.0
241,2025-08-20,Dinner,20,20:18,2,Dine-in,,22.5
242,2025-08-20,Dinner,19,19:02,4,Dine-in,,217.5
243,2025-08-20,Dinner,19,19:10,4,Dine-in,,187.0
244,2025-08-20,Dinner,21,21:11,2,Takeaway,,38.0
245,2025-08-20,Dinner,19,19:09,3,Takeaway,,106.5
246,2025-08-20,Dinner,19,19:34,3,Dine-in,,147.0
247,2025-08-20,Dinner,19,19:50,4,Dine-in,,84.5
248,2025-08-20,Dinner,17,17:54,4,Dine-in,,164.5
249,2025-08-20,Dinner,18,18:31,2,Dine-in,,121.5
250,2025-08-20,Lunch,13,13:19,2,Dine-in,,127.5
251,2025-08-20,Lunch,14,14:39,4,Dine-in,,132.5
252,2025-08-20,Lunch,13,13:23,6,Dine-in,,260.0
253,2025-08-20,Lunch,12,12:26,4,Dine-in,,234.0
254,2025-08-20,Lunch,13,13:23,4,Dine-in,,184.5
255,2025-08-20,Lunch,13,13:44,2,Dine-in,,75.5
256,2025-08-20,Lunch,13,13:07,2,Dine-in,,112.0
257,2025-08-21,Dinner,20,20:46,4,Dine-in,,168.0
258,2025-08-21,Dinner,20,20:11,2,Dine-in,,73.5
259,2025-08-21,Dinner,20,20:26,6,Dine-in,,262.0
260,2025-08-21,Dinner,21,21:13,2,Dine-in,,46.5
261,2025-08-21,Dinner,21,21:04,2,Dine-in,,74.5
262,2025-08-21,Dinner,20,20:15,2,Dine-in,,83.5
263,2025-08-21,Dinner,21,21:34,1,Dine-in,,69.5
264,2025-08-21,Dinner,21,21:19,5,Takeaway,,320.0
265,2025-08-21,Dinner,19,19:40,4,Dine-in,,144.0
266,2025-08-21,Dinner,21,21:36,3,Dine-in,,134.5
267,2025-08-21,Dinner,21,21:04,2,Dine-in,,120.5
268,2025-08-21,Dinner,19,19:18,6,Dine-in,,199.0
269,2025-08-21,Dinner,21,21:31,2,Dine-in,,90.0
270,2025-08-21,Dinner,19,19:51,2,Dine-in,,93.0
271,2025-08-21,Dinner,20,20:09,5,Takeaway,,172.5
272,2025-08-21,Dinner,21,21:20,5,Dine-in,,226.0
273,2025-08-21,Dinner,20,20:20,2,Dine-in,,127.5
274,2025-08-21,Lunch,14,14:16,1,Takeaway,,68.0
275,2025-08-21,Lunch,13,13:06,2,Takeaway,,74.0
276,2025-08-21,Lunch,13,13:54,2,Dine-in,,76.0
277,2025-08-21,Lunch,12,12:13,3,Dine-in,,54.0
278,2025-08-21,Lunch,14,14:13,5,Dine-in,,250.0
279,2025-08-21,Lunch,14,14:33,4,Dine-in,,164.0
280,2025-08-21,Lunch,14,14:05,3,Dine-in,,98.0
281,2025-08-21,Lunch,13,13:48,5,Dine-in,,179.0
282,2025-08-21,Lunch,13,13:33,2,Dine-in,,140.5
283,2025-08-21,Lunch,14,14:01,1,Dine-in,,32.0
284,2025-08-22,Dinner,20,20:39,2,Dine-in,,71.5
285,2025-08-22,Dinner,20,20:10,4,Takeaway,,129.5
286,2025-08-22,Dinner,19,19:46,2,Dine-in,,75.5
287,2025-08-22,Dinner,18,18:15,3,Dine-in,,59.0
288,2025-08-22,Dinner,18,18:42,1,Takeaway,,10.5
289,2025-08-22,Dinner,18,18:52,3,Takeaway,,79.0
290,2025-08-22,Dinner,18,18:02,2,Dine-in,,75.5
291,2025-08-22,Dinner,20,20:52,1,Dine-in,,11.0
292,2025-08-22,Dinner,19,19:31,2,Dine-in,,11.5
293,2025-08-22,Dinner,18,18:19,1,Dine-in,,33.5
294,2025-08-22,Dinner,19,19:06,2,Dine-in,,120.5
295,2025-08-22,Dinner,20,20:01,2,Dine-in,,72.0
296,2025-08-22,Dinner,20,20:35,2,Dine-in,,92.0
297,2025-08-22,Dinner,20,20:49,2,Dine-in,,208.5
298,2025-08-22,Dinner,20,20:48,3,Dine-in,,137.5
299,2025-08-22,Dinner,21,21:14,2,Dine-in,,128.5
300,2025-08-22,Dinner,18,18:18,2,Takeaway,,53.0
301,2025-08-22,Dinner,19,19:14,4,Dine-in,,196.5
302,2025-08-22,Dinner,18,18:54,2,Takeaway,,50.0
303,2025-08-22,Dinner,21,21:10,2,Dine-in,,56.0
304,2025-08-22,Dinner,18,18:06,2,Dine-in,,67.5
305,2025-08-22,Dinner,21,21:16,3,Dine-in,,204.0
306,2025-08-22,Dinner,18,18:48,3,Dine-in,,94.0
307,2025-08-22,Dinner,20,20:58,2,Dine-in,,72.0
308,2025-08-22,Dinner,18,18:26,2,Dine-in,,92.0
309,2025-08-22,Dinner,20,20:07,3,Dine-in,,114.0
310,2025-08-22,Dinner,17,17:42,3,Dine-in,,79.0
311,2025-08-22,Dinner,18,18:11,2,Dine-in,,98.5
312,2025-08-22,Dinner,18,18:44,2,Dine-in,,80.0
313,2025-08-22,Dinner,21,21:40,3,Takeaway,,132.5
314,2025-08-22,Late,22,22:18,4,Dine-in,,195.5
315,2025-08-22,Late,22,22:52,5,Dine-in,,179.0
316,2025-08-22,Late,22,22:46,2,Dine-in,,136.0
317,2025-08-22,Lunch,12,12:57,2,Dine-in,,96.0
318,2025-08-22,Lunch,12,12:55,2,Dine-in,,173.5
319,2025-08-22,Lunch,12,12:40,2,Takeaway,,80.5
320,2025-08-22,Lunch,12,12:46,2,Dine-in,,144.0
321,2025-08-22,Lunch,14,14:24,6,Dine-in,,237.5
322,2025-08-22,Lunch,14,14:31,2,Dine-in,,62.5
323,2025-08-22,Lunch,13,13:12,5,Dine-in,,144.5
324,2025-08-22,Lunch,13,13:57,1,Dine-in,,73.0
325,2025-08-22,Lunch,13,13:59,2,Dine-in,,64.5
326,2025-08-22,Lunch,12,12:27,4,Dine-in,,223.0
327,2025-08-22,Lunch,12,12:43,4,Dine-in,,307.5
328,2025-08-22,Lunch,14,14:41,1,Dine-in,,28.5
329,2025-08-23,Dinner,21,21:05,1,Dine-in,,61.0
330,2025-08-23,Dinner,17,17:36,3,Dine-in,,186.5
331,2025-08-23,Dinner,20,20:26,3,Dine-in,,129.0
332,2025-08-23,Dinner,17,17:34,3,Dine-in,,68.5
333,2025-08-23,Dinner,20,20:59,5,Takeaway,,211.5
334,2025-08-23,Dinner,18,18:09,2,Dine-in,,32.5
335,2025-08-23,Dinner,20,20:17,4,Dine-in,,162.0
336,2025-08-23,Dinner,21,21:16,3,Dine-in,,52.0
337,2025-08-23,Dinner,19,19:37,3,Dine-in,,180.5
338,2025-08-23,Dinner,18,18:15,3,Dine-in,,45.5
339,2025-08-23,Dinner,20,20:04,3,Takeaway,,87.5
340,2025-08-23,Dinner,19,19:10,2,Takeaway,,70.0
341,2025-08-23,Dinner,18,18:24,6,Dine-in,,260.5
342,2025-08-23,Dinner,18,18:03,2,Takeaway,,47.5
343,2025-08-23,Dinner,21,21:28,4,Dine-in,,110.0
344,2025-08-23,Dinner,21,21:14,2,Dine-in,,83.0
345,2025-08-23,Dinner,19,19:31,3,Takeaway,,100.0
346,2025-08-23,Dinner,17,17:52,3,Dine-in,,81.0
347,2025-08-23,Dinner,20,20:10,3,Dine-in,,89.0
348,2025-08-23,Dinner,20,20:19,4,Dine-in,,143.5
349,2025-08-23,Dinner,21,21:22,6,Dine-in,,235.0
350,2025-08-23,Dinner,20,20:05,3,Dine-in,,161.0
351,2025-08-23,Dinner,19,19:51,4,Dine-in,,168.0
352,2025-08-23,Dinner,20,20:35,2,Dine-in,,41.5
353,2025-08-23,Dinner,19,19:56,2,Dine-in,,123.0
354,2025-08-23,Late,22,22:35,6,Dine-in,,173.0
355,2025-08-23,Late,22,22:39,4,Dine-in,,151.0
356,2025-08-23,Lunch,14,14:36,2,Dine-in,,83.5
357,2025-08-23,Lunch,12,12:10,2,Dine-in,,120.0
358,2025-08-23,Lunch,14,14:32,2,Dine-in,,67.5
359,2025-08-23,Lunch,13,13:33,5,Dine-in,,258.0
360,2025-08-23,Lunch,14,14:29,2,Dine-in,,140.5
361,2025-08-23,Lunch,12,12:55,2,Dine-in,,132.0
362,2025-08-23,Lunch,13,13:20,3,Dine-in,,168.0
363,2025-08-23,Lunch,14,14:41,3,Dine-in,,153.5
364,2025-08-23,Lunch,14,14:35,2,Dine-in,,175.0
365,2025-08-23,Lunch,12,12:41,2,Dine-in,,126.5
366,2025-08-23,Lunch,12,12:24,6,Dine-in,,303.0
367,2025-08-23,Lunch,13,13:14,2,Dine-in,,111.0
368,2025-08-23,Lunch,12,12:38,3,Dine-in,,214.5
369,2025-08-23,Lunch,14,14:13,1,Takeaway,,80.5
370,2025-08-23,Lunch,13,13:32,1,Takeaway,,78.0
371,2025-08-24,Dinner,21,21:34,5,Dine-in,,265.5
372,2025-08-24,Dinner,21,21:14,1,Takeaway,,65.0
373,2025-08-24,Dinner,21,21:36,5,Dine-in,,339.5
374,2025-08-24,Dinner,19,19:16,2,Dine-in,,66.0
375,2025-08-24,Dinner,21,21:11,3,Dine-in,,81.5
376,2025-08-24,Dinner,17,17:57,2,Dine-in,,63.5
377,2025-08-24,Dinner,18,18:16,2,Takeaway,,71.5
378,2025-08-24,Dinner,18,18:21,4,Dine-in,,125.5
379,2025-08-24,Dinner,17,17:46,5,Dine-in,,161.5
380,2025-08-24,Dinner,17,17:49,3,Dine-in,,75.0
381,2025-08-24,Dinner,18,18:30,2,Dine-in,,85.0
382,2025-08-24,Dinner,17,17:45,2,Dine-in,,84.0
383,2025-08-24,Dinner,21,21:09,1,Dine-in,,42.0
384,2025-08-24,Dinner,21,21:34,6,Dine-in,,178.0
385,2025-08-24,Dinner,18,18:53,2,Dine-in,,52.0
386,2025-08-24,Dinner,18,18:21,5,Dine-in,,210.0
387,2025-08-24,Dinner,20,20:06,2,Dine-in,,72.5
388,2025-08-24,Dinner,17,17:48,2,Takeaway,,41.0
389,2025-08-24,Dinner,20,20:51,1,Dine-in,,44.0
390,2025-08-24,Dinner,20,20:16,2,Dine-in,,113.0
391,2025-08-24,Dinner,21,21:33,2,Takeaway,,34.0
392,2025-08-24,Dinner,19,19:42,2,Dine-in,,127.0
393,2025-08-24,Dinner,21,21:19,1,Dine-in,,55.5
394,2025-08-24,Dinner,21,21:04,4,Dine-in,,188.0
395,2025-08-24,Dinner,18,18:54,4,Dine-in,,189.5
396,2025-08-24,Lunch,13,13:21,2,Dine-in,,140.5
397,2025-08-24,Lunch,13,13:09,4,Dine-in,,215.0
398,2025-08-24,Lunch,14,14:15,2,Dine-in,,56.0
399,2025-08-24,Lunch,12,12:51,5,Dine-in,,178.0
400,2025-08-24,Lunch,13,13:10,3,Dine-in,,73.0
401,2025-08-24,Lunch,12,12:07,5,Dine-in,,315.0
402,2025-08-24,Lunch,13,13:44,5,Dine-in,,188.5
403,2025-08-24,Lunch,12,12:51,5,Dine-in,,207.0
404,2025-08-24,Lunch,12,12:39,2,Dine-in,,46.5
405,2025-08-26,Dinner,20,20:45,2,Dine-in,,67.0
406,2025-08-26,Dinner,18,18:33,2,Takeaway,,106.5
407,2025-08-26,Dinner,19,19:42,3,Dine-in,,99.5
408,2025-08-26,Dinner,18,18:57,2,Dine-in,,100.5
409,2025-08-26,Dinner,20,20:04,4,Dine-in,,252.0
410,2025-08-26,Dinner,18,18:44,2,Dine-in,,42.0
411,2025-08-26,Dinner,19,19:25,1,Dine-in,,25.0
412,2025-08-26,Dinner,18,18:46,4,Dine-in,,151.0
413,2025-08-26,Dinner,18,18:13,3,Dine-in,,71.5
414,2025-08-26,Dinner,17,17:33,2,Dine-in,,13.5
415,2025-08-26,Dinner,19,19:46,2,Dine-in,,122.5
416,2025-08-26,Dinner,18,18:13,5,Dine-in,,159.5
417,2025-08-26,Dinner,18,18:40,2,Dine-in,,100.5
418,2025-08-26,Dinner,18,18:09,2,Dine-in,,141.5
419,2025-08-26,Dinner,19,19:59,2,Dine-in,,83.5
420,2025-08-26,Dinner,19,19:24,3,Takeaway,,99.0
421,2025-08-26,Dinner,21,21:25,5,Dine-in,,206.5
422,2025-08-26,Lunch,14,14:34,2,Dine-in,,344.5
423,2025-08-26,Lunch,14,14:13,3,Dine-in,,152.5
424,2025-08-26,Lunch,14,14:39,3,Dine-in,,103.0
425,2025-08-26,Lunch,13,13:56,1,Dine-in,,41.5
426,2025-08-26,Lunch,13,13:06,2,Dine-in,,74.0
427,2025-08-26,Lunch,12,12:13,2,Dine-in,,55.0
428,2025-08-26,Lunch,12,12:44,2,Dine-in,,98.0
429,2025-08-26,Lunch,13,13:45,4,Dine-in,,188.0
430,2025-08-26,Lunch,14,14:35,2,Dine-in,,128.0
431,2025-08-27,Dinner,18,18:04,2,Dine-in,,75.0
432,2025-08-27,Dinner,18,18:39,5,Takeaway,,296.0
433,2025-08-27,Dinner,18,18:45,2,Dine-in,,55.5
434,2025-08-27,Dinner,18,18:22,2,Dine-in,,64.0
435,2025-08-27,Dinner,19,19:19,3,Dine-in,,66.0
436,2025-08-27,Dinner,17,17:55,4,Dine-in,,179.0
437,2025-08-27,Dinner,18,18:19,2,Dine-in,,89.5
438,2025-08-27,Dinner,19,19:37,2,Takeaway,,41.5
439,2025-08-27,Dinner,17,17:39,3,Dine-in,,117.0
440,2025-08-27,Dinner,18,18:52,4,Dine-in,,327.5
441,2025-08-27,Dinner,19,19:30,3,Dine-in,,153.5
442,2025-08-27,Dinner,20,20:51,3,Dine-in,,159.0
443,2025-08-27,Dinner,20,20:54,2,Dine-in,,118.5
444,2025-08-27,Dinner,19,19:09,2,Dine-in,,35.5
445,2025-08-27,Dinner,17,17:31,2,Dine-in,,64.0
446,2025-08-27,Dinner,19,19:12,3,Dine-in,,40.0
447,2025-08-27,Dinner,20,20:34,3,Takeaway,,121.0
448,2025-08-27,Lunch,12,12:59,4,Dine-in,,114.5
449,2025-08-27,Lunch,13,13:55,4,Dine-in,,105.5
450,2025-08-27,Lunch,14,14:20,2,Dine-in,,18.5
451,2025-08-27,Lunch,12,12:30,2,Dine-in,,113.0
452,2025-08-27,Lunch,13,13:28,5,Takeaway,,249.0
453,2025-08-27,Lunch,13,13:16,1,Dine-in,,22.0
454,2025-08-27,Lunch,13,13:44,2,Dine-in,,116.0
455,2025-08-27,Lunch,13,13:48,3,Takeaway,,133.0
456,2025-08-27,Lunch,13,13:48,5,Dine-in,,242.5
457,2025-08-28,Dinner,17,17:36,3,Dine-in,,211.5
458,2025-08-28,Dinner,20,20:54,2,Dine-in,,114.0
459,2025-08-28,Dinner,18,18:53,2,Dine-in,,75.5
460,2025-08-28,Dinner,17,17:43,2,Dine-in,,36.5
461,2025-08-28,Dinner,19,19:25,3,Dine-in,,100.5
462,2025-08-28,Dinner,19,19:54,2,Dine-in,,54.5
463,2025-08-28,Dinner,20,20:05,3,Dine-in,,97.0
464,2025-08-28,Dinner,18,18:53,2,Dine-in,,71.0
465,2025-08-28,Dinner,21,21:34,1,Dine-in,,31.5
466,2025-08-28,Dinner,20,20:17,4,Dine-in,,144.5
467,2025-08-28,Dinner,21,21:24,2,Dine-in,,184.0
468,2025-08-28,Dinner,21,21:08,2,Dine-in,,60.0
469,2025-08-28,Dinner,21,21:33,2,Dine-in,,110.0
470,2025-08-28,Dinner,17,17:37,2,Dine-in,,62.0
471,2025-08-28,Dinner,17,17:58,3,Dine-in,,45.5
472,2025-08-28,Dinner,21,21:30,2,Dine-in,,137.0
473,2025-08-28,Dinner,19,19:48,3,Dine-in,,168.0
474,2025-08-28,Dinner,19,19:20,2,Dine-in,,103.0
475,2025-08-28,Dinner,18,18:14,2,Dine-in,,48.0
476,2025-08-28,Dinner,19,19:41,3,Takeaway,,124.0
477,2025-08-28,Dinner,21,21:13,2,Dine-in,,59.5
478,2025-08-28,Dinner,18,18:04,2,Takeaway,,74.5
479,2025-08-28,Lunch,14,14:31,2,Takeaway,,50.0
480,2025-08-28,Lunch,13,13:07,5,Dine-in,,162.5
481,2025-08-28,Lunch,14,14:40,4,Dine-in,,185.5
482,2025-08-28,Lunch,12,12:40,2,Dine-in,,253.0
483,2025-08-28,Lunch,13,13:36,2,Dine-in,,98.0
484,2025-08-28,Lunch,14,14:04,2,Dine-in,,157.0
485,2025-08-28,Lunch,13,13:21,2,Dine-in,,106.5
486,2025-08-28,Lunch,13,13:52,1,Dine-in,,10.0
487,2025-08-28,Lunch,14,14:22,2,Takeaway,,94.5
488,2025-08-28,Lunch,14,14:02,2,Dine-in,,105.0
489,2025-08-29,Dinner,21,21:24,2,Dine-in,,82.5
490,2025-08-29,Dinner,20,20:52,2,Dine-in,,85.0
491,2025-08-29,Dinner,20,20:47,2,Dine-in,,60.5
492,2025-08-29,Dinner,17,17:31,2,Dine-in,,42.0
493,2025-08-29,Dinner,21,21:02,3,Dine-in,,156.0
494,2025-08-29,Dinner,20,20:09,3,Dine-in,,105.5
495,2025-08-29,Dinner,17,17:46,1,Dine-in,,36.5
496,2025-08-29,Dinner,17,17:32,2,Takeaway,,34.0
497,2025-08-29,Dinner,18,18:36,3,Dine-in,,199.5
498,2025-08-29,Dinner,21,21:19,2,Dine-in,,117.0
499,2025-08-29,Dinner,18,18:56,3,Dine-in,,132.5
500,2025-08-29,Dinner,20,20:19,2,Dine-in,,51.5
501,2025-08-29,Dinner,19,19:24,4,Dine-in,,232.0
502,2025-08-29,Dinner,17,17:52,1,Dine-in,,13.0
503,2025-08-29,Dinner,18,18:23,2,Dine-in,,119.0
504,2025-08-29,Dinner,20,20:06,4,Dine-in,,95.0
505,2025-08-29,Dinner,19,19:30,2,Dine-in,,110.5
506,2025-08-29,Dinner,19,19:01,1,Dine-in,,21.5
507,2025-08-29,Dinner,18,18:24,2,Dine-in,,106.5
508,2025-08-29,Dinner,21,21:43,2,Dine-in,,94.0
509,2025-08-29,Dinner,19,19:57,1,Dine-in,,108.5
510,2025-08-29,Dinner,21,21:37,2,Dine-in,,18.5
511,2025-08-29,Dinner,20,20:18,2,Dine-in,,79.0
512,2025-08-29,Dinner,20,20:40,2,Dine-in,,161.0
513,2025-08-29,Dinner,18,18:18,2,Dine-in,,70.5
514,2025-08-29,Dinner,20,20:44,2,Dine-in,,49.5
515,2025-08-29,Dinner,21,21:12,2,Dine-in,,128.5
516,2025-08-29,Dinner,17,17:46,1,Dine-in,,22.0
517,2025-08-29,Dinner,20,20:02,2,Dine-in,,78.0
518,2025-08-29,Dinner,19,19:48,1,Dine-in,,70.5
519,2025-08-29,Dinner,20,20:49,2,Dine-in,,133.5
520,2025-08-29,Dinner,20,20:06,2,Dine-in,,58.5
521,2025-08-29,Dinner,19,19:26,4,Dine-in,,87.5
522,2025-08-29,Dinner,19,19:26,4,Dine-in,,133.0
523,2025-08-29,Dinner,18,18:16,2,Dine-in,,64.0
524,2025-08-29,Dinner,19,19:21,4,Takeaway,,237.0
525,2025-08-29,Dinner,19,19:48,2,Dine-in,,85.5
526,2025-08-29,Late,22,22:11,4,Dine-in,,237.5
527,2025-08-29,Late,23,23:03,3,Dine-in,,74.5
528,2025-08-29,Late,22,22:23,2,Takeaway,,137.5
529,2025-08-29,Lunch,13,13:06,3,Dine-in,,75.0
530,2025-08-29,Lunch,14,14:34,4,Dine-in,,204.0
531,2025-08-29,Lunch,12,12:06,2,Takeaway,,74.0
532,2025-08-29,Lunch,12,12:32,2,Dine-in,,46.0
533,2025-08-29,Lunch,12,12:52,2,Dine-in,,78.5
534,2025-08-29,Lunch,14,14:28,2,Dine-in,,38.0
535,2025-08-29,Lunch,13,13:45,4,Dine-in,,156.0
536,2025-08-29,Lunch,12,12:38,3,Dine-in,,190.5
537,2025-08-29,Lunch,12,12:58,1,Takeaway,,17.5
538,2025-08-29,Lunch,14,14:20,2,Dine-in,,183.0
539,2025-08-29,Lunch,13,13:29,2,Dine-in,,70.5
540,2025-08-29,Lunch,14,14:32,2,Dine-in,,39.5
541,2025-08-29,Lunch,12,12:21,1,Dine-in,,24.0
542,2025-08-29,Lunch,12,12:16,2,Dine-in,,68.5
543,2025-08-29,Lunch,13,13:08,4,Takeaway,,159.5
544,2025-08-30,Dinner,19,19:03,5,Dine-in,,258.0
545,2025-08-30,Dinner,19,19:45,4,Dine-in,,182.5
546,2025-08-30,Dinner,20,20:36,3,Dine-in,,158.0
547,2025-08-30,Dinner,20,20:23,4,Dine-in,,110.5
548,2025-08-30,Dinner,18,18:35,2,Takeaway,,46.5
549,2025-08-30,Dinner,18,18:48,6,Dine-in,,263.5
550,2025-08-30,Dinner,18,18:46,2,Takeaway,,45.0
551,2025-08-30,Dinner,19,19:58,6,Dine-in,,249.5
552,2025-08-30,Dinner,20,20:33,5,Dine-in,,283.0
553,2025-08-30,Dinner,21,21:36,3,Dine-in,,151.5
554,2025-08-30,Dinner,18,18:38,3,Dine-in,,76.0
555,2025-08-30,Dinner,21,21:19,1,Dine-in,,29.0
556,2025-08-30,Dinner,18,18:32,2,Dine-in,,73.5
557,2025-08-30,Dinner,20,20:28,3,Dine-in,,66.5
558,2025-08-30,Dinner,19,19:32,3,Dine-in,,96.0
559,2025-08-30,Dinner,18,18:16,6,Dine-in,,394.5
560,2025-08-30,Dinner,20,20:42,5,Dine-in,,255.5
561,2025-08-30,Dinner,19,19:14,2,Dine-in,,75.5
562,2025-08-30,Dinner,19,19:06,2,Dine-in,,93.5
563,2025-08-30,Dinner,18,18:42,3,Takeaway,,126.5
564,2025-08-30,Dinner,20,20:37,1,Dine-in,,18.5
565,2025-08-30,Dinner,19,19:20,4,Dine-in,,140.0
566,2025-08-30,Dinner,17,17:50,1,Takeaway,,36.5
567,2025-08-30,Late,22,22:51,5,Dine-in,,253.5
568,2025-08-30,Late,23,23:09,3,Dine-in,,73.5
569,2025-08-30,Late,22,22:57,2,Dine-in,,116.5
570,2025-08-30,Late,23,23:04,1,Dine-in,,10.0
571,2025-08-30,Lunch,12,12:11,6,Dine-in,,332.5
572,2025-08-30,Lunch,12,12:33,4,Dine-in,,281.0
573,2025-08-30,Lunch,12,12:21,2,Dine-in,,35.0
574,2025-08-30,Lunch,13,13:19,2,Dine-in,,22.5
575,2025-08-30,Lunch,14,14:13,2,Takeaway,,63.5
576,2025-08-30,Lunch,14,14:05,3,Takeaway,,103.0
577,2025-08-30,Lunch,13,13:15,1,Dine-in,,46.5
578,2025-08-30,Lunch,14,14:19,2,Dine-in,,29.0
579,2025-08-30,Lunch,13,13:00,4,Dine-in,,318.0
580,2025-08-30,Lunch,13,13:50,2,Dine-in,,76.0
581,2025-08-30,Lunch,14,14:37,4,Dine-in,,128.5
582,2025-08-30,Lunch,13,13:43,2,Dine-in,,98.0
583,2025-08-30,Lunch,12,12:16,1,Takeaway,,26.5
584,2025-08-31,Dinner,19,19:27,2,Dine-in,,71.5
585,2025-08-31,Dinner,19,19:42,2,Dine-in,,84.0
586,2025-08-31,Dinner,20,20:09,5,Dine-in,,167.0
587,2025-08-31,Dinner,17,17:43,2,Dine-in,,56.0
588,2025-08-31,Dinner,19,19:28,3,Takeaway,,52.0
589,2025-08-31,Dinner,19,19:01,2,Dine-in,,151.5
590,2025-08-31,Dinner,20,20:58,3,Dine-in,,91.5
591,2025-08-31,Dinner,18,18:12,2,Dine-in,,98.0
592,2025-08-31,Dinner,21,21:00,5,Dine-in,,219.5
593,2025-08-31,Dinner,20,20:08,2,Dine-in,,69.5
594,2025-08-31,Dinner,18,18:05,4,Dine-in,,116.5
595,2025-08-31,Dinner,17,17:47,2,Dine-in,,68.0
596,2025-08-31,Dinner,18,18:49,4,Dine-in,,189.5
597,2025-08-31,Dinner,21,21:12,2,Dine-in,,125.0
598,2025-08-31,Dinner,20,20:26,2,Dine-in,,140.0
599,2025-08-31,Dinner,18,18:37,2,Dine-in,,58.0
600,2025-08-31,Dinner,19,19:39,4,Takeaway,,180.0
601,2025-08-31,Dinner,17,17:58,3,Dine-in,,271.5
602,2025-08-31,Dinner,18,18:01,3,Dine-in,,80.0
603,2025-08-31,Dinner,18,18:40,2,Dine-in,,75.5
604,2025-08-31,Dinner,21,21:39,4,Dine-in,,97.0
605,2025-08-31,Dinner,20,20:17,2,Dine-in,,57.0
606,2025-08-31,Dinner,19,19:29,2,Dine-in,,112.5
607,2025-08-31,Dinner,17,17:31,5,Dine-in,,233.0
608,2025-08-31,Dinner,18,18:07,2,Takeaway,,54.0
609,2025-08-31,Lunch,12,12:44,1,Takeaway,,28.5
610,2025-08-31,Lunch,14,14:38,2,Dine-in,,123.5
611,2025-08-31,Lunch,13,13:15,2,Takeaway,,70.5
612,2025-08-31,Lunch,13,13:16,4,Dine-in,,159.5
613,2025-08-31,Lunch,14,14:25,1,Takeaway,,23.0
614,2025-08-31,Lunch,12,12:22,2,Dine-in,,111.0
615,2025-08-31,Lunch,12,12:18,2,Dine-in,,43.0
616,2025-08-31,Lunch,14,14:18,2,Dine-in,,43.0
617,2025-08-31,Lunch,14,14:14,2,Dine-in,,110.0
618,2025-08-31,Lunch,12,12:14,4,Dine-in,,109.5
619,2025-08-31,Lunch,13,13:10,2,Takeaway,,88.5
620,2025-08-31,Lunch,13,13:29,2,Dine-in,,122.0
621,2025-08-31,Lunch,12,12:20,6,Dine-in,,290.0
622,2025-08-31,Lunch,13,13:04,2,Dine-in,,32.0
623,2025-09-02,Dinner,18,18:13,4,Takeaway,,200.5
624,2025-09-02,Dinner,20,20:50,2,Dine-in,,19.0
625,2025-09-02,Dinner,20,20:35,2,Dine-in,,99.5
626,2025-09-02,Dinner,19,19:47,2,Dine-in,,114.0
627,2025-09-02,Dinner,20,20:42,3,Takeaway,,121.0
628,2025-09-02,Dinner,19,19:09,3,Dine-in,,140.0
629,2025-09-02,Dinner,20,20:03,5,Takeaway,,99.5
630,2025-09-02,Dinner,21,21:22,4,Dine-in,,153.0
631,2025-09-02,Dinner,21,21:19,2,Dine-in,,103.5
632,2025-09-02,Dinner,18,18:15,4,Dine-in,,269.0
633,2025-09-02,Dinner,20,20:23,5,Dine-in,,192.0
634,2025-09-02,Dinner,19,19:36,2,Dine-in,,77.0
635,2025-09-02,Dinner,21,21:02,2,Dine-in,,73.0
636,2025-09-02,Dinner,21,21:03,1,Dine-in,,28.5
637,2025-09-02,Dinner,18,18:22,2,Dine-in,,56.0
638,2025-09-02,Lunch,12,12:13,4,Dine-in,,277.0
639,2025-09-02,Lunch,12,12:53,2,Dine-in,,77.5
640,2025-09-02,Lunch,14,14:29,2,Dine-in,,76.5
641,2025-09-02,Lunch,13,13:38,2,Dine-in,,55.5
642,2025-09-02,Lunch,12,12:13,2,Dine-in,,130.5
643,2025-09-02,Lunch,13,13:39,2,Dine-in,,55.0
644,2025-09-02,Lunch,14,14:33,2,Takeaway,,44.5
645,2025-09-02,Lunch,13,13:18,2,Dine-in,,32.0
646,2025-09-03,Dinner,21,21:41,3,Dine-in,,147.5
647,2025-09-03,Dinner,19,19:34,1,Dine-in,,28.5
648,2025-09-03,Dinner,18,18:46,2,Dine-in,,94.0
649,2025-09-03,Dinner,19,19:53,2,Dine-in,,73.0
650,2025-09-03,Dinner,19,19:56,6,Dine-in,,228.5
651,2025-09-03,Dinner,20,20:03,1,Dine-in,,41.5
652,2025-09-03,Dinner,18,18:27,2,Dine-in,,67.0
653,2025-09-03,Dinner,18,18:16,1,Dine-in,,9.0
654,2025-09-03,Dinner,21,21:39,4,Takeaway,,231.5
655,2025-09-03,Dinner,20,20:20,2,Dine-in,,113.5
656,2025-09-03,Dinner,20,20:58,2,Dine-in,,80.0
657,2025-09-03,Dinner,21,21:31,3,Dine-in,,56.0
658,2025-09-03,Dinner,21,21:00,4,Dine-in,,161.5
659,2025-09-03,Dinner,19,19:33,3,Dine-in,,67.0
660,2025-09-03,Dinner,19,19:58,2,Takeaway,,3.5
661,2025-09-03,Dinner,19,19:35,4,Takeaway,,151.5
662,2025-09-03,Dinner,21,21:13,2,Dine-in,,92.0
663,2025-09-03,Dinner,19,19:51,2,Takeaway,,51.0
664,2025-09-03,Dinner,17,17:49,2,Dine-in,,37.5
665,2025-09-03,Lunch,14,14:10,3,Dine-in,,118.5
666,2025-09-03,Lunch,12,12:31,2,Dine-in,,97.5
667,2025-09-03,Lunch,13,13:28,2,Dine-in,,69.0
668,2025-09-03,Lunch,13,13:27,2,Dine-in,,33.0
669,2025-09-03,Lunch,12,12:11,2,Dine-in,,125.0
670,2025-09-03,Lunch,13,13:36,3,Dine-in,,118.0
671,2025-09-03,Lunch,13,13:58,2,Dine-in,,117.5
672,2025-09-03,Lunch,13,13:17,4,Takeaway,,198.0
673,2025-09-03,Lunch,13,13:42,2,Dine-in,,17.0
674,2025-09-04,Dinner,17,17:55,2,Dine-in,,66.5
675,2025-09-04,Dinner,21,21:10,4,Dine-in,,262.0
676,2025-09-04,Dinner,21,21:14,2,Dine-in,,103.5
677,2025-09-04,Dinner,18,18:48,4,Takeaway,,214.5
678,2025-09-04,Dinner,20,20:02,4,Dine-in,,137.5
679,2025-09-04,Dinner,17,17:35,1,Dine-in,,51.5
680,2025-09-04,Dinner,20,20:01,4,Dine-in,,234.5
681,2025-09-04,Dinner,20,20:35,6,Dine-in,,324.0
682,2025-09-04,Dinner,19,19:15,2,Dine-in,,159.0
683,2025-09-04,Dinner,21,21:09,1,Dine-in,,20.5
684,2025-09-04,Dinner,18,18:37,2,Dine-in,,159.0
685,2025-09-04,Dinner,20,20:27,5,Dine-in,,273.5
686,2025-09-04,Dinner,18,18:19,2,Takeaway,,92.5
687,2025-09-04,Dinner,18,18:12,3,Takeaway,,41.0
688,2025-09-04,Dinner,20,20:55,5,Dine-in,,133.0
689,2025-09-04,Dinner,17,17:39,2,Takeaway,,86.5
690,2025-09-04,Dinner,19,19:34,4,Dine-in,,217.5
691,2025-09-04,Dinner,19,19:19,1,Dine-in,,18.0
692,2025-09-04,Lunch,13,13:12,2,Takeaway,,84.0
693,2025-09-04,Lunch,12,12:26,2,Takeaway,,63.5
694,2025-09-04,Lunch,13,13:45,3,Dine-in,,127.5
695,2025-09-04,Lunch,12,12:51,2,Takeaway,,58.0
696,2025-09-04,Lunch,12,12:34,4,Takeaway,,246.0
697,2025-09-04,Lunch,12,12:13,2,Dine-in,,103.5
698,2025-09-04,Lunch,13,13:03,2,Takeaway,,107.0
699,2025-09-04,Lunch,14,14:41,6,Dine-in,,533.0
700,2025-09-04,Lunch,12,12:12,3,Takeaway,,158.0
701,2025-09-05,Dinner,19,19:33,3,Takeaway,,183.0
702,2025-09-05,Dinner,20,20:20,1,Dine-in,,53.0
703,2025-09-05,Dinner,17,17:35,2,Dine-in,,124.0
704,2025-09-05,Dinner,20,20:34,2,Dine-in,,81.0
705,2025-09-05,Dinner,20,20:20,6,Takeaway,,195.5
706,2025-09-05,Dinner,19,19:31,3,Dine-in,,112.0
707,2025-09-05,Dinner,17,17:31,2,Dine-in,,23.5
708,2025-09-05,Dinner,19,19:31,5,Dine-in,,232.5
709,2025-09-05,Dinner,19,19:47,1,Dine-in,,10.5
710,2025-09-05,Dinner,21,21:23,3,Dine-in,,196.5
711,2025-09-05,Dinner,19,19:32,2,Takeaway,,56.0
712,2025-09-05,Dinner,20,20:41,2,Dine-in,,104.5
713,2025-09-05,Dinner,21,21:02,2,Dine-in,,101.5
714,2025-09-05,Dinner,19,19:32,2,Dine-in,,155.0
715,2025-09-05,Dinner,21,21:16,4,Dine-in,,100.5
716,2025-09-05,Dinner,18,18:26,2,Dine-in,,104.5
717,2025-09-05,Dinner,18,18:32,2,Dine-in,,51.5
718,2025-09-05,Dinner,20,20:48,2,Dine-in,,131.5
719,2025-09-05,Dinner,20,20:57,2,Dine-in,,117.0
720,2025-09-05,Dinner,19,19:55,2,Dine-in,,58.0
721,2025-09-05,Dinner,20,20:48,6,Dine-in,,310.0
722,2025-09-05,Dinner,19,19:47,4,Takeaway,,140.5
723,2025-09-05,Dinner,19,19:20,6,Dine-in,,326.5
724,2025-09-05,Dinner,18,18:53,3,Dine-in,,185.0
725,2025-09-05,Dinner,21,21:28,2,Dine-in,,76.0
726,2025-09-05,Late,22,22:40,1,Dine-in,,28.5
727,2025-09-05,Late,22,22:58,2,Dine-in,,85.0
728,2025-09-05,Late,22,22:09,5,Takeaway,,333.0
729,2025-09-05,Late,22,22:13,1,Dine-in,,67.5
730,2025-09-05,Lunch,12,12:27,2,Dine-in,,156.5
731,2025-09-05,Lunch,12,12:18,4,Dine-in,,81.5
732,2025-09-05,Lunch,13,13:38,3,Dine-in,,141.0
733,2025-09-05,Lunch,14,14:18,2,Dine-in,,91.0
734,2025-09-05,Lunch,14,14:24,4,Dine-in,,126.5
735,2025-09-05,Lunch,12,12:15,4,Dine-in,,253.0
736,2025-09-05,Lunch,12,12:11,4,Dine-in,,125.0
737,2025-09-05,Lunch,12,12:59,3,Dine-in,,58.5
738,2025-09-05,Lunch,13,13:47,5,Dine-in,,223.0
739,2025-09-05,Lunch,14,14:04,4,Dine-in,,172.5
740,2025-09-06,Dinner,18,18:07,1,Dine-in,,50.0
741,2025-09-06,Dinner,17,17:34,4,Dine-in,,144.5
742,2025-09-06,Dinner,18,18:28,4,Dine-in,,191.5
743,2025-09-06,Dinner,18,18:35,2,Dine-in,,78.5
744,2025-09-06,Dinner,20,20:53,2,Dine-in,,144.0
745,2025-09-06,Dinner,21,21:14,2,Dine-in,,11.0
746,2025-09-06,Dinner,19,19:47,2,Takeaway,,86.5
747,2025-09-06,Dinner,20,20:39,2,Dine-in,,118.0
748,2025-09-06,Dinner,21,21:18,1,Dine-in,,30.5
749,2025-09-06,Dinner,19,19:51,6,Dine-in,,258.0
750,2025-09-06,Dinner,20,20:46,4,Dine-in,,127.0
751,2025-09-06,Dinner,18,18:10,5,Dine-in,,227.5
752,2025-09-06,Dinner,18,18:12,5,Dine-in,,258.5
753,2025-09-06,Dinner,21,21:31,1,Dine-in,,23.5
754,2025-09-06,Dinner,20,20:20,2,Dine-in,,114.5
755,2025-09-06,Dinner,17,17:51,2,Dine-in,,81.5
756,2025-09-06,Dinner,20,20:00,4,Takeaway,,182.5
757,2025-09-06,Dinner,20,20:47,2,Dine-in,,80.5
758,2025-09-06,Dinner,19,19:27,4,Takeaway,,208.5
759,2025-09-06,Dinner,18,18:11,2,Dine-in,,69.0
760,2025-09-06,Dinner,18,18:42,2,Takeaway,,32.0
761,2025-09-06,Dinner,19,19:18,5,Dine-in,,287.5
762,2025-09-06,Dinner,19,19:42,2,Dine-in,,134.5
763,2025-09-06,Dinner,20,20:53,1,Dine-in,,36.5
764,2025-09-06,Late,22,22:11,2,Dine-in,,80.0
765,2025-09-06,Late,22,22:18,2,Dine-in,,108.5
766,2025-09-06,Late,22,22:55,2,Dine-in,,104.5
767,2025-09-06,Late,22,22:48,2,Dine-in,,57.0
768,2025-09-06,Late,22,22:29,2,Dine-in,,46.5
769,2025-09-06,Lunch,13,13:01,2,Dine-in,,62.0
770,2025-09-06,Lunch,13,13:43,2,Dine-in,,36.5
771,2025-09-06,Lunch,14,14:40,2,Dine-in,,33.0
772,2025-09-06,Lunch,12,12:55,2,Dine-in,,69.0
773,2025-09-06,Lunch,14,14:10,2,Dine-in,,53.5
774,2025-09-06,Lunch,12,12:48,2,Dine-in,,148.0
775,2025-09-06,Lunch,14,14:26,2,Takeaway,,77.5
776,2025-09-06,Lunch,13,13:47,4,Takeaway,,183.0
777,2025-09-06,Lunch,14,14:04,2,Dine-in,,60.5
778,2025-09-06,Lunch,12,12:23,3,Dine-in,,118.5
779,2025-09-06,Lunch,13,13:52,3,Dine-in,,61.0
780,2025-09-06,Lunch,12,12:30,4,Dine-in,,149.0
781,2025-09-06,Lunch,12,12:15,2,Dine-in,,117.5
782,2025-09-06,Lunch,12,12:35,2,Takeaway,,155.5
783,2025-09-06,Lunch,14,14:10,2,Dine-in,,247.5
784,2025-09-06,Lunch,12,12:11,3,Dine-in,,148.0
785,2025-09-07,Dinner,19,19:31,2,Dine-in,,87.0
786,2025-09-07,Dinner,19,19:50,5,Dine-in,,291.5
787,2025-09-07,Dinner,18,18:01,4,Dine-in,,148.0
788,2025-09-07,Dinner,18,18:01,2,Dine-in,,191.5
789,2025-09-07,Dinner,18,18:10,2,Takeaway,,103.0
790,2025-09-07,Dinner,18,18:42,4,Dine-in,,199.0
791,2025-09-07,Dinner,17,17:50,2,Dine-in,,64.5
792,2025-09-07,Dinner,20,20:13,2,Dine-in,,57.0
793,2025-09-07,Dinner,19,19:21,2,Dine-in,,99.0
794,2025-09-07,Dinner,21,21:00,2,Dine-in,,73.0
795,2025-09-07,Dinner,19,19:00,2,Dine-in,,71.0
796,2025-09-07,Dinner,18,18:18,2,Dine-in,,81.5
797,2025-09-07,Dinner,21,21:34,2,Dine-in,,130.5
798,2025-09-07,Dinner,18,18:27,2,Dine-in,,100.5
799,2025-09-07,Dinner,20,20:22,2,Dine-in,,67.5
800,2025-09-07,Dinner,18,18:25,4,Dine-in,,235.5
801,2025-09-07,Dinner,20,20:21,5,Dine-in,,284.5
802,2025-09-07,Dinner,17,17:59,2,Dine-in,,40.5
803,2025-09-07,Dinner,20,20:36,5,Dine-in,,135.5
804,2025-09-07,Dinner,18,18:21,1,Dine-in,,49.5
805,2025-09-07,Dinner,19,19:43,5,Dine-in,,104.5
806,2025-09-07,Dinner,17,17:44,1,Dine-in,,3.5
807,2025-09-07,Lunch,12,12:00,2,Dine-in,,34.0
808,2025-09-07,Lunch,14,14:15,1,Dine-in,,47.0
809,2025-09-07,Lunch,13,13:45,4,Dine-in,,158.0
810,2025-09-07,Lunch,13,13:21,3,Dine-in,,124.0
811,2025-09-07,Lunch,12,12:09,2,Dine-in,,87.5
812,2025-09-07,Lunch,13,13:55,2,Dine-in,,86.0
813,2025-09-07,Lunch,13,13:26,3,Dine-in,,104.0
814,2025-09-07,Lunch,12,12:42,2,Dine-in,,117.0
815,2025-09-07,Lunch,13,13:41,4,Dine-in,,268.5
816,2025-09-07,Lunch,12,12:06,4,Dine-in,,187.5
817,2025-09-07,Lunch,12,12:02,1,Dine-in,,67.5
818,2025-09-09,Dinner,18,18:31,2,Dine-in,,53.0
819,2025-09-09,Dinner,21,21:36,3,Dine-in,,193.5
820,2025-09-09,Dinner,20,20:21,5,Dine-in,,118.0
821,2025-09-09,Dinner,18,18:46,2,Takeaway,,100.0
822,2025-09-09,Dinner,20,20:23,1,Dine-in,,40.0
823,2025-09-09,Dinner,18,18:58,2,Takeaway,,60.5
824,2025-09-09,Dinner,18,18:24,2,Dine-in,,15.5
825,2025-09-09,Dinner,20,20:47,2,Dine-in,,97.5
826,2025-09-09,Dinner,18,18:25,4,Dine-in,,199.5
827,2025-09-09,Dinner,18,18:09,2,Takeaway,,22.0
828,2025-09-09,Dinner,20,20:38,4,Dine-in,,252.0
829,2025-09-09,Dinner,17,17:45,2,Dine-in,,41.5
830,2025-09-09,Dinner,21,21:41,2,Dine-in,,42.0
831,2025-09-09,Dinner,18,18:30,3,Dine-in,,142.0
832,2025-09-09,Dinner,17,17:33,5,Dine-in,,235.5
833,2025-09-09,Dinner,20,20:29,1,Takeaway,,53.0
834,2025-09-09,Dinner,21,21:26,2,Dine-in,,39.5
835,2025-09-09,Dinner,18,18:23,4,Dine-in,,178.5
836,2025-09-09,Lunch,12,12:54,3,Dine-in,,101.0
837,2025-09-09,Lunch,12,12:12,1,Dine-in,,50.5
838,2025-09-09,Lunch,13,13:32,1,Dine-in,,26.0
839,2025-09-09,Lunch,12,12:56,2,Dine-in,,28.5
840,2025-09-09,Lunch,13,13:29,2,Dine-in,,34.5
841,2025-09-09,Lunch,13,13:30,1,Dine-in,,65.0
842,2025-09-09,Lunch,12,12:00,2,Dine-in,,71.5
843,2025-09-09,Lunch,13,13:10,2,Takeaway,,118.0
844,2025-09-09,Lunch,14,14:05,2,Dine-in,,91.5
845,2025-09-09,Lunch,14,14:08,3,Takeaway,,138.0
846,2025-09-10,Dinner,19,19:49,6,Dine-in,,318.5
847,2025-09-10,Dinner,20,20:15,2,Takeaway,,88.0
848,2025-09-10,Dinner,19,19:39,2,Dine-in,,85.0
849,2025-09-10,Dinner,21,21:40,2,Dine-in,,29.0
850,2025-09-10,Dinner,18,18:24,2,Dine-in,,78.0
851,2025-09-10,Dinner,20,20:23,5,Dine-in,,169.0
852,2025-09-10,Dinner,18,18:26,2,Dine-in,,60.0
853,2025-09-10,Dinner,18,18:57,3,Dine-in,,170.5
854,2025-09-10,Dinner,21,21:41,3,Dine-in,,134.5
855,2025-09-10,Dinner,19,19:52,2,Takeaway,,97.5
856,2025-09-10,Dinner,18,18:57,3,Dine-in,,96.0
857,2025-09-10,Dinner,21,21:38,2,Dine-in,,102.5
858,2025-09-10,Dinner,21,21:16,3,Dine-in,,158.5
859,2025-09-10,Dinner,20,20:27,2,Dine-in,,41.5
860,2025-09-10,Dinner,21,21:25,2,Dine-in,,110.5
861,2025-09-10,Dinner,19,19:25,1,Dine-in,,93.0
862,2025-09-10,Dinner,20,20:20,2,Dine-in,,8.5
863,2025-09-10,Dinner,19,19:26,6,Dine-in,,247.0
864,2025-09-10,Dinner,20,20:59,1,Takeaway,,77.0
865,2025-09-10,Lunch,12,12:07,2,Takeaway,,151.5
866,2025-09-10,Lunch,13,13:15,1,Dine-in,,31.0
867,2025-09-10,Lunch,13,13:57,2,Dine-in,,142.0
868,2025-09-10,Lunch,12,12:44,4,Dine-in,,136.5
869,2025-09-10,Lunch,13,13:01,1,Dine-in,,44.5
870,2025-09-10,Lunch,13,13:22,2,Dine-in,,80.0
871,2025-09-10,Lunch,14,14:41,2,Dine-in,,64.5
872,2025-09-10,Lunch,13,13:05,4,Dine-in,,181.5
873,2025-09-10,Lunch,12,12:42,2,Dine-in,,66.5
874,2025-09-11,Dinner,17,17:37,6,Dine-in,,179.0
875,2025-09-11,Dinner,19,19:37,3,Dine-in,,80.0
876,2025-09-11,Dinner,17,17:43,2,Dine-in,,187.5
877,2025-09-11,Dinner,17,17:30,2,Takeaway,,24.0
878,2025-09-11,Dinner,18,18:55,2,Takeaway,,27.5
879,2025-09-11,Dinner,17,17:54,2,Dine-in,,60.0
880,2025-09-11,Dinner,21,21:03,2,Dine-in,,103.5
881,2025-09-11,Dinner,20,20:38,3,Dine-in,,124.0
882,2025-09-11,Dinner,17,17:46,1,Dine-in,,30.0
883,2025-09-11,Dinner,18,18:49,3,Dine-in,,51.0
884,2025-09-11,Dinner,21,21:42,2,Dine-in,,147.0
885,2025-09-11,Dinner,19,19:48,4,Dine-in,,112.0
886,2025-09-11,Dinner,21,21:38,1,Dine-in,,8.0
887,2025-09-11,Dinner,21,21:33,3,Takeaway,,145.0
888,2025-09-11,Dinner,18,18:23,5,Dine-in,,145.0
889,2025-09-11,Dinner,18,18:57,2,Dine-in,,65.0
890,2025-09-11,Dinner,20,20:40,2,Dine-in,,117.5
891,2025-09-11,Dinner,18,18:08,2,Dine-in,,138.0
892,2025-09-11,Dinner,20,20:25,2,Dine-in,,49.0
893,2025-09-11,Dinner,17,17:39,2,Dine-in,,117.0
894,2025-09-11,Lunch,14,14:14,4,Dine-in,,164.5
895,2025-09-11,Lunch,14,14:22,3,Dine-in,,108.5
896,2025-09-11,Lunch,12,12:08,2,Dine-in,,127.0
897,2025-09-11,Lunch,13,13:39,4,Takeaway,,168.0
898,2025-09-11,Lunch,14,14:28,4,Dine-in,,131.5
899,2025-09-11,Lunch,14,14:34,3,Dine-in,,200.0
900,2025-09-12,Dinner,20,20:43,5,Takeaway,,269.0
901,2025-09-12,Dinner,19,19:53,2,Takeaway,,57.5
902,2025-09-12,Dinner,17,17:56,2,Dine-in,,19.5
903,2025-09-12,Dinner,20,20:39,3,Dine-in,,246.0
904,2025-09-12,Dinner,21,21:23,1,Dine-in,,0.0
905,2025-09-12,Dinner,18,18:37,4,Dine-in,,127.5
906,2025-09-12,Dinner,18,18:47,2,Dine-in,,77.0
907,2025-09-12,Dinner,19,19:47,5,Dine-in,,202.0
908,2025-09-12,Dinner,19,19:41,5,Dine-in,,218.5
909,2025-09-12,Dinner,19,19:59,1,Dine-in,,41.0
910,2025-09-12,Dinner,20,20:44,4,Dine-in,,171.0
911,2025-09-12,Dinner,20,20:48,2,Dine-in,,29.5
912,2025-09-12,Dinner,18,18:01,1,Dine-in,,86.5
913,2025-09-12,Dinner,20,20:12,6,Dine-in,,220.5
914,2025-09-12,Dinner,19,19:13,2,Dine-in,,87.5
915,2025-09-12,Dinner,19,19:43,3,Dine-in,,145.5
916,2025-09-12,Dinner,18,18:04,3,Dine-in,,145.0
917,2025-09-12,Dinner,20,20:35,4,Takeaway,,155.0
918,2025-09-12,Dinner,17,17:56,3,Dine-in,,214.5
919,2025-09-12,Dinner,20,20:32,2,Takeaway,,75.5
920,2025-09-12,Dinner,20,20:45,2,Dine-in,,45.5
921,2025-09-12,Dinner,21,21:04,2,Takeaway,,59.0
922,2025-09-12,Dinner,18,18:32,2,Dine-in,,170.5
923,2025-09-12,Dinner,20,20:37,2,Dine-in,,78.0
924,2025-09-12,Dinner,17,17:37,3,Dine-in,,62.5
925,2025-09-12,Dinner,21,21:13,3,Dine-in,,173.0
926,2025-09-12,Late,22,22:33,4,Dine-in,,114.0
927,2025-09-12,Late,22,22:08,2,Takeaway,,129.0
928,2025-09-12,Late,22,22:25,2,Takeaway,,92.5
929,2025-09-12,Late,22,22:58,2,Dine-in,,141.5
930,2025-09-12,Lunch,13,13:18,3,Takeaway,,103.5
931,2025-09-12,Lunch,12,12:53,2,Takeaway,,57.0
932,2025-09-12,Lunch,14,14:21,2,Dine-in,,66.0
933,2025-09-12,Lunch,14,14:09,4,Dine-in,,180.0
934,2025-09-12,Lunch,14,14:04,2,Dine-in,,93.0
935,2025-09-12,Lunch,14,14:04,5,Dine-in,,538.0
936,2025-09-12,Lunch,13,13:18,3,Takeaway,,132.5
937,2025-09-12,Lunch,14,14:24,2,Dine-in,,57.5
938,2025-09-12,Lunch,13,13:54,5,Dine-in,,271.5
939,2025-09-12,Lunch,13,13:21,2,Dine-in,,58.5
940,2025-09-12,Lunch,12,12:55,2,Dine-in,,121.5
941,2025-09-12,Lunch,12,12:03,1,Dine-in,,82.0
942,2025-09-13,Dinner,20,20:40,6,Dine-in,,280.0
943,2025-09-13,Dinner,18,18:03,2,Dine-in,,161.0
944,2025-09-13,Dinner,20,20:46,2,Dine-in,,88.0
945,2025-09-13,Dinner,20,20:02,2,Dine-in,,83.5
946,2025-09-13,Dinner,20,20:00,4,Dine-in,,121.0
947,2025-09-13,Dinner,19,19:01,2,Dine-in,,64.5
948,2025-09-13,Dinner,21,21:21,6,Dine-in,,183.0
949,2025-09-13,Dinner,18,18:38,2,Dine-in,,81.5
950,2025-09-13,Dinner,21,21:24,4,Dine-in,,223.0
951,2025-09-13,Dinner,17,17:44,2,Dine-in,,116.0
952,2025-09-13,Dinner,19,19:29,6,Dine-in,,194.0
953,2025-09-13,Dinner,21,21:01,2,Dine-in,,132.5
954,2025-09-13,Dinner,19,19:11,2,Dine-in,,18.0
955,2025-09-13,Dinner,20,20:39,3,Dine-in,,175.5
956,2025-09-13,Dinner,18,18:24,4,Dine-in,,139.5
957,2025-09-13,Dinner,20,20:28,3,Dine-in,,131.0
958,2025-09-13,Dinner,18,18:38,2,Dine-in,,99.0
959,2025-09-13,Dinner,19,19:31,2,Takeaway,,66.0
960,2025-09-13,Dinner,17,17:44,2,Dine-in,,84.5
961,2025-09-13,Dinner,21,21:34,2,Dine-in,,36.5
962,2025-09-13,Dinner,20,20:30,2,Dine-in,,63.0
963,2025-09-13,Dinner,21,21:44,2,Dine-in,,39.0
964,2025-09-13,Dinner,17,17:48,2,Dine-in,,70.0
965,2025-09-13,Dinner,18,18:53,1,Dine-in,,16.5
966,2025-09-13,Dinner,19,19:19,3,Dine-in,,102.0
967,2025-09-13,Dinner,17,17:50,2,Dine-in,,55.0
968,2025-09-13,Dinner,20,20:14,3,Dine-in,,187.0
969,2025-09-13,Dinner,21,21:14,1,Dine-in,,104.0
970,2025-09-13,Late,22,22:51,1,Dine-in,,70.0
971,2025-09-13,Late,22,22:27,2,Dine-in,,55.0
972,2025-09-13,Late,22,22:11,3,Takeaway,,87.0
973,2025-09-13,Late,22,22:35,1,Dine-in,,14.5
974,2025-09-13,Late,23,23:08,2,Dine-in,,43.0
975,2025-09-13,Late,22,22:50,1,Dine-in,,18.0
976,2025-09-13,Lunch,14,14:30,3,Dine-in,,156.5
977,2025-09-13,Lunch,12,12:09,3,Takeaway,,112.5
978,2025-09-13,Lunch,13,13:46,3,Dine-in,,99.0
979,2025-09-13,Lunch,14,14:36,6,Dine-in,,139.0
980,2025-09-13,Lunch,12,12:27,4,Dine-in,,235.5
981,2025-09-13,Lunch,14,14:17,2,Dine-in,,123.0
982,2025-09-13,Lunch,14,14:20,2,Takeaway,,87.5
983,2025-09-13,Lunch,13,13:38,4,Dine-in,,184.5
984,2025-09-13,Lunch,12,12:57,2,Dine-in,,87.5
985,2025-09-13,Lunch,13,13:37,2,Dine-in,,70.0
986,2025-09-13,Lunch,13,13:04,1,Dine-in,,13.0
987,2025-09-13,Lunch,14,14:27,4,Dine-in,,179.0
988,2025-09-13,Lunch,13,13:08,3,Dine-in,,134.5
989,2025-09-14,Dinner,19,19:05,5,Dine-in,,257.5
990,2025-09-14,Dinner,20,20:27,5,Dine-in,,163.0
991,2025-09-14,Dinner,18,18:10,5,Dine-in,,323.5
992,2025-09-14,Dinner,21,21:18,2,Dine-in,,78.0
993,2025-09-14,Dinner,18,18:25,2,Dine-in,,74.0
994,2025-09-14,Dinner,18,18:23,6,Dine-in,,392.5
995,2025-09-14,Dinner,18,18:40,4,Dine-in,,89.0
996,2025-09-14,Dinner,19,19:26,2,Dine-in,,19.5
997,2025-09-14,Dinner,18,18:10,3,Takeaway,,176.0
998,2025-09-14,Dinner,20,20:00,4,Dine-in,,168.5
999,2025-09-14,Dinner,20,20:57,5,Dine-in,,171.5
1000,2025-09-14,Dinner,21,21:27,3,Dine-in,,77.5
1001,2025-09-14,Dinner,20,20:09,4,Dine-in,,143.0
1002,2025-09-14,Dinner,18,18:23,2,Dine-in,,167.0
1003,2025-09-14,Dinner,21,21:20,2,Dine-in,,42.5
1004,2025-09-14,Dinner,20,20:29,4,Dine-in,,106.0
1005,2025-09-14,Dinner,18,18:12,5,Dine-in,,204.0
1006,2025-09-14,Lunch,12,12:50,4,Dine-in,,205.5
1007,2025-09-14,Lunch,13,13:24,2,Dine-in,,144.5
1008,2025-09-14,Lunch,14,14:35,2,Takeaway,,97.5
1009,2025-09-14,Lunch,13,13:40,4,Dine-in,,172.0
1010,2025-09-14,Lunch,13,13:20,4,Dine-in,,148.0
1011,2025-09-14,Lunch,13,13:58,1,Dine-in,,54.5
1012,2025-09-14,Lunch,14,14:33,2,Dine-in,,92.5
1013,2025-09-14,Lunch,13,13:51,2,Dine-in,,97.5
1014,2025-09-14,Lunch,14,14:12,4,Dine-in,,165.0
1015,2025-09-14,Lunch,12,12:15,1,Dine-in,,57.0
1016,2025-09-14,Lunch,13,13:59,3,Dine-in,,105.0
1017,2025-09-14,Lunch,14,14:14,1,Dine-in,,90.0
1018,2025-09-14,Lunch,12,12:02,2,Takeaway,,63.5
1019,2025-09-16,Dinner,21,21:38,2,Takeaway,,89.5
1020,2025-09-16,Dinner,19,19:16,5,Takeaway,,262.0
1021,2025-09-16,Dinner,18,18:47,1,Dine-in,,36.0
1022,2025-09-16,Dinner,18,18:41,1,Dine-in,,21.0
1023,2025-09-16,Dinner,19,19:05,2,Dine-in,,139.0
1024,2025-09-16,Dinner,20,20:24,4,Dine-in,,100.0
1025,2025-09-16,Dinner,19,19:38,4,Dine-in,,176.0
1026,2025-09-16,Dinner,19,19:07,2,Dine-in,,79.0
1027,2025-09-16,Dinner,18,18:29,3,Dine-in,,108.0
1028,2025-09-16,Dinner,17,17:39,3,Dine-in,,109.0
1029,2025-09-16,Dinner,20,20:34,2,Dine-in,,92.0
1030,2025-09-16,Dinner,21,21:12,5,Dine-in,,343.0
1031,2025-09-16,Dinner,17,17:38,3,Dine-in,,79.5
1032,2025-09-16,Lunch,12,12:15,3,Dine-in,,137.0
1033,2025-09-16,Lunch,12,12:14,2,Takeaway,,16.0
1034,2025-09-16,Lunch,13,13:43,2,Dine-in,,95.5
1035,2025-09-16,Lunch,12,12:24,2,Dine-in,,127.0
1036,2025-09-16,Lunch,13,13:44,6,Dine-in,,305.5
1037,2025-09-16,Lunch,13,13:49,2,Dine-in,,40.0
1038,2025-09-17,Dinner,20,20:00,2,Takeaway,,137.5
1039,2025-09-17,Dinner,18,18:34,4,Dine-in,,105.5
1040,2025-09-17,Dinner,21,21:34,4,Dine-in,,137.5
1041,2025-09-17,Dinner,20,20:50,6,Dine-in,,151.0
1042,2025-09-17,Dinner,19,19:49,2,Dine-in,,110.0
1043,2025-09-17,Dinner,21,21:05,3,Dine-in,,170.0
1044,2025-09-17,Dinner,18,18:11,5,Dine-in,,93.0
1045,2025-09-17,Dinner,18,18:58,4,Dine-in,,230.0
1046,2025-09-17,Dinner,21,21:11,3,Dine-in,,110.0
1047,2025-09-17,Dinner,19,19:41,4,Dine-in,,261.0
1048,2025-09-17,Dinner,19,19:11,2,Dine-in,,67.5
1049,2025-09-17,Dinner,17,17:47,6,Dine-in,,291.5
1050,2025-09-17,Dinner,20,20:12,4,Dine-in,,150.5
1051,2025-09-17,Lunch,12,12:03,2,Dine-in,,33.5
1052,2025-09-17,Lunch,13,13:40,4,Dine-in,,265.5
1053,2025-09-17,Lunch,12,12:41,3,Dine-in,,105.0
1054,2025-09-17,Lunch,13,13:51,2,Dine-in,,80.0
1055,2025-09-17,Lunch,13,13:22,4,Dine-in,,114.0
1056,2025-09-17,Lunch,13,13:15,5,Dine-in,,234.0
1057,2025-09-18,Dinner,17,17:49,3,Dine-in,,111.0
1058,2025-09-18,Dinner,18,18:07,1,Dine-in,,39.0
1059,2025-09-18,Dinner,17,17:53,3,Dine-in,,127.0
1060,2025-09-18,Dinner,21,21:42,5,Dine-in,,244.5
1061,2025-09-18,Dinner,18,18:23,3,Takeaway,,155.0
1062,2025-09-18,Dinner,20,20:53,2,Dine-in,,132.5
1063,2025-09-18,Dinner,21,21:34,4,Dine-in,,202.5
1064,2025-09-18,Dinner,21,21:37,2,Dine-in,,152.0
1065,2025-09-18,Dinner,18,18:21,2,Dine-in,,121.5
1066,2025-09-18,Dinner,17,17:31,3,Takeaway,,176.5
1067,2025-09-18,Dinner,20,20:16,2,Dine-in,,51.0
1068,2025-09-18,Dinner,19,19:17,1,Takeaway,,65.0
1069,2025-09-18,Dinner,18,18:29,1,Dine-in,,25.0
1070,2025-09-18,Dinner,20,20:28,4,Dine-in,,150.0
1071,2025-09-18,Dinner,21,21:22,4,Takeaway,,189.0
1072,2025-09-18,Dinner,18,18:45,3,Dine-in,,155.0
1073,2025-09-18,Dinner,20,20:53,3,Dine-in,,188.0
1074,2025-09-18,Dinner,20,20:09,4,Dine-in,,192.0
1075,2025-09-18,Dinner,19,19:46,3,Dine-in,,124.0
1076,2025-09-18,Dinner,19,19:57,3,Dine-in,,25.0
1077,2025-09-18,Lunch,14,14:38,5,Dine-in,,163.0
1078,2025-09-18,Lunch,13,13:14,5,Dine-in,,260.5
1079,2025-09-18,Lunch,13,13:02,2,Dine-in,,37.0
1080,2025-09-18,Lunch,12,12:28,2,Dine-in,,93.5
1081,2025-09-18,Lunch,12,12:36,5,Dine-in,,168.0
1082,2025-09-18,Lunch,13,13:20,2,Dine-in,,132.0
1083,2025-09-18,Lunch,14,14:08,3,Dine-in,,98.5
1084,2025-09-18,Lunch,13,13:10,1,Dine-in,,0.0
1085,2025-09-19,Dinner,18,18:54,3,Dine-in,,74.0
1086,2025-09-19,Dinner,18,18:48,2,Dine-in,,81.0
1087,2025-09-19,Dinner,18,18:55,4,Dine-in,,162.0
1088,2025-09-19,Dinner,21,21:14,4,Takeaway,,131.0
1089,2025-09-19,Dinner,20,20:14,4,Dine-in,,197.0
1090,2025-09-19,Dinner,19,19:56,2,Dine-in,,77.5
1091,2025-09-19,Dinner,17,17:38,4,Dine-in,,222.5
1092,2025-09-19,Dinner,19,19:46,2,Dine-in,,119.0
1093,2025-09-19,Dinner,19,19:28,1,Dine-in,,22.0
1094,2025-09-19,Dinner,18,18:18,6,Dine-in,,116.5
1095,2025-09-19,Dinner,19,19:11,1,Dine-in,,30.0
1096,2025-09-19,Dinner,18,18:37,4,Dine-in,,201.0
1097,2025-09-19,Dinner,20,20:59,3,Dine-in,,178.0
1098,2025-09-19,Dinner,20,20:13,2,Dine-in,,51.5
1099,2025-09-19,Dinner,19,19:10,4,Takeaway,,228.0
1100,2025-09-19,Dinner,21,21:29,2,Dine-in,,186.5
1101,2025-09-19,Dinner,18,18:25,2,Dine-in,,86.0
1102,2025-09-19,Dinner,18,18:07,4,Dine-in,,170.0
1103,2025-09-19,Dinner,19,19:33,2,Dine-in,,45.5
1104,2025-09-19,Dinner,20,20:41,3,Dine-in,,120.5
1105,2025-09-19,Dinner,20,20:04,3,Takeaway,,109.0
1106,2025-09-19,Dinner,21,21:19,4,Dine-in,,249.5
1107,2025-09-19,Dinner,21,21:02,2,Dine-in,,72.0
1108,2025-09-19,Dinner,20,20:15,2,Takeaway,,58.0
1109,2025-09-19,Dinner,19,19:36,1,Dine-in,,95.0
1110,2025-09-19,Late,23,23:11,1,Dine-in,,34.0
1111,2025-09-19,Late,22,22:09,2,Takeaway,,156.0
1112,2025-09-19,Late,22,22:12,3,Dine-in,,60.0
1113,2025-09-19,Late,22,22:38,4,Dine-in,,68.0
1114,2025-09-19,Lunch,12,12:07,5,Dine-in,,256.0
1115,2025-09-19,Lunch,13,13:24,2,Dine-in,,66.0
1116,2025-09-19,Lunch,12,12:42,2,Dine-in,,62.5
1117,2025-09-19,Lunch,13,13:05,4,Dine-in,,296.5
1118,2025-09-19,Lunch,13,13:56,2,Dine-in,,108.0
1119,2025-09-19,Lunch,12,12:12,2,Dine-in,,119.0
1120,2025-09-19,Lunch,12,12:15,2,Dine-in,,110.5
1121,2025-09-19,Lunch,14,14:40,2,Takeaway,,99.0
1122,2025-09-19,Lunch,14,14:08,2,Dine-in,,65.5
1123,2025-09-19,Lunch,14,14:21,3,Dine-in,,156.5
1124,2025-09-19,Lunch,12,12:12,2,Dine-in,,61.5
1125,2025-09-19,Lunch,12,12:26,2,Dine-in,,154.0
1126,2025-09-19,Lunch,12,12:24,1,Dine-in,,43.0
1127,2025-09-20,Dinner,18,18:12,2,Dine-in,,222.5
1128,2025-09-20,Dinner,21,21:07,4,Takeaway,,169.5
1129,2025-09-20,Dinner,19,19:34,2,Dine-in,,124.5
1130,2025-09-20,Dinner,19,19:46,2,Dine-in,,64.0
1131,2025-09-20,Dinner,20,20:13,5,Dine-in,,186.5
1132,2025-09-20,Dinner,18,18:58,2,Dine-in,,104.5
1133,2025-09-20,Dinner,18,18:25,3,Dine-in,,198.0
1134,2025-09-20,Dinner,18,18:03,2,Dine-in,,157.5
1135,2025-09-20,Dinner,20,20:35,3,Dine-in,,201.0
1136,2025-09-20,Dinner,19,19:44,1,Dine-in,,0.0
1137,2025-09-20,Dinner,19,19:24,4,Dine-in,,108.5
1138,2025-09-20,Dinner,18,18:16,2,Dine-in,,119.0
1139,2025-09-20,Dinner,18,18:15,4,Takeaway,,216.0
1140,2025-09-20,Dinner,21,21:39,2,Dine-in,,47.0
1141,2025-09-20,Dinner,21,21:34,2,Dine-in,,111.5
1142,2025-09-20,Dinner,18,18:47,2,Takeaway,,78.5
1143,2025-09-20,Dinner,19,19:53,1,Dine-in,,48.0
1144,2025-09-20,Dinner,20,20:25,2,Dine-in,,43.5
1145,2025-09-20,Dinner,20,20:54,4,Dine-in,,186.5
1146,2025-09-20,Dinner,20,20:00,2,Dine-in,,79.0
1147,2025-09-20,Dinner,19,19:06,5,Dine-in,,131.0
1148,2025-09-20,Dinner,19,19:14,1,Dine-in,,59.0
1149,2025-09-20,Dinner,20,20:04,2,Dine-in,,44.0
1150,2025-09-20,Dinner,21,21:08,2,Dine-in,,123.0
1151,2025-09-20,Dinner,21,21:00,1,Dine-in,,23.5
1152,2025-09-20,Dinner,20,20:19,2,Dine-in,,94.0
1153,2025-09-20,Dinner,17,17:33,3,Dine-in,,200.5
1154,2025-09-20,Dinner,18,18:29,2,Dine-in,,42.0
1155,2025-09-20,Dinner,20,20:10,5,Dine-in,,274.5
1156,2025-09-20,Dinner,20,20:44,1,Dine-in,,44.5
1157,2025-09-20,Dinner,18,18:25,2,Dine-in,,38.5
1158,2025-09-20,Dinner,19,19:20,3,Dine-in,,277.0
1159,2025-09-20,Dinner,18,18:10,2,Dine-in,,55.5
1160,2025-09-20,Dinner,19,19:49,1,Dine-in,,13.5
1161,2025-09-20,Late,22,22:17,2,Dine-in,,171.0
1162,2025-09-20,Late,22,22:53,2,Dine-in,,71.5
1163,2025-09-20,Late,22,22:11,3,Dine-in,,85.5
1164,2025-09-20,Late,23,23:02,2,Dine-in,,45.0
1165,2025-09-20,Lunch,14,14:42,2,Dine-in,,109.5
1166,2025-09-20,Lunch,14,14:07,2,Dine-in,,73.5
1167,2025-09-20,Lunch,12,12:29,3,Dine-in,,101.0
1168,2025-09-20,Lunch,14,14:40,6,Dine-in,,301.0
1169,2025-09-20,Lunch,12,12:26,2,Dine-in,,45.5
1170,2025-09-20,Lunch,13,13:36,2,Dine-in,,112.5
1171,2025-09-20,Lunch,12,12:29,2,Dine-in,,50.5
1172,2025-09-20,Lunch,12,12:51,5,Dine-in,,170.5
1173,2025-09-20,Lunch,12,12:38,4,Dine-in,,162.5
1174,2025-09-20,Lunch,14,14:04,5,Dine-in,,242.5
1175,2025-09-20,Lunch,14,14:03,2,Takeaway,,153.0
1176,2025-09-21,Dinner,20,20:56,6,Dine-in,,146.5
1177,2025-09-21,Dinner,21,21:19,2,Dine-in,,98.0
1178,2025-09-21,Dinner,17,17:42,2,Dine-in,,100.5
1179,2025-09-21,Dinner,18,18:57,2,Takeaway,,155.5
1180,2025-09-21,Dinner,19,19:15,1,Dine-in,,43.0
1181,2025-09-21,Dinner,19,19:56,4,Dine-in,,175.5
1182,2025-09-21,Dinner,17,17:46,2,Dine-in,,67.0
1183,2025-09-21,Dinner,20,20:20,2,Dine-in,,104.5
1184,2025-09-21,Dinner,19,19:05,4,Dine-in,,233.5
1185,2025-09-21,Dinner,21,21:18,2,Dine-in,,116.5
1186,2025-09-21,Dinner,20,20:20,2,Takeaway,,64.5
1187,2025-09-21,Dinner,21,21:21,2,Dine-in,,100.0
1188,2025-09-21,Dinner,19,19:18,1,Dine-in,,13.5
1189,2025-09-21,Dinner,18,18:07,3,Dine-in,,207.0
1190,2025-09-21,Dinner,20,20:03,2,Dine-in,,79.0
1191,2025-09-21,Dinner,20,20:48,4,Dine-in,,90.5
1192,2025-09-21,Dinner,19,19:40,2,Takeaway,,79.0
1193,2025-09-21,Dinner,18,18:42,4,Dine-in,,129.5
1194,2025-09-21,Dinner,19,19:28,2,Dine-in,,109.0
1195,2025-09-21,Dinner,17,17:40,2,Dine-in,,72.0
1196,2025-09-21,Dinner,19,19:00,2,Dine-in,,62.5
1197,2025-09-21,Dinner,18,18:58,1,Dine-in,,13.0
1198,2025-09-21,Dinner,21,21:09,6,Dine-in,,270.0
1199,2025-09-21,Dinner,20,20:38,2,Dine-in,,128.5
1200,2025-09-21,Lunch,12,12:11,2,Dine-in,,160.0
1201,2025-09-21,Lunch,12,12:05,3,Dine-in,,129.5
1202,2025-09-21,Lunch,12,12:54,2,Dine-in,,110.0
1203,2025-09-21,Lunch,12,12:26,3,Dine-in,,152.5
1204,2025-09-21,Lunch,12,12:17,3,Dine-in,,73.0
1205,2025-09-21,Lunch,14,14:32,2,Dine-in,,57.5
1206,2025-09-21,Lunch,13,13:20,2,Dine-in,,14.5
1207,2025-09-21,Lunch,13,13:01,3,Dine-in,,167.5
1208,2025-09-21,Lunch,12,12:00,4,Dine-in,,189.5
1209,2025-09-21,Lunch,12,12:54,2,Dine-in,,67.5
1210,2025-09-21,Lunch,13,13:17,3,Dine-in,,92.5
1211,2025-09-23,Dinner,18,18:09,2,Dine-in,,102.0
1212,2025-09-23,Dinner,20,20:11,2,Takeaway,,38.5
1213,2025-09-23,Dinner,21,21:16,2,Dine-in,,52.5
1214,2025-09-23,Dinner,20,20:41,2,Dine-in,,50.5
1215,2025-09-23,Dinner,17,17:54,4,Dine-in,,183.0
1216,2025-09-23,Dinner,19,19:47,2,Takeaway,,100.5
1217,2025-09-23,Dinner,20,20:56,3,Dine-in,,137.0
1218,2025-09-23,Dinner,18,18:07,5,Dine-in,,181.0
1219,2025-09-23,Dinner,19,19:08,2,Dine-in,,37.0
1220,2025-09-23,Dinner,20,20:14,1,Takeaway,,5.5
1221,2025-09-23,Dinner,21,21:35,2,Dine-in,,91.5
1222,2025-09-23,Dinner,20,20:05,5,Dine-in,,363.0
1223,2025-09-23,Dinner,20,20:02,5,Dine-in,,157.0
1224,2025-09-23,Dinner,19,19:09,2,Dine-in,,138.0
1225,2025-09-23,Dinner,19,19:06,2,Takeaway,,83.0
1226,2025-09-23,Dinner,19,19:16,3,Dine-in,,117.5
1227,2025-09-23,Lunch,14,14:41,1,Takeaway,,27.0
1228,2025-09-23,Lunch,13,13:48,4,Dine-in,,75.5
1229,2025-09-23,Lunch,14,14:16,2,Dine-in,,110.5
1230,2025-09-23,Lunch,14,14:04,2,Dine-in,,133.0
1231,2025-09-23,Lunch,13,13:33,2,Dine-in,,80.0
1232,2025-09-23,Lunch,12,12:14,2,Dine-in,,50.5
1233,2025-09-23,Lunch,13,13:42,2,Dine-in,,47.0
1234,2025-09-23,Lunch,14,14:22,2,Takeaway,,36.0
1235,2025-09-24,Dinner,19,19:10,4,Dine-in,,267.0
1236,2025-09-24,Dinner,18,18:46,2,Dine-in,,101.0
1237,2025-09-24,Dinner,21,21:40,4,Dine-in,,125.0
1238,2025-09-24,Dinner,21,21:36,2,Takeaway,,120.0
1239,2025-09-24,Dinner,17,17:39,3,Dine-in,,88.5
1240,2025-09-24,Dinner,19,19:43,2,Dine-in,,111.5
1241,2025-09-24,Dinner,21,21:26,4,Dine-in,,88.5
1242,2025-09-24,Dinner,18,18:33,3,Dine-in,,121.0
1243,2025-09-24,Dinner,20,20:09,2,Dine-in,,42.5
1244,2025-09-24,Dinner,18,18:34,2,Dine-in,,178.0
1245,2025-09-24,Dinner,21,21:12,1,Dine-in,,57.5
1246,2025-09-24,Dinner,18,18:59,2,Dine-in,,64.0
1247,2025-09-24,Dinner,18,18:40,3,Dine-in,,161.5
1248,2025-09-24,Dinner,17,17:41,2,Dine-in,,106.5
1249,2025-09-24,Dinner,17,17:47,4,Dine-in,,125.5
1250,2025-09-24,Dinner,19,19:57,1,Dine-in,,11.5
1251,2025-09-24,Dinner,19,19:39,4,Dine-in,,172.5
1252,2025-09-24,Dinner,19,19:10,2,Takeaway,,69.0
1253,2025-09-24,Lunch,13,13:57,2,Dine-in,,97.0
1254,2025-09-24,Lunch,13,13:03,2,Dine-in,,97.0
1255,2025-09-24,Lunch,14,14:17,2,Takeaway,,76.5
1256,2025-09-24,Lunch,13,13:31,5,Takeaway,,115.5
1257,2025-09-24,Lunch,14,14:25,4,Dine-in,,238.5
1258,2025-09-24,Lunch,14,14:38,2,Takeaway,,53.0
1259,2025-09-24,Lunch,13,13:35,4,Dine-in,,127.0
1260,2025-09-25,Dinner,21,21:16,2,Dine-in,,107.5
1261,2025-09-25,Dinner,19,19:50,5,Dine-in,,321.5
1262,2025-09-25,Dinner,18,18:05,2,Dine-in,,86.0
1263,2025-09-25,Dinner,21,21:24,6,Dine-in,,396.5
1264,2025-09-25,Dinner,20,20:53,1,Dine-in,,5.5
1265,2025-09-25,Dinner,21,21:21,1,Dine-in,,22.0
1266,2025-09-25,Dinner,20,20:49,2,Dine-in,,66.5
1267,2025-09-25,Dinner,19,19:59,3,Dine-in,,107.0
1268,2025-09-25,Dinner,19,19:40,5,Dine-in,,301.0
1269,2025-09-25,Dinner,19,19:55,1,Dine-in,,109.0
1270,2025-09-25,Dinner,18,18:55,5,Dine-in,,217.5
1271,2025-09-25,Dinner,19,19:18,3,Dine-in,,93.5
1272,2025-09-25,Dinner,21,21:22,3,Dine-in,,192.0
1273,2025-09-25,Dinner,20,20:15,2,Dine-in,,126.5
1274,2025-09-25,Dinner,17,17:57,2,Dine-in,,39.0
1275,2025-09-25,Dinner,18,18:56,2,Dine-in,,116.5
1276,2025-09-25,Dinner,19,19:51,6,Dine-in,,310.0
1277,2025-09-25,Dinner,19,19:14,4,Dine-in,,211.0
1278,2025-09-25,Lunch,12,12:58,3,Dine-in,,70.5
1279,2025-09-25,Lunch,14,14:25,2,Takeaway,,44.0
1280,2025-09-25,Lunch,12,12:06,4,Dine-in,,259.0
1281,2025-09-25,Lunch,13,13:40,2,Dine-in,,101.0
1282,2025-09-25,Lunch,12,12:15,4,Takeaway,,102.0
1283,2025-09-25,Lunch,13,13:34,2,Takeaway,,29.0
1284,2025-09-25,Lunch,12,12:08,4,Dine-in,,126.0
1285,2025-09-25,Lunch,12,12:16,4,Dine-in,,159.0
1286,2025-09-26,Dinner,20,20:41,2,Dine-in,,130.0
1287,2025-09-26,Dinner,20,20:28,3,Dine-in,,96.5
1288,2025-09-26,Dinner,20,20:34,3,Dine-in,,111.5
1289,2025-09-26,Dinner,20,20:19,2,Dine-in,,105.0
1290,2025-09-26,Dinner,19,19:39,2,Dine-in,,47.0
1291,2025-09-26,Dinner,19,19:52,2,Dine-in,,100.0
1292,2025-09-26,Dinner,17,17:42,6,Dine-in,,332.5
1293,2025-09-26,Dinner,20,20:18,2,Dine-in,,82.5
1294,2025-09-26,Dinner,19,19:26,2,Dine-in,,65.0
1295,2025-09-26,Dinner,20,20:32,1,Dine-in,,21.5
1296,2025-09-26,Dinner,18,18:10,3,Takeaway,,196.0
1297,2025-09-26,Dinner,19,19:44,5,Dine-in,,255.5
1298,2025-09-26,Dinner,20,20:02,3,Takeaway,,178.0
1299,2025-09-26,Dinner,18,18:12,2,Dine-in,,96.5
1300,2025-09-26,Dinner,19,19:05,4,Dine-in,,193.5
1301,2025-09-26,Dinner,21,21:28,2,Takeaway,,74.0
1302,2025-09-26,Dinner,21,21:03,2,Dine-in,,62.5
1303,2025-09-26,Dinner,17,17:58,4,Dine-in,,77.0
1304,2025-09-26,Dinner,21,21:16,1,Takeaway,,85.5
1305,2025-09-26,Dinner,20,20:24,2,Dine-in,,35.0
1306,2025-09-26,Dinner,18,18:19,2,Dine-in,,50.5
1307,2025-09-26,Dinner,19,19:48,2,Dine-in,,39.5
1308,2025-09-26,Dinner,20,20:25,3,Dine-in,,101.0
1309,2025-09-26,Dinner,21,21:07,5,Takeaway,,170.5
1310,2025-09-26,Dinner,20,20:36,4,Takeaway,,123.0
1311,2025-09-26,Dinner,18,18:44,1,Dine-in,,136.0
1312,2025-09-26,Late,23,23:08,6,Dine-in,,249.0
1313,2025-09-26,Late,22,22:52,3,Takeaway,,172.5
1314,2025-09-26,Lunch,13,13:56,2,Dine-in,,139.0
1315,2025-09-26,Lunch,12,12:50,3,Dine-in,,206.0
1316,2025-09-26,Lunch,14,14:27,2,Dine-in,,126.0
1317,2025-09-26,Lunch,12,12:38,2,Dine-in,,8.0
1318,2025-09-26,Lunch,14,14:13,4,Dine-in,,192.5
1319,2025-09-26,Lunch,14,14:25,3,Dine-in,,184.5
1320,2025-09-26,Lunch,12,12:33,1,Dine-in,,32.5
1321,2025-09-26,Lunch,13,13:39,4,Dine-in,,279.5
1322,2025-09-26,Lunch,14,14:13,3,Dine-in,,136.0
1323,2025-09-26,Lunch,12,12:38,2,Dine-in,,28.0
1324,2025-09-26,Lunch,13,13:20,4,Dine-in,,137.0
1325,2025-09-26,Lunch,13,13:11,1,Dine-in,,36.0
1326,2025-09-26,Lunch,12,12:45,2,Dine-in,,50.5
1327,2025-09-26,Lunch,14,14:29,2,Dine-in,,39.0
1328,2025-09-27,Dinner,17,17:53,5,Dine-in,,206.5
1329,2025-09-27,Dinner,18,18:11,5,Dine-in,,211.5
1330,2025-09-27,Dinner,17,17:38,2,Dine-in,,38.5
1331,2025-09-27,Dinner,21,21:39,2,Dine-in,,57.0
1332,2025-09-27,Dinner,19,19:20,2,Dine-in,,59.0
1333,2025-09-27,Dinner,18,18:35,4,Dine-in,,124.0
1334,2025-09-27,Dinner,19,19:09,1,Dine-in,,34.0
1335,2025-09-27,Dinner,19,19:35,4,Dine-in,,238.5
1336,2025-09-27,Dinner,20,20:57,4,Dine-in,,280.0
1337,2025-09-27,Dinner,20,20:09,3,Dine-in,,178.5
1338,2025-09-27,Dinner,21,21:17,2,Dine-in,,108.5
1339,2025-09-27,Dinner,21,21:43,2,Dine-in,,90.5
1340,2025-09-27,Dinner,17,17:55,3,Dine-in,,82.0
1341,2025-09-27,Dinner,21,21:43,1,Dine-in,,25.0
1342,2025-09-27,Dinner,18,18:04,2,Dine-in,,64.5
1343,2025-09-27,Dinner,18,18:17,2,Takeaway,,114.5
1344,2025-09-27,Dinner,18,18:05,1,Dine-in,,24.0
1345,2025-09-27,Dinner,20,20:35,2,Dine-in,,98.0
1346,2025-09-27,Dinner,19,19:56,3,Takeaway,,72.5
1347,2025-09-27,Dinner,21,21:27,2,Takeaway,,87.0
1348,2025-09-27,Dinner,20,20:53,2,Takeaway,,73.0
1349,2025-09-27,Dinner,19,19:50,2,Dine-in,,101.5
1350,2025-09-27,Dinner,20,20:11,2,Dine-in,,41.5
1351,2025-09-27,Dinner,19,19:16,5,Dine-in,,252.0
1352,2025-09-27,Dinner,20,20:21,3,Dine-in,,40.5
1353,2025-09-27,Late,22,22:22,5,Dine-in,,312.5
1354,2025-09-27,Late,23,23:14,3,Dine-in,,82.0
1355,2025-09-27,Late,22,22:27,1,Dine-in,,41.0
1356,2025-09-27,Lunch,13,13:25,4,Takeaway,,86.5
1357,2025-09-27,Lunch,12,12:37,2,Dine-in,,79.0
1358,2025-09-27,Lunch,13,13:35,2,Dine-in,,77.5
1359,2025-09-27,Lunch,14,14:23,1,Takeaway,,30.0
1360,2025-09-27,Lunch,12,12:25,4,Dine-in,,207.0
1361,2025-09-27,Lunch,13,13:17,2,Dine-in,,73.0
1362,2025-09-27,Lunch,13,13:33,3,Dine-in,,83.0
1363,2025-09-27,Lunch,13,13:29,1,Dine-in,,16.0
1364,2025-09-27,Lunch,12,12:03,5,Dine-in,,143.0
1365,2025-09-27,Lunch,14,14:15,4,Dine-in,,128.0
1366,2025-09-27,Lunch,13,13:54,3,Takeaway,,96.0
1367,2025-09-27,Lunch,14,14:08,4,Dine-in,,213.5
1368,2025-09-27,Lunch,14,14:27,1,Dine-in,,61.0
1369,2025-09-28,Dinner,18,18:33,2,Dine-in,,144.5
1370,2025-09-28,Dinner,19,19:37,2,Dine-in,,87.5
1371,2025-09-28,Dinner,21,21:40,2,Dine-in,,117.5
1372,2025-09-28,Dinner,18,18:10,2,Dine-in,,16.0
1373,2025-09-28,Dinner,19,19:37,2,Dine-in,,202.5
1374,2025-09-28,Dinner,19,19:28,1,Dine-in,,30.5
1375,2025-09-28,Dinner,18,18:51,4,Dine-in,,115.5
1376,2025-09-28,Dinner,21,21:38,5,Takeaway,,266.5
1377,2025-09-28,Dinner,21,21:32,4,Dine-in,,190.0
1378,2025-09-28,Dinner,20,20:49,3,Dine-in,,105.0
1379,2025-09-28,Dinner,19,19:23,2,Dine-in,,32.5
1380,2025-09-28,Dinner,21,21:09,2,Dine-in,,90.5
1381,2025-09-28,Dinner,20,20:03,2,Dine-in,,109.0
1382,2025-09-28,Dinner,20,20:33,2,Dine-in,,61.0
1383,2025-09-28,Dinner,19,19:33,2,Dine-in,,104.0
1384,2025-09-28,Dinner,19,19:15,1,Dine-in,,64.0
1385,2025-09-28,Dinner,21,21:25,2,Dine-in,,63.0
1386,2025-09-28,Dinner,17,17:47,1,Dine-in,,25.0
1387,2025-09-28,Dinner,20,20:03,2,Dine-in,,57.5
1388,2025-09-28,Dinner,21,21:06,4,Dine-in,,174.5
1389,2025-09-28,Dinner,18,18:16,2,Dine-in,,78.5
1390,2025-09-28,Dinner,18,18:31,4,Dine-in,,306.0
1391,2025-09-28,Dinner,19,19:03,3,Dine-in,,166.0
1392,2025-09-28,Dinner,20,20:44,2,Dine-in,,82.0
1393,2025-09-28,Lunch,13,13:08,3,Dine-in,,104.5
1394,2025-09-28,Lunch,14,14:38,6,Dine-in,,252.5
1395,2025-09-28,Lunch,13,13:22,2,Dine-in,,45.5
1396,2025-09-28,Lunch,14,14:21,2,Dine-in,,70.5
1397,2025-09-28,Lunch,13,13:42,5,Dine-in,,170.0
1398,2025-09-28,Lunch,14,14:14,1,Dine-in,,50.5
1399,2025-09-28,Lunch,12,12:00,2,Dine-in,,82.0
1400,2025-09-28,Lunch,12,12:09,1,Dine-in,,14.5
1401,2025-09-28,Lunch,13,13:00,2,Dine-in,,125.0
1402,2025-09-28,Lunch,13,13:55,2,Dine-in,,58.5
1403,2025-09-30,Dinner,18,18:55,4,Dine-in,,303.0
1404,2025-09-30,Dinner,18,18:30,2,Dine-in,,59.0
1405,2025-09-30,Dinner,20,20:10,3,Dine-in,,180.0
1406,2025-09-30,Dinner,17,17:41,6,Dine-in,,252.5
1407,2025-09-30,Dinner,19,19:30,2,Takeaway,,132.5
1408,2025-09-30,Dinner,19,19:06,2,Takeaway,,156.0
1409,2025-09-30,Dinner,18,18:08,2,Dine-in,,119.0
1410,2025-09-30,Dinner,21,21:14,1,Takeaway,,55.0
1411,2025-09-30,Dinner,19,19:09,4,Dine-in,,122.5
1412,2025-09-30,Dinner,20,20:49,2,Dine-in,,76.0
1413,2025-09-30,Dinner,18,18:56,2,Dine-in,,18.5
1414,2025-09-30,Dinner,18,18:40,2,Takeaway,,100.0
1415,2025-09-30,Dinner,17,17:33,5,Takeaway,,323.5
1416,2025-09-30,Dinner,20,20:33,1,Dine-in,,21.0
1417,2025-09-30,Lunch,12,12:19,4,Dine-in,,217.5
1418,2025-09-30,Lunch,12,12:17,2,Dine-in,,66.5
1419,2025-09-30,Lunch,12,12:49,1,Dine-in,,53.0
1420,2025-09-30,Lunch,12,12:05,5,Dine-in,,193.5
1421,2025-09-30,Lunch,12,12:09,3,Dine-in,,68.5
1422,2025-09-30,Lunch,12,12:42,2,Dine-in,,65.5
1423,2025-09-30,Lunch,13,13:10,2,Dine-in,,162.5
1424,2025-09-30,Lunch,12,12:10,1,Dine-in,,44.0
1425,2025-10-01,Dinner,21,21:36,3,Dine-in,,188.0
1426,2025-10-01,Dinner,17,17:48,2,Dine-in,,100.0
1427,2025-10-01,Dinner,21,21:05,1,Dine-in,,99.0
1428,2025-10-01,Dinner,20,20:53,4,Dine-in,,105.0
1429,2025-10-01,Dinner,21,21:43,5,Dine-in,,202.0
1430,2025-10-01,Dinner,20,20:59,3,Dine-in,,142.5
1431,2025-10-01,Dinner,21,21:16,1,Takeaway,,13.0
1432,2025-10-01,Dinner,19,19:16,2,Dine-in,,122.5
1433,2025-10-01,Dinner,17,17:50,3,Dine-in,,119.5
1434,2025-10-01,Dinner,21,21:11,2,Dine-in,,89.0
1435,2025-10-01,Dinner,21,21:09,1,Dine-in,,37.0
1436,2025-10-01,Dinner,21,21:03,2,Dine-in,,86.0
1437,2025-10-01,Dinner,20,20:22,2,Dine-in,,95.5
1438,2025-10-01,Dinner,18,18:43,3,Dine-in,,144.0
1439,2025-10-01,Dinner,21,21:15,2,Dine-in,,73.0
1440,2025-10-01,Dinner,20,20:13,2,Dine-in,,14.5
1441,2025-10-01,Dinner,19,19:10,2,Dine-in,,165.0
1442,2025-10-01,Dinner,19,19:42,1,Dine-in,,65.5
1443,2025-10-01,Dinner,19,19:14,4,Dine-in,,202.5
1444,2025-10-01,Dinner,20,20:25,1,Dine-in,,20.0
1445,2025-10-01,Dinner,17,17:48,2,Takeaway,,67.0
1446,2025-10-01,Dinner,18,18:37,3,Takeaway,,181.0
1447,2025-10-01,Dinner,18,18:23,2,Dine-in,,111.5
1448,2025-10-01,Lunch,13,13:30,3,Takeaway,,197.0
1449,2025-10-01,Lunch,14,14:09,3,Dine-in,,176.5
1450,2025-10-01,Lunch,12,12:48,2,Dine-in,,71.0
1451,2025-10-01,Lunch,14,14:41,4,Dine-in,,291.5
1452,2025-10-01,Lunch,13,13:27,3,Dine-in,,64.0
1453,2025-10-01,Lunch,12,12:14,2,Dine-in,,138.0
1454,2025-10-01,Lunch,14,14:06,2,Dine-in,,105.0
1455,2025-10-01,Lunch,12,12:48,2,Takeaway,,47.5
1456,2025-10-02,Dinner,19,19:33,2,Dine-in,,80.5
1457,2025-10-02,Dinner,21,21:02,1,Dine-in,,16.5
1458,2025-10-02,Dinner,21,21:00,2,Dine-in,,70.5
1459,2025-10-02,Dinner,21,21:24,5,Dine-in,,109.0
1460,2025-10-02,Dinner,20,20:33,2,Takeaway,,40.5
1461,2025-10-02,Dinner,17,17:30,5,Dine-in,,229.0
1462,2025-10-02,Dinner,19,19:11,4,Dine-in,,150.5
1463,2025-10-02,Dinner,17,17:50,5,Dine-in,,145.0
1464,2025-10-02,Dinner,17,17:50,2,Dine-in,,56.0
1465,2025-10-02,Dinner,21,21:00,2,Dine-in,,37.5
1466,2025-10-02,Dinner,17,17:50,3,Takeaway,,143.5
1467,2025-10-02,Dinner,20,20:11,2,Takeaway,,19.5
1468,2025-10-02,Dinner,20,20:50,4,Dine-in,,142.0
1469,2025-10-02,Dinner,20,20:38,5,Takeaway,,181.5
1470,2025-10-02,Dinner,19,19:55,2,Dine-in,,106.0
1471,2025-10-02,Dinner,20,20:38,2,Dine-in,,94.0
1472,2025-10-02,Dinner,18,18:12,5,Dine-in,,178.5
1473,2025-10-02,Dinner,21,21:19,2,Dine-in,,128.0
1474,2025-10-02,Dinner,21,21:05,1,Dine-in,,18.5
1475,2025-10-02,Dinner,17,17:57,1,Dine-in,,76.0
1476,2025-10-02,Lunch,13,13:43,1,Dine-in,,83.0
1477,2025-10-02,Lunch,14,14:11,3,Dine-in,,115.0
1478,2025-10-02,Lunch,13,13:39,2,Takeaway,,31.5
1479,2025-10-02,Lunch,12,12:42,4,Dine-in,,173.0
1480,2025-10-02,Lunch,14,14:21,2,Dine-in,,86.0
1481,2025-10-02,Lunch,12,12:05,3,Dine-in,,143.5
1482,2025-10-02,Lunch,13,13:35,2,Dine-in,,79.5
1483,2025-10-02,Lunch,12,12:48,4,Dine-in,,176.0
1484,2025-10-02,Lunch,13,13:19,2,Dine-in,,121.0
1485,2025-10-03,Dinner,20,20:20,5,Dine-in,,217.0
1486,2025-10-03,Dinner,19,19:18,4,Dine-in,,162.0
1487,2025-10-03,Dinner,17,17:31,3,Dine-in,,139.0
1488,2025-10-03,Dinner,19,19:12,2,Dine-in,,57.0
1489,2025-10-03,Dinner,18,18:45,3,Dine-in,,79.0
1490,2025-10-03,Dinner,18,18:40,2,Dine-in,,134.5
1491,2025-10-03,Dinner,21,21:21,1,Takeaway,,41.0
1492,2025-10-03,Dinner,21,21:26,3,Dine-in,,113.0
1493,2025-10-03,Dinner,20,20:03,5,Dine-in,,132.5
1494,2025-10-03,Dinner,20,20:35,2,Dine-in,,95.0
1495,2025-10-03,Dinner,18,18:42,3,Dine-in,,99.5
1496,2025-10-03,Dinner,17,17:42,4,Dine-in,,130.0
1497,2025-10-03,Dinner,21,21:35,2,Takeaway,,60.0
1498,2025-10-03,Dinner,19,19:41,2,Takeaway,,78.0
1499,2025-10-03,Dinner,17,17:50,3,Takeaway,,95.0
1500,2025-10-03,Dinner,18,18:59,2,Dine-in,,132.0
1501,2025-10-03,Dinner,20,20:37,2,Takeaway,,49.0
1502,2025-10-03,Dinner,19,19:47,5,Dine-in,,170.5
1503,2025-10-03,Dinner,21,21:17,1,Dine-in,,11.5
1504,2025-10-03,Dinner,20,20:03,1,Dine-in,,67.0
1505,2025-10-03,Dinner,20,20:58,5,Dine-in,,281.0
1506,2025-10-03,Dinner,17,17:50,2,Dine-in,,57.0
1507,2025-10-03,Dinner,19,19:37,2,Takeaway,,79.5
1508,2025-10-03,Dinner,19,19:31,2,Dine-in,,11.0
1509,2025-10-03,Dinner,21,21:24,2,Dine-in,,159.0
1510,2025-10-03,Dinner,18,18:03,1,Dine-in,,28.5
1511,2025-10-03,Late,22,22:33,5,Dine-in,,213.0
1512,2025-10-03,Late,22,22:52,2,Dine-in,,40.0
1513,2025-10-03,Late,22,22:31,1,Dine-in,,33.0
1514,2025-10-03,Lunch,12,12:12,2,Dine-in,,167.0
1515,2025-10-03,Lunch,14,14:29,4,Dine-in,,182.5
1516,2025-10-03,Lunch,12,12:50,6,Dine-in,,140.0
1517,2025-10-03,Lunch,13,13:05,2,Dine-in,,99.5
1518,2025-10-03,Lunch,14,14:24,5,Dine-in,,252.0
1519,2025-10-03,Lunch,12,12:19,4,Dine-in,,264.5
1520,2025-10-03,Lunch,14,14:14,2,Dine-in,,98.5
1521,2025-10-03,Lunch,13,13:09,2,Dine-in,,88.0
1522,2025-10-03,Lunch,13,13:36,1,Dine-in,,65.0
1523,2025-10-03,Lunch,12,12:39,1,Dine-in,,56.0
1524,2025-10-04,Dinner,20,20:51,5,Dine-in,,203.5
1525,2025-10-04,Dinner,17,17:37,2,Dine-in,,131.0
1526,2025-10-04,Dinner,18,18:40,5,Dine-in,,143.0
1527,2025-10-04,Dinner,21,21:44,2,Dine-in,,104.5
1528,2025-10-04,Dinner,18,18:45,1,Takeaway,,0.0
1529,2025-10-04,Dinner,20,20:21,5,Dine-in,,183.0
1530,2025-10-04,Dinner,20,20:20,2,Takeaway,,120.0
1531,2025-10-04,Dinner,19,19:14,4,Dine-in,,211.0
1532,2025-10-04,Dinner,18,18:55,2,Dine-in,,77.0
1533,2025-10-04,Dinner,18,18:35,2,Dine-in,,37.5
1534,2025-10-04,Dinner,19,19:43,5,Dine-in,,133.5
1535,2025-10-04,Dinner,20,20:00,1,Dine-in,,15.0
1536,2025-10-04,Dinner,19,19:39,2,Dine-in,,89.5
1537,2025-10-04,Dinner,17,17:56,4,Dine-in,,110.0
1538,2025-10-04,Dinner,20,20:36,2,Dine-in,,59.0
1539,2025-10-04,Dinner,20,20:11,4,Takeaway,,275.5
1540,2025-10-04,Dinner,19,19:08,2,Dine-in,,179.0
1541,2025-10-04,Dinner,18,18:55,2,Dine-in,,22.5
1542,2025-10-04,Dinner,18,18:13,2,Dine-in,,167.0
1543,2025-10-04,Dinner,20,20:02,1,Dine-in,,23.5
1544,2025-10-04,Dinner,18,18:17,2,Takeaway,,73.5
1545,2025-10-04,Dinner,18,18:56,4,Dine-in,,151.5
1546,2025-10-04,Dinner,21,21:33,2,Takeaway,,96.0
1547,2025-10-04,Dinner,19,19:49,2,Dine-in,,83.5
1548,2025-10-04,Dinner,17,17:58,2,Dine-in,,47.5
1549,2025-10-04,Dinner,17,17:47,4,Dine-in,,198.5
1550,2025-10-04,Dinner,19,19:22,2,Dine-in,,73.0
1551,2025-10-04,Dinner,18,18:36,2,Dine-in,,7.0
1552,2025-10-04,Dinner,21,21:14,2,Takeaway,,85.5
1553,2025-10-04,Dinner,20,20:25,2,Dine-in,,84.0
1554,2025-10-04,Dinner,20,20:24,2,Dine-in,,85.5
1555,2025-10-04,Dinner,20,20:39,3,Dine-in,,66.5
1556,2025-10-04,Dinner,17,17:54,2,Takeaway,,84.0
1557,2025-10-04,Late,22,22:17,1,Dine-in,,48.0
1558,2025-10-04,Late,22,22:15,1,Dine-in,,8.5
1559,2025-10-04,Late,22,22:53,4,Dine-in,,180.0
1560,2025-10-04,Late,22,22:27,2,Takeaway,,92.5
1561,2025-10-04,Lunch,12,12:10,2,Takeaway,,38.0
1562,2025-10-04,Lunch,13,13:25,5,Dine-in,,194.0
1563,2025-10-04,Lunch,13,13:38,4,Dine-in,,178.5
1564,2025-10-04,Lunch,12,12:09,4,Dine-in,,163.0
1565,2025-10-04,Lunch,14,14:22,2,Takeaway,,52.5
1566,2025-10-04,Lunch,13,13:17,2,Takeaway,,55.5
1567,2025-10-04,Lunch,13,13:56,2,Dine-in,,63.5
1568,2025-10-04,Lunch,14,14:08,2,Dine-in,,45.0
1569,2025-10-04,Lunch,14,14:12,2,Dine-in,,60.0
1570,2025-10-04,Lunch,13,13:27,2,Dine-in,,74.0
1571,2025-10-04,Lunch,14,14:24,2,Dine-in,,109.5
1572,2025-10-04,Lunch,13,13:17,4,Dine-in,,246.5
1573,2025-10-04,Lunch,12,12:24,2,Dine-in,,72.5
1574,2025-10-05,Dinner,17,17:47,5,Takeaway,,136.5
1575,2025-10-05,Dinner,19,19:45,2,Dine-in,,78.5
1576,2025-10-05,Dinner,18,18:00,3,Dine-in,,154.0
1577,2025-10-05,Dinner,19,19:35,5,Dine-in,,133.5
1578,2025-10-05,Dinner,20,20:39,4,Dine-in,,202.5
1579,2025-10-05,Dinner,18,18:12,2,Dine-in,,58.5
1580,2025-10-05,Dinner,19,19:32,4,Dine-in,,159.5
1581,2025-10-05,Dinner,19,19:44,5,Takeaway,,334.0
1582,2025-10-05,Dinner,19,19:33,5,Dine-in,,240.0
1583,2025-10-05,Dinner,21,21:02,1,Dine-in,,15.0
1584,2025-10-05,Dinner,17,17:38,4,Dine-in,,189.5
1585,2025-10-05,Dinner,18,18:55,2,Dine-in,,96.0
1586,2025-10-05,Dinner,17,17:51,4,Takeaway,,147.0
1587,2025-10-05,Dinner,18,18:06,2,Dine-in,,87.0
1588,2025-10-05,Dinner,17,17:58,3,Dine-in,,144.5
1589,2025-10-05,Dinner,20,20:31,2,Takeaway,,200.5
1590,2025-10-05,Dinner,21,21:02,2,Dine-in,,21.0
1591,2025-10-05,Dinner,19,19:14,2,Takeaway,,18.0
1592,2025-10-05,Dinner,20,20:14,2,Dine-in,,82.0
1593,2025-10-05,Dinner,19,19:51,4,Dine-in,,193.5
1594,2025-10-05,Dinner,18,18:26,2,Dine-in,,109.0
1595,2025-10-05,Dinner,19,19:13,1,Takeaway,,89.5
1596,2025-10-05,Lunch,13,13:24,5,Takeaway,,208.5
1597,2025-10-05,Lunch,13,13:12,2,Dine-in,,52.0
1598,2025-10-05,Lunch,14,14:34,2,Takeaway,,74.5
1599,2025-10-05,Lunch,12,12:33,4,Takeaway,,194.5
1600,2025-10-05,Lunch,13,13:47,2,Takeaway,,49.5
1601,2025-10-05,Lunch,13,13:01,5,Dine-in,,213.0
1602,2025-10-05,Lunch,12,12:27,4,Dine-in,,249.0
1603,2025-10-05,Lunch,13,13:23,2,Dine-in,,66.0
1604,2025-10-05,Lunch,13,13:07,2,Dine-in,,90.0
1605,2025-10-05,Lunch,14,14:17,2,Dine-in,,26.0
1606,2025-10-05,Lunch,13,13:56,1,Takeaway,,50.5
1607,2025-10-07,Dinner,20,20:32,2,Dine-in,,64.0
1608,2025-10-07,Dinner,20,20:27,2,Dine-in,,68.5
1609,2025-10-07,Dinner,18,18:36,4,Dine-in,,139.0
1610,2025-10-07,Dinner,21,21:29,2,Dine-in,,81.0
1611,2025-10-07,Dinner,20,20:08,2,Dine-in,,119.5
1612,2025-10-07,Dinner,19,19:43,2,Dine-in,,42.5
1613,2025-10-07,Dinner,18,18:29,4,Dine-in,,162.0
1614,2025-10-07,Dinner,21,21:35,2,Dine-in,,87.0
1615,2025-10-07,Dinner,19,19:10,2,Dine-in,,141.0
1616,2025-10-07,Dinner,20,20:40,3,Dine-in,,99.5
1617,2025-10-07,Dinner,20,20:55,1,Dine-in,,42.5
1618,2025-10-07,Dinner,19,19:03,4,Dine-in,,157.5
1619,2025-10-07,Dinner,20,20:49,1,Dine-in,,44.0
1620,2025-10-07,Dinner,21,21:25,2,Dine-in,,87.0
1621,2025-10-07,Dinner,21,21:42,2,Dine-in,,108.0
1622,2025-10-07,Dinner,19,19:13,1,Dine-in,,34.5
1623,2025-10-07,Lunch,14,14:42,4,Dine-in,,172.0
1624,2025-10-07,Lunch,12,12:19,4,Takeaway,,148.5
1625,2025-10-07,Lunch,14,14:29,3,Dine-in,,133.0
1626,2025-10-07,Lunch,13,13:32,1,Dine-in,,30.5
1627,2025-10-07,Lunch,12,12:45,1,Dine-in,,54.0
1628,2025-10-07,Lunch,12,12:06,2,Dine-in,,115.5
1629,2025-10-07,Lunch,12,12:21,3,Dine-in,,98.0
1630,2025-10-08,Dinner,18,18:16,3,Dine-in,,67.0
1631,2025-10-08,Dinner,18,18:26,2,Dine-in,,113.0
1632,2025-10-08,Dinner,20,20:21,3,Dine-in,,93.0
1633,2025-10-08,Dinner,18,18:17,2,Dine-in,,102.0
1634,2025-10-08,Dinner,20,20:32,2,Dine-in,,31.5
1635,2025-10-08,Dinner,18,18:18,3,Dine-in,,233.5
1636,2025-10-08,Dinner,21,21:05,2,Dine-in,,74.5
1637,2025-10-08,Dinner,21,21:03,1,Dine-in,,24.0
1638,2025-10-08,Dinner,18,18:32,2,Dine-in,,120.5
1639,2025-10-08,Dinner,18,18:29,1,Dine-in,,28.5
1640,2025-10-08,Dinner,21,21:38,2,Dine-in,,78.5
1641,2025-10-08,Dinner,17,17:52,4,Dine-in,,333.5
1642,2025-10-08,Dinner,20,20:02,2,Dine-in,,59.0
1643,2025-10-08,Dinner,19,19:41,2,Dine-in,,185.0
1644,2025-10-08,Dinner,17,17:56,3,Dine-in,,137.5
1645,2025-10-08,Dinner,19,19:06,5,Dine-in,,276.5
1646,2025-10-08,Dinner,19,19:17,3,Dine-in,,93.5
1647,2025-10-08,Dinner,20,20:04,2,Dine-in,,59.0
1648,2025-10-08,Lunch,14,14:05,2,Dine-in,,154.5
1649,2025-10-08,Lunch,14,14:11,2,Takeaway,,78.0
1650,2025-10-08,Lunch,13,13:12,2,Dine-in,,72.5
1651,2025-10-08,Lunch,12,12:52,2,Dine-in,,77.5
1652,2025-10-08,Lunch,14,14:42,2,Dine-in,,58.0
1653,2025-10-08,Lunch,12,12:49,3,Dine-in,,175.5
1654,2025-10-08,Lunch,14,14:34,2,Dine-in,,125.0
1655,2025-10-08,Lunch,13,13:06,2,Dine-in,,20.0
1656,2025-10-08,Lunch,14,14:17,2,Dine-in,,100.0
1657,2025-10-08,Lunch,13,13:59,2,Dine-in,,75.5
1658,2025-10-08,Lunch,13,13:21,1,Dine-in,,78.5
1659,2025-10-09,Dinner,19,19:22,3,Dine-in,,57.5
1660,2025-10-09,Dinner,17,17:50,2,Dine-in,,127.0
1661,2025-10-09,Dinner,17,17:48,2,Takeaway,,99.5
1662,2025-10-09,Dinner,20,20:20,2,Dine-in,,68.5
1663,2025-10-09,Dinner,19,19:10,2,Dine-in,,83.0
1664,2025-10-09,Dinner,17,17:39,2,Dine-in,,93.0
1665,2025-10-09,Dinner,20,20:52,2,Dine-in,,103.5
1666,2025-10-09,Dinner,17,17:39,2,Dine-in,,95.5
1667,2025-10-09,Dinner,17,17:48,2,Takeaway,,50.0
1668,2025-10-09,Dinner,20,20:46,2,Dine-in,,78.0
1669,2025-10-09,Dinner,18,18:41,3,Dine-in,,99.5
1670,2025-10-09,Dinner,17,17:36,2,Dine-in,,52.5
1671,2025-10-09,Dinner,21,21:23,5,Dine-in,,330.5
1672,2025-10-09,Dinner,20,20:55,3,Dine-in,,90.5
1673,2025-10-09,Dinner,20,20:06,3,Dine-in,,117.5
1674,2025-10-09,Dinner,18,18:34,3,Dine-in,,146.5
1675,2025-10-09,Dinner,17,17:49,2,Dine-in,,124.0
1676,2025-10-09,Dinner,19,19:10,3,Dine-in,,162.0
1677,2025-10-09,Dinner,17,17:30,1,Dine-in,,88.0
1678,2025-10-09,Dinner,18,18:31,2,Dine-in,,72.5
1679,2025-10-09,Dinner,19,19:06,4,Dine-in,,103.5
1680,2025-10-09,Dinner,21,21:10,1,Dine-in,,117.0
1681,2025-10-09,Lunch,12,12:46,4,Dine-in,,160.0
1682,2025-10-09,Lunch,12,12:47,2,Dine-in,,137.5
1683,2025-10-09,Lunch,12,12:20,2,Dine-in,,22.5
1684,2025-10-09,Lunch,13,13:06,5,Dine-in,,207.5
1685,2025-10-09,Lunch,14,14:30,4,Dine-in,,106.5
1686,2025-10-09,Lunch,12,12:24,5,Dine-in,,78.0
1687,2025-10-09,Lunch,14,14:03,1,Dine-in,,43.5
1688,2025-10-09,Lunch,13,13:33,2,Dine-in,,101.5
1689,2025-10-10,Dinner,18,18:38,4,Dine-in,,179.5
1690,2025-10-10,Dinner,20,20:39,1,Dine-in,,99.0
1691,2025-10-10,Dinner,19,19:21,5,Dine-in,,218.0
1692,2025-10-10,Dinner,21,21:43,3,Dine-in,,50.0
1693,2025-10-10,Dinner,19,19:00,2,Dine-in,,168.5
1694,2025-10-10,Dinner,18,18:46,6,Dine-in,,235.5
1695,2025-10-10,Dinner,21,21:01,2,Dine-in,,118.5
1696,2025-10-10,Dinner,17,17:46,2,Dine-in,,116.0
1697,2025-10-10,Dinner,17,17:53,2,Dine-in,,181.0
1698,2025-10-10,Dinner,17,17:36,4,Dine-in,,162.0
1699,2025-10-10,Dinner,18,18:18,2,Dine-in,,119.0
1700,2025-10-10,Dinner,18,18:29,2,Dine-in,,24.0
1701,2025-10-10,Dinner,20,20:19,2,Dine-in,,48.5
1702,2025-10-10,Dinner,18,18:39,2,Dine-in,,30.5
1703,2025-10-10,Dinner,18,18:03,6,Dine-in,,297.5
1704,2025-10-10,Dinner,19,19:08,3,Takeaway,,86.0
1705,2025-10-10,Dinner,18,18:02,2,Dine-in,,98.0
1706,2025-10-10,Dinner,19,19:11,2,Dine-in,,71.5
1707,2025-10-10,Dinner,20,20:29,2,Dine-in,,84.5
1708,2025-10-10,Dinner,18,18:27,2,Dine-in,,44.0
1709,2025-10-10,Dinner,20,20:26,5,Dine-in,,120.0
1710,2025-10-10,Dinner,18,18:42,5,Dine-in,,282.0
1711,2025-10-10,Dinner,19,19:48,2,Dine-in,,25.5
1712,2025-10-10,Dinner,20,20:03,1,Dine-in,,22.0
1713,2025-10-10,Late,22,22:57,6,Dine-in,,189.5
1714,2025-10-10,Late,22,22:25,2,Dine-in,,30.5
1715,2025-10-10,Lunch,12,12:39,1,Dine-in,,36.0
1716,2025-10-10,Lunch,12,12:39,5,Dine-in,,199.0
1717,2025-10-10,Lunch,12,12:48,3,Dine-in,,232.0
1718,2025-10-10,Lunch,13,13:00,2,Dine-in,,64.5
1719,2025-10-10,Lunch,14,14:24,3,Takeaway,,138.5
1720,2025-10-10,Lunch,14,14:00,2,Dine-in,,107.0
1721,2025-10-10,Lunch,13,13:22,6,Dine-in,,273.5
1722,2025-10-10,Lunch,12,12:58,2,Dine-in,,39.5
1723,2025-10-10,Lunch,14,14:34,2,Dine-in,,167.0
1724,2025-10-10,Lunch,14,14:11,2,Dine-in,,146.5
1725,2025-10-10,Lunch,13,13:01,2,Dine-in,,45.0
1726,2025-10-10,Lunch,14,14:13,2,Dine-in,,38.5
1727,2025-10-10,Lunch,14,14:30,1,Dine-in,,59.5
1728,2025-10-10,Lunch,13,13:47,4,Dine-in,,165.5
1729,2025-10-10,Lunch,14,14:26,1,Takeaway,,39.0
1730,2025-10-11,Dinner,20,20:59,2,Dine-in,,97.5
1731,2025-10-11,Dinner,20,20:32,1,Dine-in,,46.5
1732,2025-10-11,Dinner,21,21:03,2,Dine-in,,54.0
1733,2025-10-11,Dinner,18,18:57,5,Takeaway,,340.0
1734,2025-10-11,Dinner,20,20:54,2,Dine-in,,47.5
1735,2025-10-11,Dinner,21,21:31,5,Dine-in,,327.0
1736,2025-10-11,Dinner,21,21:29,3,Dine-in,,35.0
1737,2025-10-11,Dinner,21,21:44,2,Dine-in,,119.5
1738,2025-10-11,Dinner,18,18:15,2,Dine-in,,135.5
1739,2025-10-11,Dinner,21,21:25,3,Dine-in,,199.5
1740,2025-10-11,Dinner,18,18:48,2,Dine-in,,61.0
1741,2025-10-11,Dinner,21,21:20,2,Dine-in,,129.0
1742,2025-10-11,Dinner,19,19:45,1,Dine-in,,33.0
1743,2025-10-11,Dinner,20,20:21,4,Dine-in,,205.0
1744,2025-10-11,Dinner,20,20:57,2,Dine-in,,71.0
1745,2025-10-11,Dinner,21,21:09,2,Dine-in,,79.5
1746,2025-10-11,Dinner,18,18:07,2,Dine-in,,45.5
1747,2025-10-11,Dinner,20,20:37,2,Takeaway,,76.5
1748,2025-10-11,Dinner,19,19:13,2,Dine-in,,98.5
1749,2025-10-11,Dinner,18,18:31,2,Dine-in,,106.5
1750,2025-10-11,Dinner,21,21:07,6,Dine-in,,232.0
1751,2025-10-11,Dinner,19,19:08,4,Dine-in,,200.0
1752,2025-10-11,Dinner,19,19:25,2,Dine-in,,83.5
1753,2025-10-11,Dinner,18,18:49,2,Dine-in,,90.5
1754,2025-10-11,Dinner,19,19:33,6,Dine-in,,256.0
1755,2025-10-11,Dinner,21,21:19,5,Dine-in,,89.5
1756,2025-10-11,Dinner,18,18:38,1,Dine-in,,79.0
1757,2025-10-11,Dinner,19,19:33,4,Dine-in,,126.5
1758,2025-10-11,Dinner,19,19:51,2,Dine-in,,64.0
1759,2025-10-11,Dinner,17,17:44,1,Dine-in,,33.5
1760,2025-10-11,Late,22,22:10,4,Dine-in,,88.5
1761,2025-10-11,Late,22,22:15,1,Dine-in,,82.5
1762,2025-10-11,Late,22,22:59,5,Dine-in,,220.5
1763,2025-10-11,Late,22,22:16,2,Dine-in,,69.5
1764,2025-10-11,Lunch,14,14:19,2,Takeaway,,83.0
1765,2025-10-11,Lunch,12,12:47,2,Dine-in,,69.5
1766,2025-10-11,Lunch,12,12:42,2,Dine-in,,64.0
1767,2025-10-11,Lunch,12,12:20,5,Dine-in,,191.0
1768,2025-10-11,Lunch,13,13:10,2,Dine-in,,90.5
1769,2025-10-11,Lunch,13,13:21,2,Dine-in,,32.5
1770,2025-10-11,Lunch,13,13:03,1,Dine-in,,61.5
1771,2025-10-11,Lunch,14,14:23,2,Dine-in,,107.5
1772,2025-10-11,Lunch,13,13:26,2,Dine-in,,68.5
1773,2025-10-11,Lunch,12,12:44,1,Dine-in,,46.0
1774,2025-10-11,Lunch,13,13:35,2,Takeaway,,47.5
1775,2025-10-11,Lunch,12,12:03,5,Takeaway,,257.5
1776,2025-10-11,Lunch,12,12:48,2,Takeaway,,76.5
1777,2025-10-11,Lunch,13,13:26,2,Dine-in,,136.0
1778,2025-10-11,Lunch,14,14:42,2,Takeaway,,109.0
1779,2025-10-11,Lunch,14,14:22,3,Dine-in,,76.0
1780,2025-10-12,Dinner,21,21:26,2,Dine-in,,163.0
1781,2025-10-12,Dinner,21,21:09,3,Dine-in,,168.0
1782,2025-10-12,Dinner,21,21:10,2,Dine-in,,85.5
1783,2025-10-12,Dinner,20,20:42,4,Takeaway,,168.0
1784,2025-10-12,Dinner,19,19:44,3,Dine-in,,213.0
1785,2025-10-12,Dinner,21,21:17,1,Dine-in,,60.0
1786,2025-10-12,Dinner,21,21:00,2,Dine-in,,68.0
1787,2025-10-12,Dinner,17,17:41,2,Dine-in,,68.5
1788,2025-10-12,Dinner,19,19:05,1,Dine-in,,3.5
1789,2025-10-12,Dinner,19,19:16,4,Dine-in,,154.0
1790,2025-10-12,Dinner,19,19:01,2,Dine-in,,71.5
1791,2025-10-12,Dinner,21,21:43,2,Dine-in,,65.5
1792,2025-10-12,Dinner,19,19:18,2,Dine-in,,72.5
1793,2025-10-12,Dinner,18,18:39,3,Dine-in,,86.0
1794,2025-10-12,Dinner,17,17:54,4,Takeaway,,119.5
1795,2025-10-12,Dinner,21,21:10,2,Dine-in,,139.5
1796,2025-10-12,Dinner,17,17:43,2,Dine-in,,83.5
1797,2025-10-12,Dinner,20,20:06,2,Dine-in,,30.5
1798,2025-10-12,Dinner,19,19:59,2,Dine-in,,99.0
1799,2025-10-12,Dinner,19,19:34,1,Dine-in,,19.5
1800,2025-10-12,Dinner,21,21:18,2,Dine-in,,168.0
1801,2025-10-12,Dinner,20,20:53,2,Dine-in,,183.5
1802,2025-10-12,Dinner,17,17:46,1,Dine-in,,14.5
1803,2025-10-12,Dinner,21,21:23,5,Dine-in,,156.5
1804,2025-10-12,Dinner,20,20:48,3,Dine-in,,101.5
1805,2025-10-12,Dinner,20,20:22,2,Dine-in,,67.5
1806,2025-10-12,Dinner,21,21:09,5,Takeaway,,134.5
1807,2025-10-12,Dinner,19,19:08,1,Dine-in,,43.0
1808,2025-10-12,Lunch,12,12:53,5,Dine-in,,172.5
1809,2025-10-12,Lunch,13,13:42,1,Dine-in,,41.0
1810,2025-10-12,Lunch,12,12:43,2,Takeaway,,83.5
1811,2025-10-12,Lunch,13,13:02,2,Dine-in,,87.0
1812,2025-10-12,Lunch,13,13:50,1,Dine-in,,39.0
1813,2025-10-12,Lunch,14,14:03,4,Dine-in,,196.5
1814,2025-10-12,Lunch,14,14:25,4,Dine-in,,172.5
1815,2025-10-12,Lunch,13,13:12,2,Dine-in,,33.0
1816,2025-10-12,Lunch,14,14:32,2,Dine-in,,89.0
1817,2025-10-12,Lunch,13,13:18,3,Dine-in,,79.5
1818,2025-10-12,Lunch,13,13:40,1,Dine-in,,63.0
1819,2025-10-12,Lunch,12,12:28,2,Dine-in,,20.5
1820,2025-10-12,Lunch,12,12:54,2,Dine-in,,60.0
1821,2025-10-12,Lunch,14,14:34,1,Dine-in,,24.0
1822,2025-10-14,Dinner,18,18:12,1,Dine-in,,26.5
1823,2025-10-14,Dinner,21,21:33,4,Dine-in,,151.5
1824,2025-10-14,Dinner,19,19:20,2,Dine-in,,129.5
1825,2025-10-14,Dinner,20,20:08,3,Takeaway,,162.5
1826,2025-10-14,Dinner,18,18:54,4,Dine-in,,221.0
1827,2025-10-14,Dinner,19,19:41,1,Dine-in,,35.5
1828,2025-10-14,Dinner,19,19:00,2,Dine-in,,88.0
1829,2025-10-14,Dinner,19,19:20,2,Dine-in,,60.0
1830,2025-10-14,Dinner,18,18:58,1,Dine-in,,18.0
1831,2025-10-14,Dinner,17,17:31,4,Dine-in,,284.5
1832,2025-10-14,Dinner,21,21:02,2,Dine-in,,97.5
1833,2025-10-14,Dinner,20,20:02,4,Takeaway,,202.5
1834,2025-10-14,Dinner,21,21:41,4,Dine-in,,254.5
1835,2025-10-14,Dinner,21,21:39,2,Dine-in,,84.5
1836,2025-10-14,Dinner,20,20:24,1,Takeaway,,30.5
1837,2025-10-14,Lunch,12,12:39,2,Dine-in,,60.5
1838,2025-10-14,Lunch,13,13:48,4,Takeaway,,107.0
1839,2025-10-14,Lunch,13,13:49,2,Dine-in,,88.0
1840,2025-10-14,Lunch,13,13:29,2,Dine-in,,77.0
1841,2025-10-14,Lunch,12,12:53,2,Dine-in,,198.0
1842,2025-10-14,Lunch,12,12:45,4,Dine-in,,213.5
1843,2025-10-14,Lunch,12,12:20,2,Dine-in,,81.5
1844,2025-10-14,Lunch,14,14:26,3,Dine-in,,69.5
1845,2025-10-14,Lunch,12,12:21,1,Dine-in,,83.5
1846,2025-10-15,Dinner,19,19:43,5,Dine-in,,179.0
1847,2025-10-15,Dinner,18,18:35,5,Takeaway,,185.0
1848,2025-10-15,Dinner,18,18:03,2,Dine-in,,17.0
1849,2025-10-15,Dinner,20,20:57,3,Dine-in,,123.5
1850,2025-10-15,Dinner,20,20:40,1,Dine-in,,34.5
1851,2025-10-15,Dinner,21,21:31,2,Dine-in,,62.5
1852,2025-10-15,Dinner,18,18:12,2,Dine-in,,138.0
1853,2025-10-15,Dinner,19,19:36,1,Dine-in,,9.5
1854,2025-10-15,Dinner,20,20:44,2,Dine-in,,98.0
1855,2025-10-15,Dinner,19,19:49,4,Dine-in,,162.5
1856,2025-10-15,Dinner,18,18:12,2,Takeaway,,82.0
1857,2025-10-15,Dinner,19,19:15,2,Takeaway,,28.5
1858,2025-10-15,Dinner,17,17:57,2,Dine-in,,111.0
1859,2025-10-15,Dinner,18,18:27,2,Takeaway,,119.0
1860,2025-10-15,Dinner,18,18:17,2,Takeaway,,115.0
1861,2025-10-15,Dinner,21,21:37,5,Dine-in,,276.5
1862,2025-10-15,Lunch,12,12:00,2,Takeaway,,119.0
1863,2025-10-15,Lunch,12,12:22,5,Dine-in,,187.5
1864,2025-10-15,Lunch,13,13:22,2,Dine-in,,110.0
1865,2025-10-15,Lunch,14,14:18,4,Dine-in,,225.0
1866,2025-10-15,Lunch,12,12:28,2,Takeaway,,57.5
1867,2025-10-15,Lunch,12,12:44,3,Takeaway,,176.0
1868,2025-10-15,Lunch,14,14:29,2,Dine-in,,58.0
1869,2025-10-16,Dinner,21,21:35,1,Takeaway,,46.5
1870,2025-10-16,Dinner,18,18:10,4,Dine-in,,289.5
1871,2025-10-16,Dinner,20,20:03,4,Dine-in,,187.5
1872,2025-10-16,Dinner,20,20:57,5,Dine-in,,190.5
1873,2025-10-16,Dinner,20,20:36,2,Dine-in,,65.0
1874,2025-10-16,Dinner,19,19:33,4,Dine-in,,137.0
1875,2025-10-16,Dinner,21,21:19,3,Dine-in,,65.5
1876,2025-10-16,Dinner,19,19:21,2,Dine-in,,80.5
1877,2025-10-16,Dinner,18,18:04,3,Dine-in,,174.0
1878,2025-10-16,Dinner,18,18:24,2,Dine-in,,109.0
1879,2025-10-16,Dinner,20,20:43,2,Takeaway,,110.5
1880,2025-10-16,Dinner,21,21:06,3,Dine-in,,100.5
1881,2025-10-16,Dinner,17,17:38,5,Dine-in,,78.5
1882,2025-10-16,Dinner,19,19:33,2,Dine-in,,110.5
1883,2025-10-16,Dinner,19,19:50,2,Dine-in,,146.0
1884,2025-10-16,Dinner,20,20:18,1,Dine-in,,8.5
1885,2025-10-16,Lunch,13,13:07,4,Takeaway,,199.0
1886,2025-10-16,Lunch,14,14:14,2,Dine-in,,92.0
1887,2025-10-16,Lunch,13,13:57,6,Dine-in,,333.5
1888,2025-10-16,Lunch,13,13:07,4,Dine-in,,250.0
1889,2025-10-16,Lunch,12,12:27,2,Takeaway,,96.0
1890,2025-10-16,Lunch,12,12:46,2,Dine-in,,84.5
1891,2025-10-16,Lunch,12,12:17,1,Dine-in,,36.0
1892,2025-10-16,Lunch,14,14:22,2,Dine-in,,74.5
1893,2025-10-17,Dinner,20,20:56,2,Dine-in,,44.5
1894,2025-10-17,Dinner,19,19:37,2,Dine-in,,95.0
1895,2025-10-17,Dinner,18,18:05,6,Dine-in,,266.5
1896,2025-10-17,Dinner,17,17:54,2,Takeaway,,59.0
1897,2025-10-17,Dinner,21,21:25,2,Dine-in,,188.5
1898,2025-10-17,Dinner,21,21:16,6,Dine-in,,344.0
1899,2025-10-17,Dinner,18,18:13,3,Dine-in,,172.0
1900,2025-10-17,Dinner,20,20:48,2,Dine-in,,44.5
1901,2025-10-17,Dinner,17,17:38,2,Dine-in,,128.5
1902,2025-10-17,Dinner,20,20:03,5,Dine-in,,132.5
1903,2025-10-17,Dinner,19,19:45,1,Dine-in,,28.5
1904,2025-10-17,Dinner,17,17:48,2,Dine-in,,49.0
1905,2025-10-17,Dinner,21,21:44,4,Dine-in,,208.5
1906,2025-10-17,Dinner,18,18:25,3,Dine-in,,84.0
1907,2025-10-17,Dinner,20,20:13,5,Dine-in,,211.5
1908,2025-10-17,Dinner,20,20:06,2,Takeaway,,91.5
1909,2025-10-17,Dinner,20,20:40,4,Dine-in,,223.5
1910,2025-10-17,Dinner,21,21:08,2,Dine-in,,142.0
1911,2025-10-17,Dinner,20,20:59,2,Dine-in,,39.5
1912,2025-10-17,Dinner,19,19:17,1,Dine-in,,3.5
1913,2025-10-17,Dinner,21,21:37,4,Dine-in,,229.0
1914,2025-10-17,Dinner,19,19:42,2,Dine-in,,39.5
1915,2025-10-17,Dinner,17,17:34,3,Dine-in,,89.5
1916,2025-10-17,Dinner,20,20:08,2,Dine-in,,123.5
1917,2025-10-17,Late,22,22:11,2,Dine-in,,52.0
1918,2025-10-17,Late,22,22:28,3,Dine-in,,144.5
1919,2025-10-17,Late,22,22:42,3,Dine-in,,80.0
1920,2025-10-17,Lunch,12,12:00,1,Dine-in,,43.5
1921,2025-10-17,Lunch,14,14:27,2,Dine-in,,46.0
1922,2025-10-17,Lunch,14,14:11,2,Dine-in,,50.5
1923,2025-10-17,Lunch,13,13:15,4,Dine-in,,169.5
1924,2025-10-17,Lunch,12,12:37,2,Takeaway,,123.0
1925,2025-10-17,Lunch,14,14:43,2,Dine-in,,93.5
1926,2025-10-17,Lunch,12,12:11,3,Dine-in,,136.5
1927,2025-10-17,Lunch,14,14:23,3,Dine-in,,195.5
1928,2025-10-17,Lunch,14,14:13,2,Takeaway,,114.0
1929,2025-10-17,Lunch,13,13:16,4,Dine-in,,222.0
1930,2025-10-17,Lunch,12,12:01,3,Dine-in,,128.5
1931,2025-10-17,Lunch,14,14:03,1,Dine-in,,28.0
1932,2025-10-17,Lunch,12,12:31,2,Dine-in,,31.0
1933,2025-10-17,Lunch,13,13:02,2,Dine-in,,166.0
1934,2025-10-17,Lunch,14,14:28,1,Dine-in,,77.5
1935,2025-10-18,Dinner,18,18:13,2,Dine-in,,16.5
1936,2025-10-18,Dinner,21,21:12,4,Dine-in,,83.0
1937,2025-10-18,Dinner,20,20:15,2,Dine-in,,91.0
1938,2025-10-18,Dinner,21,21:38,2,Dine-in,,85.5
1939,2025-10-18,Dinner,20,20:47,3,Dine-in,,93.5
1940,2025-10-18,Dinner,21,21:32,1,Dine-in,,46.0
1941,2025-10-18,Dinner,18,18:24,2,Dine-in,,22.5
1942,2025-10-18,Dinner,21,21:36,2,Dine-in,,145.0
1943,2025-10-18,Dinner,18,18:31,5,Dine-in,,146.5
1944,2025-10-18,Dinner,21,21:08,2,Dine-in,,74.5
1945,2025-10-18,Dinner,20,20:23,5,Takeaway,,261.0
1946,2025-10-18,Dinner,18,18:50,1,Dine-in,,59.0
1947,2025-10-18,Dinner,18,18:52,3,Dine-in,,94.5
1948,2025-10-18,Dinner,21,21:34,1,Dine-in,,47.5
1949,2025-10-18,Dinner,18,18:49,1,Dine-in,,41.0
1950,2025-10-18,Dinner,17,17:39,2,Dine-in,,62.5
1951,2025-10-18,Dinner,17,17:42,4,Dine-in,,186.5
1952,2025-10-18,Dinner,19,19:26,1,Dine-in,,10.5
1953,2025-10-18,Dinner,18,18:29,2,Dine-in,,76.5
1954,2025-10-18,Dinner,18,18:35,5,Dine-in,,157.0
1955,2025-10-18,Dinner,19,19:08,2,Dine-in,,134.5
1956,2025-10-18,Dinner,19,19:10,2,Dine-in,,79.5
1957,2025-10-18,Dinner,19,19:49,2,Dine-in,,30.5
1958,2025-10-18,Dinner,20,20:54,3,Dine-in,,102.0
1959,2025-10-18,Dinner,18,18:06,2,Dine-in,,27.0
1960,2025-10-18,Dinner,18,18:29,5,Takeaway,,197.0
1961,2025-10-18,Dinner,17,17:49,3,Dine-in,,97.0
1962,2025-10-18,Dinner,17,17:35,6,Dine-in,,318.0
1963,2025-10-18,Dinner,20,20:07,4,Takeaway,,187.0
1964,2025-10-18,Dinner,18,18:01,2,Dine-in,,52.5
1965,2025-10-18,Late,22,22:17,6,Dine-in,,269.5
1966,2025-10-18,Late,22,22:15,5,Dine-in,,378.0
1967,2025-10-18,Lunch,14,14:27,2,Takeaway,,83.0
1968,2025-10-18,Lunch,14,14:31,5,Dine-in,,232.5
1969,2025-10-18,Lunch,12,12:08,2,Dine-in,,72.0
1970,2025-10-18,Lunch,13,13:40,2,Dine-in,,98.0
1971,2025-10-18,Lunch,12,12:58,2,Dine-in,,38.0
1972,2025-10-18,Lunch,12,12:56,5,Dine-in,,204.0
1973,2025-10-18,Lunch,12,12:40,2,Dine-in,,75.0
1974,2025-10-18,Lunch,14,14:31,1,Dine-in,,42.0
1975,2025-10-18,Lunch,14,14:41,2,Takeaway,,64.0
1976,2025-10-18,Lunch,13,13:06,2,Dine-in,,25.0
1977,2025-10-18,Lunch,13,13:37,4,Dine-in,,142.0
1978,2025-10-18,Lunch,12,12:03,1,Dine-in,,118.0
1979,2025-10-18,Lunch,12,12:40,2,Dine-in,,52.0
1980,2025-10-18,Lunch,12,12:17,1,Dine-in,,40.5
1981,2025-10-19,Dinner,17,17:38,2,Dine-in,,66.0
1982,2025-10-19,Dinner,19,19:16,2,Dine-in,,73.0
1983,2025-10-19,Dinner,18,18:03,1,Dine-in,,67.5
1984,2025-10-19,Dinner,18,18:14,3,Takeaway,,70.5
1985,2025-10-19,Dinner,20,20:19,3,Dine-in,,70.0
1986,2025-10-19,Dinner,18,18:55,5,Dine-in,,209.0
1987,2025-10-19,Dinner,17,17:35,3,Dine-in,,137.0
1988,2025-10-19,Dinner,18,18:49,4,Dine-in,,110.0
1989,2025-10-19,Dinner,17,17:37,2,Dine-in,,47.0
1990,2025-10-19,Dinner,18,18:29,1,Dine-in,,102.0
1991,2025-10-19,Dinner,21,21:19,3,Takeaway,,156.0
1992,2025-10-19,Dinner,21,21:22,2,Dine-in,,38.5
1993,2025-10-19,Dinner,20,20:33,2,Dine-in,,95.0
1994,2025-10-19,Dinner,21,21:18,1,Dine-in,,46.5
1995,2025-10-19,Dinner,19,19:03,2,Dine-in,,96.5
1996,2025-10-19,Dinner,20,20:17,2,Takeaway,,76.5
1997,2025-10-19,Dinner,20,20:23,3,Dine-in,,132.0
1998,2025-10-19,Dinner,20,20:22,2,Takeaway,,27.5
1999,2025-10-19,Dinner,18,18:31,2,Dine-in,,95.0
2000,2025-10-19,Dinner,19,19:51,4,Dine-in,,266.0
2001,2025-10-19,Dinner,19,19:07,6,Dine-in,,284.5
2002,2025-10-19,Dinner,18,18:55,3,Dine-in,,148.0
2003,2025-10-19,Dinner,18,18:37,3,Dine-in,,259.0
2004,2025-10-19,Dinner,20,20:28,4,Dine-in,,150.5
2005,2025-10-19,Dinner,19,19:35,2,Takeaway,,97.5
2006,2025-10-19,Dinner,20,20:37,5,Dine-in,,179.0
2007,2025-10-19,Dinner,20,20:16,2,Dine-in,,18.5
2008,2025-10-19,Dinner,18,18:47,5,Dine-in,,208.5
2009,2025-10-19,Dinner,21,21:22,2,Dine-in,,146.0
2010,2025-10-19,Dinner,19,19:22,2,Dine-in,,56.5
2011,2025-10-19,Lunch,12,12:31,5,Dine-in,,311.5
2012,2025-10-19,Lunch,13,13:49,2,Dine-in,,44.0
2013,2025-10-19,Lunch,12,12:44,2,Dine-in,,12.5
2014,2025-10-19,Lunch,13,13:47,3,Takeaway,,217.0
2015,2025-10-19,Lunch,13,13:48,2,Dine-in,,41.0
2016,2025-10-19,Lunch,13,13:03,2,Dine-in,,137.0
2017,2025-10-19,Lunch,13,13:54,1,Dine-in,,27.5
2018,2025-10-19,Lunch,13,13:42,3,Dine-in,,169.0
2019,2025-10-19,Lunch,13,13:29,4,Takeaway,,154.0
2020,2025-10-19,Lunch,13,13:53,4,Dine-in,,242.0
2021,2025-10-19,Lunch,13,13:27,1,Dine-in,,13.0
2022,2025-10-19,Lunch,13,13:09,2,Dine-in,,96.5
2023,2025-10-19,Lunch,13,13:20,2,Dine-in,,56.5
2024,2025-10-19,Lunch,14,14:18,3,Dine-in,,69.0
2025,2025-10-21,Dinner,20,20:49,3,Dine-in,,192.0
2026,2025-10-21,Dinner,21,21:31,3,Dine-in,,97.0
2027,2025-10-21,Dinner,21,21:24,2,Dine-in,,46.5
2028,2025-10-21,Dinner,20,20:30,1,Dine-in,,18.5
2029,2025-10-21,Dinner,20,20:17,4,Dine-in,,89.5
2030,2025-10-21,Dinner,20,20:05,2,Dine-in,,34.0
2031,2025-10-21,Dinner,20,20:19,3,Dine-in,,168.5
2032,2025-10-21,Dinner,21,21:07,2,Dine-in,,18.0
2033,2025-10-21,Dinner,17,17:53,4,Dine-in,,143.5
2034,2025-10-21,Dinner,18,18:43,5,Dine-in,,164.0
2035,2025-10-21,Dinner,18,18:42,2,Dine-in,,50.5
2036,2025-10-21,Dinner,18,18:29,2,Dine-in,,64.5
2037,2025-10-21,Dinner,21,21:30,4,Dine-in,,141.0
2038,2025-10-21,Dinner,21,21:20,1,Takeaway,,0.0
2039,2025-10-21,Lunch,14,14:36,3,Dine-in,,55.5
2040,2025-10-21,Lunch,12,12:31,2,Dine-in,,48.0
2041,2025-10-21,Lunch,14,14:42,5,Dine-in,,220.5
2042,2025-10-21,Lunch,13,13:18,2,Dine-in,,49.5
2043,2025-10-21,Lunch,12,12:28,2,Dine-in,,58.5
2044,2025-10-21,Lunch,14,14:10,2,Dine-in,,109.0
2045,2025-10-21,Lunch,13,13:48,1,Dine-in,,38.0
2046,2025-10-21,Lunch,12,12:23,3,Dine-in,,119.5
2047,2025-10-22,Dinner,20,20:55,2,Dine-in,,93.5
2048,2025-10-22,Dinner,19,19:01,4,Takeaway,,234.5
2049,2025-10-22,Dinner,21,21:21,3,Dine-in,,131.0
2050,2025-10-22,Dinner,21,21:41,5,Dine-in,,327.5
2051,2025-10-22,Dinner,17,17:31,2,Takeaway,,127.0
2052,2025-10-22,Dinner,18,18:28,6,Dine-in,,185.0
2053,2025-10-22,Dinner,21,21:14,2,Dine-in,,187.5
2054,2025-10-22,Dinner,21,21:22,3,Dine-in,,113.5
2055,2025-10-22,Dinner,21,21:22,2,Dine-in,,41.0
2056,2025-10-22,Dinner,20,20:08,2,Dine-in,,56.5
2057,2025-10-22,Dinner,18,18:29,2,Dine-in,,164.0
2058,2025-10-22,Dinner,20,20:41,3,Dine-in,,94.0
2059,2025-10-22,Dinner,19,19:24,1,Dine-in,,100.5
2060,2025-10-22,Dinner,20,20:20,2,Dine-in,,18.5
2061,2025-10-22,Dinner,18,18:52,1,Dine-in,,71.0
2062,2025-10-22,Dinner,18,18:49,2,Dine-in,,134.0
2063,2025-10-22,Dinner,19,19:07,4,Dine-in,,265.5
2064,2025-10-22,Dinner,18,18:11,2,Dine-in,,27.5
2065,2025-10-22,Lunch,13,13:43,6,Dine-in,,185.0
2066,2025-10-22,Lunch,13,13:41,2,Dine-in,,131.5
2067,2025-10-22,Lunch,14,14:06,1,Dine-in,,117.0
2068,2025-10-22,Lunch,14,14:27,6,Dine-in,,153.5
2069,2025-10-22,Lunch,14,14:15,2,Dine-in,,100.0
2070,2025-10-23,Dinner,20,20:30,2,Dine-in,,82.0
2071,2025-10-23,Dinner,19,19:02,1,Dine-in,,19.0
2072,2025-10-23,Dinner,17,17:59,4,Dine-in,,280.5
2073,2025-10-23,Dinner,18,18:42,2,Dine-in,,47.0
2074,2025-10-23,Dinner,18,18:42,5,Dine-in,,197.0
2075,2025-10-23,Dinner,19,19:16,2,Dine-in,,81.0
2076,2025-10-23,Dinner,19,19:43,5,Dine-in,,175.0
2077,2025-10-23,Dinner,19,19:04,4,Dine-in,,204.0
2078,2025-10-23,Dinner,20,20:12,2,Dine-in,,94.5
2079,2025-10-23,Dinner,20,20:59,2,Dine-in,,59.0
2080,2025-10-23,Dinner,17,17:54,2,Dine-in,,70.5
2081,2025-10-23,Dinner,18,18:15,1,Dine-in,,0.0
2082,2025-10-23,Dinner,21,21:04,4,Dine-in,,74.0
2083,2025-10-23,Dinner,19,19:15,6,Dine-in,,401.0
2084,2025-10-23,Dinner,18,18:04,2,Dine-in,,90.0
2085,2025-10-23,Dinner,19,19:10,2,Dine-in,,31.5
2086,2025-10-23,Dinner,21,21:06,4,Dine-in,,150.5
2087,2025-10-23,Lunch,12,12:26,1,Dine-in,,105.0
2088,2025-10-23,Lunch,13,13:55,4,Dine-in,,167.5
2089,2025-10-23,Lunch,13,13:15,1,Dine-in,,49.5
2090,2025-10-23,Lunch,14,14:37,2,Dine-in,,55.0
2091,2025-10-23,Lunch,13,13:45,2,Takeaway,,89.5
2092,2025-10-23,Lunch,12,12:53,2,Takeaway,,129.0
2093,2025-10-23,Lunch,14,14:01,2,Takeaway,,9.5
2094,2025-10-23,Lunch,14,14:06,2,Dine-in,,70.0
2095,2025-10-23,Lunch,12,12:05,2,Dine-in,,88.0
2096,2025-10-23,Lunch,12,12:50,3,Takeaway,,153.0
2097,2025-10-23,Lunch,13,13:34,1,Dine-in,,57.0
2098,2025-10-24,Dinner,19,19:03,2,Dine-in,,70.5
2099,2025-10-24,Dinner,21,21:17,2,Dine-in,,133.5
2100,2025-10-24,Dinner,20,20:41,1,Dine-in,,17.0
2101,2025-10-24,Dinner,18,18:23,2,Dine-in,,50.5
2102,2025-10-24,Dinner,19,19:24,1,Dine-in,,60.0
2103,2025-10-24,Dinner,17,17:49,3,Dine-in,,176.5
2104,2025-10-24,Dinner,18,18:05,4,Takeaway,,178.5
2105,2025-10-24,Dinner,17,17:50,4,Takeaway,,149.5
2106,2025-10-24,Dinner,21,21:30,4,Takeaway,,138.5
2107,2025-10-24,Dinner,20,20:17,2,Dine-in,,172.0
2108,2025-10-24,Dinner,18,18:44,4,Dine-in,,127.5
2109,2025-10-24,Dinner,18,18:04,6,Dine-in,,248.5
2110,2025-10-24,Dinner,20,20:54,2,Dine-in,,42.5
2111,2025-10-24,Dinner,20,20:59,4,Dine-in,,123.5
2112,2025-10-24,Dinner,17,17:45,1,Dine-in,,129.0
2113,2025-10-24,Dinner,19,19:11,2,Dine-in,,57.0
2114,2025-10-24,Dinner,19,19:49,2,Dine-in,,163.0
2115,2025-10-24,Dinner,19,19:57,2,Dine-in,,73.5
2116,2025-10-24,Dinner,20,20:48,6,Dine-in,,258.0
2117,2025-10-24,Dinner,18,18:35,1,Dine-in,,42.5
2118,2025-10-24,Dinner,18,18:34,5,Dine-in,,234.5
2119,2025-10-24,Dinner,20,20:03,2,Dine-in,,90.0
2120,2025-10-24,Dinner,19,19:01,3,Takeaway,,167.0
2121,2025-10-24,Dinner,20,20:05,4,Dine-in,,93.5
2122,2025-10-24,Late,22,22:14,2,Dine-in,,149.5
2123,2025-10-24,Late,22,22:05,5,Dine-in,,128.5
2124,2025-10-24,Late,23,23:01,2,Dine-in,,175.0
2125,2025-10-24,Late,22,22:54,1,Dine-in,,48.0
2126,2025-10-24,Lunch,12,12:11,2,Dine-in,,25.5
2127,2025-10-24,Lunch,14,14:25,2,Takeaway,,83.5
2128,2025-10-24,Lunch,12,12:19,4,Dine-in,,173.5
2129,2025-10-24,Lunch,14,14:44,2,Dine-in,,120.0
2130,2025-10-24,Lunch,13,13:55,1,Dine-in,,44.5
2131,2025-10-24,Lunch,14,14:02,6,Dine-in,,190.5
2132,2025-10-24,Lunch,14,14:20,4,Dine-in,,184.5
2133,2025-10-24,Lunch,14,14:09,5,Dine-in,,247.5
2134,2025-10-24,Lunch,12,12:17,2,Dine-in,,36.0
2135,2025-10-24,Lunch,13,13:20,2,Takeaway,,143.0
2136,2025-10-25,Dinner,17,17:59,6,Dine-in,,162.5
2137,2025-10-25,Dinner,18,18:13,1,Dine-in,,19.5
2138,2025-10-25,Dinner,18,18:26,4,Dine-in,,187.0
2139,2025-10-25,Dinner,21,21:40,4,Dine-in,,180.5
2140,2025-10-25,Dinner,18,18:52,6,Dine-in,,221.5
2141,2025-10-25,Dinner,18,18:43,6,Dine-in,,253.5
2142,2025-10-25,Dinner,20,20:25,2,Dine-in,,116.0
2143,2025-10-25,Dinner,20,20:01,4,Dine-in,,205.5
2144,2025-10-25,Dinner,19,19:50,2,Takeaway,,92.0
2145,2025-10-25,Dinner,21,21:28,2,Dine-in,,29.0
2146,2025-10-25,Dinner,17,17:53,4,Dine-in,,193.5
2147,2025-10-25,Dinner,18,18:43,4,Dine-in,,178.0
2148,2025-10-25,Dinner,19,19:32,2,Dine-in,,90.0
2149,2025-10-25,Dinner,20,20:54,4,Dine-in,,155.5
2150,2025-10-25,Dinner,19,19:30,2,Dine-in,,83.5
2151,2025-10-25,Dinner,21,21:43,2,Dine-in,,67.0
2152,2025-10-25,Dinner,20,20:46,2,Dine-in,,108.0
2153,2025-10-25,Dinner,19,19:10,3,Dine-in,,186.5
2154,2025-10-25,Dinner,20,20:11,2,Takeaway,,86.0
2155,2025-10-25,Dinner,17,17:46,5,Dine-in,,271.5
2156,2025-10-25,Dinner,17,17:46,3,Dine-in,,152.0
2157,2025-10-25,Dinner,19,19:28,2,Takeaway,,176.0
2158,2025-10-25,Dinner,21,21:39,3,Dine-in,,147.0
2159,2025-10-25,Dinner,19,19:01,2,Dine-in,,19.5
2160,2025-10-25,Dinner,19,19:30,1,Dine-in,,70.0
2161,2025-10-25,Late,22,22:42,2,Takeaway,,81.0
2162,2025-10-25,Late,23,23:04,4,Takeaway,,188.0
2163,2025-10-25,Late,22,22:54,2,Dine-in,,85.0
2164,2025-10-25,Late,22,22:48,1,Dine-in,,60.5
2165,2025-10-25,Lunch,13,13:23,5,Dine-in,,156.0
2166,2025-10-25,Lunch,14,14:11,1,Dine-in,,24.5
2167,2025-10-25,Lunch,14,14:27,2,Dine-in,,114.0
2168,2025-10-25,Lunch,14,14:42,2,Dine-in,,114.5
2169,2025-10-25,Lunch,12,12:53,6,Dine-in,,297.5
2170,2025-10-25,Lunch,14,14:04,2,Dine-in,,55.5
2171,2025-10-25,Lunch,12,12:13,4,Dine-in,,159.0
2172,2025-10-25,Lunch,13,13:17,2,Takeaway,,129.0
2173,2025-10-25,Lunch,13,13:56,2,Dine-in,,27.5
2174,2025-10-25,Lunch,12,12:43,1,Dine-in,,148.0
2175,2025-10-25,Lunch,14,14:02,2,Dine-in,,67.5
2176,2025-10-25,Lunch,14,14:23,4,Dine-in,,116.5
2177,2025-10-25,Lunch,12,12:29,2,Dine-in,,69.0
2178,2025-10-25,Lunch,13,13:06,2,Dine-in,,90.5
2179,2025-10-26,Dinner,19,19:59,5,Dine-in,,157.5
2180,2025-10-26,Dinner,17,17:35,2,Takeaway,,62.5
2181,2025-10-26,Dinner,18,18:48,2,Dine-in,,84.5
2182,2025-10-26,Dinner,20,20:32,3,Dine-in,,58.0
2183,2025-10-26,Dinner,21,21:24,2,Dine-in,,112.5
2184,2025-10-26,Dinner,20,20:03,1,Dine-in,,32.5
2185,2025-10-26,Dinner,21,21:10,5,Dine-in,,398.5
2186,2025-10-26,Dinner,18,18:04,4,Dine-in,,147.0
2187,2025-10-26,Dinner,17,17:37,1,Dine-in,,116.0
2188,2025-10-26,Dinner,20,20:47,2,Dine-in,,69.0
2189,2025-10-26,Dinner,18,18:26,5,Dine-in,,148.0
2190,2025-10-26,Dinner,19,19:54,4,Takeaway,,225.0
2191,2025-10-26,Dinner,18,18:02,4,Dine-in,,215.5
2192,2025-10-26,Dinner,21,21:11,2,Dine-in,,108.5
2193,2025-10-26,Dinner,18,18:24,2,Dine-in,,69.0
2194,2025-10-26,Dinner,18,18:00,2,Dine-in,,161.0
2195,2025-10-26,Dinner,20,20:01,2,Dine-in,,64.5
2196,2025-10-26,Dinner,18,18:38,2,Dine-in,,125.5
2197,2025-10-26,Dinner,20,20:46,2,Dine-in,,83.5
2198,2025-10-26,Dinner,17,17:52,6,Takeaway,,141.0
2199,2025-10-26,Dinner,18,18:15,1,Dine-in,,53.5
2200,2025-10-26,Dinner,19,19:52,2,Dine-in,,107.0
2201,2025-10-26,Lunch,12,12:40,4,Dine-in,,205.0
2202,2025-10-26,Lunch,14,14:43,1,Dine-in,,43.5
2203,2025-10-26,Lunch,14,14:24,2,Dine-in,,50.0
2204,2025-10-26,Lunch,12,12:55,4,Dine-in,,238.5
2205,2025-10-26,Lunch,13,13:11,2,Dine-in,,85.0
2206,2025-10-26,Lunch,13,13:30,1,Takeaway,,37.5
2207,2025-10-26,Lunch,13,13:55,2,Takeaway,,51.5
2208,2025-10-26,Lunch,12,12:06,5,Dine-in,,227.5
2209,2025-10-26,Lunch,13,13:35,4,Takeaway,,157.0
2210,2025-10-28,Dinner,19,19:15,3,Dine-in,,94.5
2211,2025-10-28,Dinner,19,19:32,2,Dine-in,,58.5
2212,2025-10-28,Dinner,19,19:48,3,Dine-in,,129.5
2213,2025-10-28,Dinner,20,20:45,3,Dine-in,,99.5
2214,2025-10-28,Dinner,21,21:00,4,Dine-in,,87.0
2215,2025-10-28,Dinner,20,20:10,2,Dine-in,,106.0
2216,2025-10-28,Dinner,20,20:54,4,Dine-in,,152.0
2217,2025-10-28,Dinner,21,21:32,3,Takeaway,,146.5
2218,2025-10-28,Dinner,21,21:28,3,Dine-in,,73.0
2219,2025-10-28,Dinner,20,20:00,4,Dine-in,,138.0
2220,2025-10-28,Dinner,17,17:45,2,Takeaway,,93.5
2221,2025-10-28,Dinner,17,17:55,2,Dine-in,,41.5
2222,2025-10-28,Dinner,20,20:11,3,Dine-in,,124.5
2223,2025-10-28,Dinner,21,21:03,1,Dine-in,,59.0
2224,2025-10-28,Dinner,17,17:41,1,Dine-in,,31.0
2225,2025-10-28,Dinner,18,18:53,5,Dine-in,,155.5
2226,2025-10-28,Dinner,21,21:04,3,Dine-in,,126.0
2227,2025-10-28,Dinner,21,21:06,2,Takeaway,,125.0
2228,2025-10-28,Lunch,13,13:59,2,Takeaway,,91.5
2229,2025-10-28,Lunch,13,13:00,1,Takeaway,,13.5
2230,2025-10-28,Lunch,12,12:36,4,Dine-in,,169.5
2231,2025-10-28,Lunch,12,12:47,3,Dine-in,,154.0
2232,2025-10-28,Lunch,12,12:38,6,Dine-in,,231.5
2233,2025-10-28,Lunch,13,13:52,2,Dine-in,,120.0
2234,2025-10-28,Lunch,13,13:03,1,Dine-in,,24.5
2235,2025-10-29,Dinner,19,19:49,4,Dine-in,,208.5
2236,2025-10-29,Dinner,19,19:11,3,Dine-in,,144.0
2237,2025-10-29,Dinner,19,19:18,2,Dine-in,,202.0
2238,2025-10-29,Dinner,19,19:23,2,Dine-in,,137.5
2239,2025-10-29,Dinner,17,17:38,3,Takeaway,,167.5
2240,2025-10-29,Dinner,19,19:06,2,Dine-in,,0.0
2241,2025-10-29,Dinner,20,20:22,2,Dine-in,,106.0
2242,2025-10-29,Dinner,17,17:32,4,Dine-in,,114.0
2243,2025-10-29,Dinner,21,21:09,4,Takeaway,,151.0
2244,2025-10-29,Dinner,17,17:36,5,Dine-in,,117.5
2245,2025-10-29,Dinner,21,21:18,4,Takeaway,,194.5
2246,2025-10-29,Dinner,18,18:50,2,Dine-in,,191.0
2247,2025-10-29,Dinner,20,20:07,2,Dine-in,,159.5
2248,2025-10-29,Dinner,17,17:38,2,Dine-in,,47.0
2249,2025-10-29,Dinner,19,19:17,3,Takeaway,,112.5
2250,2025-10-29,Dinner,20,20:19,3,Dine-in,,167.5
2251,2025-10-29,Dinner,19,19:02,1,Dine-in,,36.5
2252,2025-10-29,Dinner,18,18:27,2,Dine-in,,41.5
2253,2025-10-29,Dinner,20,20:11,1,Dine-in,,42.0
2254,2025-10-29,Lunch,13,13:31,2,Dine-in,,62.5
2255,2025-10-29,Lunch,13,13:39,3,Dine-in,,113.5
2256,2025-10-29,Lunch,14,14:30,2,Dine-in,,42.5
2257,2025-10-29,Lunch,14,14:01,1,Dine-in,,48.0
2258,2025-10-29,Lunch,13,13:37,5,Dine-in,,193.0
2259,2025-10-29,Lunch,12,12:11,2,Dine-in,,65.5
2260,2025-10-29,Lunch,13,13:45,4,Takeaway,,138.0
2261,2025-10-29,Lunch,13,13:31,3,Dine-in,,179.5
2262,2025-10-30,Dinner,20,20:53,5,Dine-in,,257.5
2263,2025-10-30,Dinner,19,19:12,1,Takeaway,,6.5
2264,2025-10-30,Dinner,21,21:42,1,Takeaway,,3.5
2265,2025-10-30,Dinner,18,18:05,2,Dine-in,,93.5
2266,2025-10-30,Dinner,20,20:48,2,Dine-in,,29.0
2267,2025-10-30,Dinner,17,17:53,2,Dine-in,,57.0
2268,2025-10-30,Dinner,19,19:27,1,Dine-in,,62.0
2269,2025-10-30,Dinner,21,21:02,3,Takeaway,,282.0
2270,2025-10-30,Dinner,19,19:52,5,Takeaway,,126.5
2271,2025-10-30,Dinner,20,20:44,5,Dine-in,,254.5
2272,2025-10-30,Dinner,20,20:58,2,Takeaway,,33.0
2273,2025-10-30,Dinner,18,18:47,2,Dine-in,,135.5
2274,2025-10-30,Dinner,19,19:58,2,Takeaway,,130.0
2275,2025-10-30,Dinner,18,18:39,4,Dine-in,,228.0
2276,2025-10-30,Dinner,19,19:00,2,Dine-in,,58.5
2277,2025-10-30,Dinner,18,18:49,5,Dine-in,,214.5
2278,2025-10-30,Dinner,20,20:56,2,Dine-in,,128.0
2279,2025-10-30,Lunch,13,13:51,4,Dine-in,,148.5
2280,2025-10-30,Lunch,14,14:11,5,Dine-in,,280.5
2281,2025-10-30,Lunch,14,14:25,2,Takeaway,,118.0
2282,2025-10-30,Lunch,12,12:59,2,Dine-in,,84.0
2283,2025-10-30,Lunch,12,12:08,2,Dine-in,,57.5
2284,2025-10-30,Lunch,12,12:16,1,Dine-in,,61.0
2285,2025-10-30,Lunch,14,14:06,2,Dine-in,,70.5
2286,2025-10-30,Lunch,12,12:07,1,Dine-in,,45.5
2287,2025-10-30,Lunch,13,13:15,2,Dine-in,,105.0
2288,2025-10-30,Lunch,14,14:16,2,Dine-in,,105.5
2289,2025-10-31,Dinner,20,20:14,2,Dine-in,,101.0
2290,2025-10-31,Dinner,20,20:43,6,Dine-in,,333.0
2291,2025-10-31,Dinner,20,20:33,5,Takeaway,,138.5
2292,2025-10-31,Dinner,21,21:18,3,Dine-in,,68.0
2293,2025-10-31,Dinner,19,19:45,3,Dine-in,,158.5
2294,2025-10-31,Dinner,18,18:51,4,Dine-in,,108.5
2295,2025-10-31,Dinner,19,19:23,4,Dine-in,,168.0
2296,2025-10-31,Dinner,18,18:09,5,Dine-in,,144.5
2297,2025-10-31,Dinner,19,19:21,2,Dine-in,,121.0
2298,2025-10-31,Dinner,20,20:24,3,Takeaway,,190.5
2299,2025-10-31,Dinner,20,20:12,2,Dine-in,,64.5
2300,2025-10-31,Dinner,20,20:29,3,Dine-in,,197.5
2301,2025-10-31,Dinner,21,21:25,2,Takeaway,,174.5
2302,2025-10-31,Dinner,20,20:48,4,Dine-in,,221.0
2303,2025-10-31,Dinner,21,21:21,1,Dine-in,,0.0
2304,2025-10-31,Dinner,21,21:01,2,Dine-in,,64.5
2305,2025-10-31,Dinner,21,21:41,4,Dine-in,,191.5
2306,2025-10-31,Dinner,18,18:13,2,Dine-in,,52.5
2307,2025-10-31,Dinner,21,21:16,2,Dine-in,,67.0
2308,2025-10-31,Dinner,19,19:51,2,Dine-in,,86.0
2309,2025-10-31,Dinner,17,17:31,4,Dine-in,,134.0
2310,2025-10-31,Late,22,22:11,1,Dine-in,,0.0
2311,2025-10-31,Late,22,22:00,2,Dine-in,,176.0
2312,2025-10-31,Late,23,23:08,2,Dine-in,,99.5
2313,2025-10-31,Late,22,22:58,1,Dine-in,,176.0
2314,2025-10-31,Late,22,22:51,2,Dine-in,,135.5
2315,2025-10-31,Late,22,22:40,3,Dine-in,,117.5
2316,2025-10-31,Lunch,13,13:19,2,Dine-in,,239.5
2317,2025-10-31,Lunch,12,12:57,3,Takeaway,,73.5
2318,2025-10-31,Lunch,13,13:36,2,Dine-in,,42.5
2319,2025-10-31,Lunch,13,13:52,5,Dine-in,,283.0
2320,2025-10-31,Lunch,12,12:34,2,Dine-in,,135.0
2321,2025-10-31,Lunch,12,12:19,5,Takeaway,,195.0
2322,2025-10-31,Lunch,14,14:37,4,Dine-in,,112.0
2323,2025-10-31,Lunch,12,12:29,4,Dine-in,,261.0
2324,2025-10-31,Lunch,13,13:49,2,Dine-in,,72.5
2325,2025-11-01,Dinner,17,17:51,2,Dine-in,,50.5
2326,2025-11-01,Dinner,20,20:03,2,Dine-in,,44.5
2327,2025-11-01,Dinner,17,17:33,5,Dine-in,,231.5
2328,2025-11-01,Dinner,18,18:24,4,Dine-in,,197.5
2329,2025-11-01,Dinner,20,20:45,5,Dine-in,,141.0
2330,2025-11-01,Dinner,19,19:54,2,Dine-in,,78.0
2331,2025-11-01,Dinner,20,20:39,1,Dine-in,,57.5
2332,2025-11-01,Dinner,20,20:49,3,Dine-in,,256.0
2333,2025-11-01,Dinner,19,19:50,4,Dine-in,,220.5
2334,2025-11-01,Dinner,19,19:41,5,Dine-in,,194.0
2335,2025-11-01,Dinner,21,21:13,5,Dine-in,,90.0
2336,2025-11-01,Dinner,18,18:31,3,Dine-in,,282.0
2337,2025-11-01,Dinner,20,20:40,3,Dine-in,,185.5
2338,2025-11-01,Dinner,21,21:19,5,Dine-in,,249.5
2339,2025-11-01,Dinner,20,20:16,4,Dine-in,,224.5
2340,2025-11-01,Dinner,18,18:10,2,Dine-in,,75.0
2341,2025-11-01,Dinner,18,18:36,6,Dine-in,,320.0
2342,2025-11-01,Dinner,20,20:10,2,Dine-in,,115.0
2343,2025-11-01,Dinner,18,18:49,3,Takeaway,,142.5
2344,2025-11-01,Dinner,21,21:23,3,Dine-in,,133.0
2345,2025-11-01,Dinner,17,17:47,3,Dine-in,,147.5
2346,2025-11-01,Dinner,20,20:30,2,Dine-in,,82.5
2347,2025-11-01,Dinner,21,21:00,2,Dine-in,,163.0
2348,2025-11-01,Dinner,18,18:32,1,Dine-in,,88.0
2349,2025-11-01,Dinner,18,18:22,5,Dine-in,,189.5
2350,2025-11-01,Dinner,19,19:40,1,Takeaway,,23.0
2351,2025-11-01,Late,22,22:58,4,Dine-in,,287.5
2352,2025-11-01,Late,22,22:37,4,Dine-in,,209.5
2353,2025-11-01,Late,23,23:04,1,Dine-in,,16.0
2354,2025-11-01,Lunch,12,12:03,2,Dine-in,,123.0
2355,2025-11-01,Lunch,13,13:07,3,Dine-in,,72.0
2356,2025-11-01,Lunch,13,13:33,2,Dine-in,,92.0
2357,2025-11-01,Lunch,14,14:32,2,Takeaway,,56.5
2358,2025-11-01,Lunch,13,13:27,2,Dine-in,,122.5
2359,2025-11-01,Lunch,12,12:53,2,Dine-in,,168.5
2360,2025-11-01,Lunch,13,13:36,1,Dine-in,,39.0
2361,2025-11-01,Lunch,12,12:13,1,Dine-in,,60.0
2362,2025-11-01,Lunch,13,13:49,3,Takeaway,,160.5
2363,2025-11-01,Lunch,13,13:36,2,Dine-in,,79.5
2364,2025-11-01,Lunch,14,14:28,2,Dine-in,,110.5
2365,2025-11-01,Lunch,12,12:31,5,Dine-in,,337.5
2366,2025-11-01,Lunch,13,13:13,2,Dine-in,,78.0
2367,2025-11-01,Lunch,13,13:21,1,Dine-in,,48.5
2368,2025-11-01,Lunch,14,14:10,2,Dine-in,,78.0
2369,2025-11-02,Dinner,19,19:10,4,Dine-in,,184.5
2370,2025-11-02,Dinner,18,18:55,3,Dine-in,,74.0
2371,2025-11-02,Dinner,18,18:31,2,Dine-in,,161.0
2372,2025-11-02,Dinner,18,18:29,4,Dine-in,,213.5
2373,2025-11-02,Dinner,18,18:54,2,Dine-in,,28.0
2374,2025-11-02,Dinner,18,18:23,2,Dine-in,,68.0
2375,2025-11-02,Dinner,20,20:04,2,Dine-in,,45.5
2376,2025-11-02,Dinner,21,21:19,5,Takeaway,,347.5
2377,2025-11-02,Dinner,20,20:40,4,Dine-in,,126.0
2378,2025-11-02,Dinner,17,17:30,2,Dine-in,,141.0
2379,2025-11-02,Dinner,17,17:36,2,Takeaway,,40.5
2380,2025-11-02,Dinner,19,19:12,2,Dine-in,,69.0
2381,2025-11-02,Dinner,18,18:14,2,Dine-in,,67.5
2382,2025-11-02,Dinner,17,17:31,2,Takeaway,,165.0
2383,2025-11-02,Dinner,17,17:35,3,Dine-in,,173.0
2384,2025-11-02,Dinner,18,18:27,2,Dine-in,,84.0
2385,2025-11-02,Dinner,17,17:59,1,Dine-in,,49.5
2386,2025-11-02,Dinner,17,17:54,2,Dine-in,,75.5
2387,2025-11-02,Dinner,20,20:12,2,Dine-in,,83.0
2388,2025-11-02,Dinner,21,21:17,2,Dine-in,,62.5
2389,2025-11-02,Dinner,17,17:59,3,Dine-in,,159.5
2390,2025-11-02,Dinner,19,19:52,3,Takeaway,,66.0
2391,2025-11-02,Dinner,19,19:11,3,Dine-in,,130.5
2392,2025-11-02,Dinner,20,20:39,4,Takeaway,,230.5
2393,2025-11-02,Dinner,18,18:59,2,Dine-in,,108.5
2394,2025-11-02,Lunch,14,14:35,4,Dine-in,,122.5
2395,2025-11-02,Lunch,14,14:09,4,Dine-in,,192.5
2396,2025-11-02,Lunch,14,14:24,2,Dine-in,,26.5
2397,2025-11-02,Lunch,12,12:48,5,Dine-in,,250.5
2398,2025-11-02,Lunch,12,12:35,2,Takeaway,,195.5
2399,2025-11-02,Lunch,13,13:11,3,Dine-in,,121.5
2400,2025-11-02,Lunch,13,13:34,1,Dine-in,,29.5
2401,2025-11-02,Lunch,12,12:31,2,Dine-in,,136.0
2402,2025-11-02,Lunch,13,13:46,6,Dine-in,,143.5
2403,2025-11-02,Lunch,13,13:47,2,Dine-in,,129.5
2404,2025-11-04,Dinner,18,18:30,4,Dine-in,,135.5
2405,2025-11-04,Dinner,19,19:39,1,Takeaway,,45.0
2406,2025-11-04,Dinner,20,20:36,5,Dine-in,,193.0
2407,2025-11-04,Dinner,19,19:35,2,Dine-in,,61.0
2408,2025-11-04,Dinner,21,21:10,1,Dine-in,,5.5
2409,2025-11-04,Dinner,20,20:10,5,Dine-in,,244.5
2410,2025-11-04,Dinner,21,21:23,2,Dine-in,,65.5
2411,2025-11-04,Dinner,20,20:32,2,Dine-in,,102.5
2412,2025-11-04,Dinner,19,19:41,4,Takeaway,,120.5
2413,2025-11-04,Dinner,21,21:33,4,Dine-in,,143.5
2414,2025-11-04,Dinner,20,20:21,1,Dine-in,,81.0
2415,2025-11-04,Dinner,21,21:28,2,Takeaway,,72.5
2416,2025-11-04,Dinner,19,19:02,4,Dine-in,,147.0
2417,2025-11-04,Dinner,18,18:26,4,Dine-in,,302.0
2418,2025-11-04,Lunch,12,12:54,2,Dine-in,,62.0
2419,2025-11-04,Lunch,13,13:39,2,Takeaway,,92.5
2420,2025-11-04,Lunch,13,13:07,2,Dine-in,,66.0
2421,2025-11-04,Lunch,14,14:12,3,Dine-in,,157.5
2422,2025-11-04,Lunch,12,12:25,2,Dine-in,,94.5
2423,2025-11-04,Lunch,12,12:39,2,Dine-in,,67.5
2424,2025-11-04,Lunch,13,13:36,4,Dine-in,,181.0
2425,2025-11-04,Lunch,12,12:44,2,Dine-in,,54.5
2426,2025-11-05,Dinner,17,17:59,5,Dine-in,,211.5
2427,2025-11-05,Dinner,19,19:03,3,Dine-in,,95.0
2428,2025-11-05,Dinner,21,21:39,2,Dine-in,,135.0
2429,2025-11-05,Dinner,20,20:38,2,Takeaway,,66.5
2430,2025-11-05,Dinner,17,17:52,2,Dine-in,,58.5
2431,2025-11-05,Dinner,18,18:24,3,Takeaway,,101.5
2432,2025-11-05,Dinner,18,18:09,2,Dine-in,,81.5
2433,2025-11-05,Dinner,18,18:02,2,Dine-in,,87.0
2434,2025-11-05,Dinner,20,20:22,5,Dine-in,,293.0
2435,2025-11-05,Dinner,18,18:03,1,Dine-in,,18.0
2436,2025-11-05,Dinner,18,18:51,3,Dine-in,,64.0
2437,2025-11-05,Dinner,20,20:15,5,Dine-in,,169.0
2438,2025-11-05,Dinner,18,18:28,3,Dine-in,,74.5
2439,2025-11-05,Dinner,21,21:31,4,Dine-in,,96.0
2440,2025-11-05,Dinner,17,17:58,2,Dine-in,,51.5
2441,2025-11-05,Dinner,17,17:47,3,Dine-in,,47.0
2442,2025-11-05,Lunch,14,14:31,2,Dine-in,,135.0
2443,2025-11-05,Lunch,12,12:21,2,Dine-in,,92.5
2444,2025-11-05,Lunch,12,12:27,1,Dine-in,,0.0
2445,2025-11-05,Lunch,12,12:05,2,Dine-in,,73.5
2446,2025-11-05,Lunch,12,12:35,4,Dine-in,,96.5
2447,2025-11-05,Lunch,12,12:13,2,Takeaway,,39.5
2448,2025-11-05,Lunch,12,12:05,2,Takeaway,,65.5
2449,2025-11-05,Lunch,12,12:48,5,Dine-in,,263.0
2450,2025-11-06,Dinner,19,19:24,3,Dine-in,,130.5
2451,2025-11-06,Dinner,21,21:16,3,Dine-in,,148.0
2452,2025-11-06,Dinner,17,17:38,4,Dine-in,,205.5
2453,2025-11-06,Dinner,19,19:32,4,Dine-in,,249.0
2454,2025-11-06,Dinner,17,17:52,4,Dine-in,,147.5
2455,2025-11-06,Dinner,21,21:08,4,Dine-in,,125.5
2456,2025-11-06,Dinner,19,19:05,1,Dine-in,,51.0
2457,2025-11-06,Dinner,20,20:49,4,Dine-in,,88.0
2458,2025-11-06,Dinner,21,21:15,2,Dine-in,,164.5
2459,2025-11-06,Dinner,19,19:45,2,Takeaway,,77.0
2460,2025-11-06,Dinner,18,18:03,6,Dine-in,,325.5
2461,2025-11-06,Dinner,21,21:24,3,Dine-in,,165.5
2462,2025-11-06,Dinner,17,17:32,3,Dine-in,,113.5
2463,2025-11-06,Dinner,17,17:49,2,Dine-in,,78.5
2464,2025-11-06,Lunch,13,13:59,2,Dine-in,,67.0
2465,2025-11-06,Lunch,12,12:29,2,Takeaway,,102.5
2466,2025-11-06,Lunch,12,12:44,5,Dine-in,,133.5
2467,2025-11-06,Lunch,12,12:34,2,Dine-in,,109.0
2468,2025-11-06,Lunch,14,14:26,3,Dine-in,,56.5
2469,2025-11-06,Lunch,12,12:00,2,Dine-in,,121.0
2470,2025-11-06,Lunch,13,13:19,2,Dine-in,,83.5
2471,2025-11-06,Lunch,13,13:24,1,Dine-in,,32.0
2472,2025-11-06,Lunch,13,13:41,1,Dine-in,,99.0
2473,2025-11-06,Lunch,13,13:15,2,Dine-in,,67.5
2474,2025-11-07,Dinner,17,17:59,2,Dine-in,,37.5
2475,2025-11-07,Dinner,19,19:21,4,Dine-in,,136.5
2476,2025-11-07,Dinner,21,21:30,2,Dine-in,,93.5
2477,2025-11-07,Dinner,20,20:14,2,Dine-in,,78.5
2478,2025-11-07,Dinner,19,19:08,3,Dine-in,,128.0
2479,2025-11-07,Dinner,17,17:44,3,Dine-in,,147.0
2480,2025-11-07,Dinner,18,18:22,4,Dine-in,,179.5
2481,2025-11-07,Dinner,18,18:38,3,Takeaway,,94.5
2482,2025-11-07,Dinner,18,18:05,2,Dine-in,,76.5
2483,2025-11-07,Dinner,18,18:46,2,Takeaway,,149.0
2484,2025-11-07,Dinner,19,19:24,2,Takeaway,,150.5
2485,2025-11-07,Dinner,20,20:13,2,Dine-in,,97.0
2486,2025-11-07,Dinner,20,20:44,4,Dine-in,,202.0
2487,2025-11-07,Dinner,21,21:21,5,Dine-in,,319.5
2488,2025-11-07,Dinner,18,18:42,2,Dine-in,,64.0
2489,2025-11-07,Dinner,19,19:58,3,Dine-in,,127.5
2490,2025-11-07,Dinner,17,17:43,2,Dine-in,,101.0
2491,2025-11-07,Dinner,19,19:32,5,Dine-in,,140.5
2492,2025-11-07,Dinner,18,18:13,2,Dine-in,,110.0
2493,2025-11-07,Dinner,18,18:38,2,Dine-in,,97.0
2494,2025-11-07,Dinner,20,20:03,4,Dine-in,,207.5
2495,2025-11-07,Dinner,21,21:08,6,Dine-in,,196.5
2496,2025-11-07,Dinner,20,20:55,2,Dine-in,,68.5
2497,2025-11-07,Dinner,18,18:57,1,Dine-in,,44.5
2498,2025-11-07,Late,22,22:21,2,Dine-in,,161.5
2499,2025-11-07,Late,23,23:06,2,Takeaway,,127.0
2500,2025-11-07,Late,23,23:14,2,Dine-in,,113.0
2501,2025-11-07,Late,23,23:10,2,Dine-in,,37.0
2502,2025-11-07,Late,22,22:26,2,Dine-in,,67.5
2503,2025-11-07,Lunch,13,13:05,2,Dine-in,,81.5
2504,2025-11-07,Lunch,12,12:31,2,Dine-in,,47.5
2505,2025-11-07,Lunch,13,13:44,2,Dine-in,,32.5
2506,2025-11-07,Lunch,14,14:32,6,Dine-in,,265.0
2507,2025-11-07,Lunch,12,12:39,3,Dine-in,,11.5
2508,2025-11-07,Lunch,13,13:57,4,Dine-in,,157.5
2509,2025-11-07,Lunch,13,13:46,3,Takeaway,,120.5
2510,2025-11-07,Lunch,12,12:49,5,Dine-in,,104.0
2511,2025-11-08,Dinner,18,18:40,6,Dine-in,,234.5
2512,2025-11-08,Dinner,17,17:35,4,Dine-in,,107.0
2513,2025-11-08,Dinner,18,18:01,4,Takeaway,,204.0
2514,2025-11-08,Dinner,20,20:27,4,Dine-in,,150.5
2515,2025-11-08,Dinner,19,19:33,2,Dine-in,,54.5
2516,2025-11-08,Dinner,19,19:34,3,Dine-in,,109.0
2517,2025-11-08,Dinner,18,18:34,2,Dine-in,,101.5
2518,2025-11-08,Dinner,21,21:12,1,Dine-in,,56.0
2519,2025-11-08,Dinner,20,20:38,2,Dine-in,,148.5
2520,2025-11-08,Dinner,20,20:11,2,Dine-in,,78.5
2521,2025-11-08,Dinner,21,21:01,2,Dine-in,,52.0
2522,2025-11-08,Dinner,18,18:15,1,Dine-in,,48.0
2523,2025-11-08,Dinner,17,17:59,5,Dine-in,,202.5
2524,2025-11-08,Dinner,20,20:30,1,Takeaway,,18.0
2525,2025-11-08,Dinner,19,19:39,3,Dine-in,,69.5
2526,2025-11-08,Dinner,18,18:56,4,Dine-in,,227.0
2527,2025-11-08,Dinner,21,21:02,1,Dine-in,,55.0
2528,2025-11-08,Dinner,20,20:48,4,Dine-in,,256.0
2529,2025-11-08,Dinner,19,19:22,2,Dine-in,,74.0
2530,2025-11-08,Dinner,19,19:48,2,Dine-in,,92.5
2531,2025-11-08,Dinner,18,18:30,1,Dine-in,,31.5
2532,2025-11-08,Dinner,19,19:49,5,Dine-in,,197.0
2533,2025-11-08,Dinner,18,18:48,2,Dine-in,,79.5
2534,2025-11-08,Dinner,19,19:55,3,Dine-in,,100.5
2535,2025-11-08,Dinner,21,21:05,2,Dine-in,,156.0
2536,2025-11-08,Dinner,19,19:44,2,Dine-in,,95.0
2537,2025-11-08,Dinner,19,19:47,2,Dine-in,,77.0
2538,2025-11-08,Dinner,19,19:59,2,Dine-in,,42.5
2539,2025-11-08,Dinner,19,19:25,2,Takeaway,,82.5
2540,2025-11-08,Late,22,22:07,1,Dine-in,,19.5
2541,2025-11-08,Late,22,22:10,3,Takeaway,,40.0
2542,2025-11-08,Late,22,22:51,3,Dine-in,,196.0
2543,2025-11-08,Late,23,23:14,2,Takeaway,,66.5
2544,2025-11-08,Late,22,22:25,1,Dine-in,,6.5
2545,2025-11-08,Lunch,12,12:53,2,Dine-in,,157.5
2546,2025-11-08,Lunch,13,13:15,3,Dine-in,,93.5
2547,2025-11-08,Lunch,13,13:32,5,Takeaway,,278.5
2548,2025-11-08,Lunch,13,13:43,2,Dine-in,,157.0
2549,2025-11-08,Lunch,13,13:56,2,Takeaway,,119.0
2550,2025-11-08,Lunch,14,14:13,3,Dine-in,,151.5
2551,2025-11-08,Lunch,12,12:34,4,Dine-in,,231.0
2552,2025-11-08,Lunch,12,12:03,4,Dine-in,,163.0
2553,2025-11-08,Lunch,13,13:21,3,Dine-in,,102.5
2554,2025-11-08,Lunch,13,13:40,3,Dine-in,,132.5
2555,2025-11-08,Lunch,12,12:34,5,Dine-in,,122.5
2556,2025-11-09,Dinner,19,19:57,1,Dine-in,,20.0
2557,2025-11-09,Dinner,21,21:38,2,Dine-in,,54.5
2558,2025-11-09,Dinner,19,19:11,2,Dine-in,,59.5
2559,2025-11-09,Dinner,19,19:41,2,Dine-in,,43.0
2560,2025-11-09,Dinner,19,19:10,4,Dine-in,,181.0
2561,2025-11-09,Dinner,20,20:04,4,Dine-in,,198.5
2562,2025-11-09,Dinner,19,19:22,5,Dine-in,,253.5
2563,2025-11-09,Dinner,18,18:12,1,Dine-in,,8.5
2564,2025-11-09,Dinner,20,20:22,4,Dine-in,,98.0
2565,2025-11-09,Dinner,19,19:19,3,Dine-in,,241.5
2566,2025-11-09,Dinner,19,19:40,5,Takeaway,,229.5
2567,2025-11-09,Dinner,21,21:16,5,Dine-in,,237.5
2568,2025-11-09,Dinner,21,21:31,6,Dine-in,,171.5
2569,2025-11-09,Dinner,19,19:32,2,Dine-in,,180.0
2570,2025-11-09,Dinner,20,20:55,1,Dine-in,,70.5
2571,2025-11-09,Dinner,19,19:39,1,Dine-in,,41.5
2572,2025-11-09,Dinner,19,19:03,2,Dine-in,,61.0
2573,2025-11-09,Dinner,21,21:16,2,Takeaway,,99.5
2574,2025-11-09,Dinner,20,20:28,2,Takeaway,,96.5
2575,2025-11-09,Dinner,21,21:43,2,Dine-in,,54.0
2576,2025-11-09,Dinner,19,19:39,4,Dine-in,,246.5
2577,2025-11-09,Dinner,18,18:34,4,Dine-in,,174.0
2578,2025-11-09,Lunch,13,13:23,2,Dine-in,,65.5
2579,2025-11-09,Lunch,13,13:03,3,Dine-in,,48.0
2580,2025-11-09,Lunch,12,12:00,1,Takeaway,,12.0
2581,2025-11-09,Lunch,12,12:06,5,Dine-in,,164.0
2582,2025-11-09,Lunch,12,12:15,2,Takeaway,,77.0
2583,2025-11-09,Lunch,12,12:34,2,Dine-in,,80.0
2584,2025-11-09,Lunch,12,12:20,3,Takeaway,,103.0
2585,2025-11-09,Lunch,12,12:35,4,Takeaway,,118.5
2586,2025-11-09,Lunch,13,13:40,2,Dine-in,,82.5
2587,2025-11-09,Lunch,13,13:50,1,Dine-in,,45.5
2588,2025-11-09,Lunch,14,14:01,1,Dine-in,,22.0
2589,2025-11-09,Lunch,13,13:15,2,Dine-in,,79.0
2590,2025-11-09,Lunch,13,13:49,5,Dine-in,,219.5
2591,2025-11-11,Dinner,19,19:02,4,Dine-in,,176.5
2592,2025-11-11,Dinner,17,17:35,2,Dine-in,,156.0
2593,2025-11-11,Dinner,18,18:10,1,Dine-in,,11.5
2594,2025-11-11,Dinner,18,18:39,3,Dine-in,,126.5
2595,2025-11-11,Dinner,19,19:45,2,Dine-in,,31.5
2596,2025-11-11,Dinner,20,20:36,2,Dine-in,,146.0
2597,2025-11-11,Dinner,18,18:11,2,Dine-in,,47.0
2598,2025-11-11,Dinner,21,21:29,5,Dine-in,,247.0
2599,2025-11-11,Dinner,20,20:22,2,Dine-in,,125.5
2600,2025-11-11,Dinner,18,18:05,2,Dine-in,,62.5
2601,2025-11-11,Dinner,18,18:45,5,Dine-in,,210.0
2602,2025-11-11,Dinner,18,18:22,2,Takeaway,,29.5
2603,2025-11-11,Dinner,18,18:08,2,Dine-in,,67.5
2604,2025-11-11,Dinner,20,20:16,1,Dine-in,,29.5
2605,2025-11-11,Dinner,17,17:56,1,Dine-in,,50.0
2606,2025-11-11,Dinner,19,19:36,1,Dine-in,,24.5
2607,2025-11-11,Dinner,20,20:52,3,Dine-in,,189.0
2608,2025-11-11,Dinner,21,21:15,3,Dine-in,,123.0
2609,2025-11-11,Dinner,20,20:07,2,Dine-in,,82.5
2610,2025-11-11,Lunch,14,14:14,6,Dine-in,,261.5
2611,2025-11-11,Lunch,12,12:43,4,Dine-in,,108.0
2612,2025-11-11,Lunch,12,12:35,1,Takeaway,,35.5
2613,2025-11-11,Lunch,14,14:42,1,Dine-in,,0.0
2614,2025-11-11,Lunch,13,13:11,2,Dine-in,,44.0
2615,2025-11-11,Lunch,14,14:17,4,Dine-in,,132.0
2616,2025-11-12,Dinner,21,21:09,2,Dine-in,,32.5
2617,2025-11-12,Dinner,20,20:23,4,Dine-in,,180.5
2618,2025-11-12,Dinner,20,20:23,3,Dine-in,,212.5
2619,2025-11-12,Dinner,21,21:01,2,Dine-in,,50.0
2620,2025-11-12,Dinner,17,17:33,5,Takeaway,,182.0
2621,2025-11-12,Dinner,18,18:31,2,Dine-in,,55.5
2622,2025-11-12,Dinner,19,19:49,3,Dine-in,,114.0
2623,2025-11-12,Dinner,18,18:30,2,Dine-in,,102.5
2624,2025-11-12,Dinner,19,19:24,2,Takeaway,,133.5
2625,2025-11-12,Dinner,21,21:44,2,Dine-in,,111.5
2626,2025-11-12,Dinner,19,19:58,5,Dine-in,,208.0
2627,2025-11-12,Dinner,18,18:14,2,Dine-in,,86.0
2628,2025-11-12,Dinner,19,19:21,6,Dine-in,,222.5
2629,2025-11-12,Dinner,21,21:12,2,Dine-in,,112.0
2630,2025-11-12,Dinner,18,18:43,5,Dine-in,,167.5
2631,2025-11-12,Dinner,18,18:28,2,Dine-in,,84.5
2632,2025-11-12,Dinner,18,18:09,3,Dine-in,,157.5
2633,2025-11-12,Lunch,13,13:41,6,Dine-in,,375.0
2634,2025-11-12,Lunch,12,12:35,2,Dine-in,,64.0
2635,2025-11-12,Lunch,13,13:11,2,Dine-in,,104.0
2636,2025-11-12,Lunch,12,12:05,2,Dine-in,,55.5
2637,2025-11-12,Lunch,12,12:53,2,Dine-in,,79.5
2638,2025-11-12,Lunch,12,12:54,2,Dine-in,,75.0
2639,2025-11-12,Lunch,14,14:26,4,Dine-in,,138.5
2640,2025-11-12,Lunch,13,13:46,2,Dine-in,,48.0
2641,2025-11-13,Dinner,17,17:41,4,Dine-in,,105.5
2642,2025-11-13,Dinner,21,21:14,2,Dine-in,,127.5
2643,2025-11-13,Dinner,17,17:53,4,Takeaway,,154.5
2644,2025-11-13,Dinner,19,19:29,3,Dine-in,,75.0
2645,2025-11-13,Dinner,20,20:40,5,Dine-in,,254.5
2646,2025-11-13,Dinner,18,18:16,3,Dine-in,,135.0
2647,2025-11-13,Dinner,20,20:00,3,Dine-in,,88.0
2648,2025-11-13,Dinner,18,18:52,5,Dine-in,,297.5
2649,2025-11-13,Dinner,20,20:58,1,Dine-in,,19.0
2650,2025-11-13,Dinner,19,19:42,5,Dine-in,,125.5
2651,2025-11-13,Dinner,18,18:37,2,Dine-in,,113.0
2652,2025-11-13,Dinner,18,18:20,3,Dine-in,,123.5
2653,2025-11-13,Dinner,18,18:20,5,Dine-in,,306.0
2654,2025-11-13,Lunch,14,14:30,2,Dine-in,,136.5
2655,2025-11-13,Lunch,14,14:04,3,Dine-in,,159.5
2656,2025-11-13,Lunch,12,12:47,2,Dine-in,,92.0
2657,2025-11-13,Lunch,12,12:18,2,Dine-in,,32.0
2658,2025-11-13,Lunch,14,14:41,5,Dine-in,,141.0
2659,2025-11-13,Lunch,13,13:18,3,Dine-in,,134.0
2660,2025-11-13,Lunch,13,13:48,2,Takeaway,,118.0
2661,2025-11-13,Lunch,13,13:21,5,Dine-in,,279.0
2662,2025-11-14,Dinner,18,18:23,2,Takeaway,,62.0
2663,2025-11-14,Dinner,19,19:48,2,Dine-in,,60.0
2664,2025-11-14,Dinner,18,18:16,4,Dine-in,,150.5
2665,2025-11-14,Dinner,17,17:34,1,Dine-in,,23.5
2666,2025-11-14,Dinner,20,20:14,4,Dine-in,,194.0
2667,2025-11-14,Dinner,21,21:38,5,Dine-in,,232.5
2668,2025-11-14,Dinner,18,18:10,1,Dine-in,,26.5
2669,2025-11-14,Dinner,21,21:14,5,Dine-in,,253.5
2670,2025-11-14,Dinner,19,19:04,2,Dine-in,,51.5
2671,2025-11-14,Dinner,19,19:14,5,Dine-in,,219.5
2672,2025-11-14,Dinner,20,20:38,5,Dine-in,,114.5
2673,2025-11-14,Dinner,19,19:10,4,Dine-in,,64.5
2674,2025-11-14,Dinner,20,20:14,5,Dine-in,,153.5
2675,2025-11-14,Dinner,19,19:36,2,Dine-in,,113.0
2676,2025-11-14,Dinner,21,21:21,4,Dine-in,,182.5
2677,2025-11-14,Dinner,20,20:30,1,Dine-in,,54.5
2678,2025-11-14,Dinner,19,19:04,2,Takeaway,,74.0
2679,2025-11-14,Dinner,19,19:56,2,Dine-in,,139.0
2680,2025-11-14,Dinner,20,20:35,3,Dine-in,,60.0
2681,2025-11-14,Dinner,17,17:39,5,Dine-in,,116.0
2682,2025-11-14,Dinner,18,18:36,4,Takeaway,,235.5
2683,2025-11-14,Dinner,18,18:18,3,Dine-in,,88.0
2684,2025-11-14,Dinner,17,17:59,1,Dine-in,,99.0
2685,2025-11-14,Dinner,21,21:39,2,Dine-in,,79.5
2686,2025-11-14,Dinner,18,18:51,2,Dine-in,,71.0
2687,2025-11-14,Dinner,18,18:03,3,Dine-in,,79.0
2688,2025-11-14,Late,23,23:13,4,Dine-in,,197.0
2689,2025-11-14,Late,23,23:11,1,Takeaway,,47.0
2690,2025-11-14,Late,22,22:42,4,Dine-in,,239.0
2691,2025-11-14,Late,22,22:19,1,Dine-in,,22.0
2692,2025-11-14,Lunch,14,14:12,2,Dine-in,,70.0
2693,2025-11-14,Lunch,13,13:59,5,Dine-in,,250.5
2694,2025-11-14,Lunch,14,14:21,5,Dine-in,,208.5
2695,2025-11-14,Lunch,12,12:42,3,Dine-in,,175.5
2696,2025-11-14,Lunch,14,14:22,2,Dine-in,,44.0
2697,2025-11-14,Lunch,12,12:56,2,Dine-in,,100.5
2698,2025-11-14,Lunch,12,12:32,1,Takeaway,,30.5
2699,2025-11-14,Lunch,12,12:15,2,Takeaway,,107.0
2700,2025-11-14,Lunch,12,12:05,2,Dine-in,,72.5
2701,2025-11-14,Lunch,12,12:36,1,Dine-in,,21.5
2702,2025-11-14,Lunch,12,12:30,2,Dine-in,,186.0
2703,2025-11-15,Dinner,17,17:38,4,Dine-in,,160.5
2704,2025-11-15,Dinner,20,20:50,4,Dine-in,,151.5
2705,2025-11-15,Dinner,20,20:16,1,Dine-in,,65.0
2706,2025-11-15,Dinner,17,17:57,2,Dine-in,,103.0
2707,2025-11-15,Dinner,20,20:17,6,Dine-in,,207.5
2708,2025-11-15,Dinner,19,19:38,3,Dine-in,,56.0
2709,2025-11-15,Dinner,21,21:20,5,Dine-in,,225.0
2710,2025-11-15,Dinner,21,21:00,2,Dine-in,,107.0
2711,2025-11-15,Dinner,21,21:36,4,Dine-in,,126.5
2712,2025-11-15,Dinner,21,21:04,2,Dine-in,,111.0
2713,2025-11-15,Dinner,20,20:03,1,Dine-in,,28.0
2714,2025-11-15,Dinner,18,18:42,3,Dine-in,,84.0
2715,2025-11-15,Dinner,20,20:27,5,Dine-in,,312.0
2716,2025-11-15,Dinner,18,18:19,4,Dine-in,,152.5
2717,2025-11-15,Dinner,18,18:43,5,Takeaway,,246.0
2718,2025-11-15,Dinner,18,18:50,4,Dine-in,,158.0
2719,2025-11-15,Dinner,17,17:53,2,Dine-in,,82.5
2720,2025-11-15,Dinner,18,18:35,4,Dine-in,,192.0
2721,2025-11-15,Dinner,19,19:47,2,Dine-in,,133.0
2722,2025-11-15,Dinner,18,18:43,2,Dine-in,,46.0
2723,2025-11-15,Dinner,19,19:32,2,Dine-in,,35.5
2724,2025-11-15,Dinner,17,17:42,6,Dine-in,,224.0
2725,2025-11-15,Dinner,20,20:02,1,Takeaway,,14.5
2726,2025-11-15,Late,22,22:55,2,Dine-in,,171.0
2727,2025-11-15,Late,22,22:01,2,Dine-in,,84.0
2728,2025-11-15,Late,22,22:53,1,Dine-in,,109.5
2729,2025-11-15,Late,22,22:23,2,Takeaway,,80.0
2730,2025-11-15,Late,22,22:22,3,Dine-in,,150.5
2731,2025-11-15,Late,22,22:05,1,Dine-in,,31.5
2732,2025-11-15,Lunch,12,12:21,4,Dine-in,,253.5
2733,2025-11-15,Lunch,14,14:31,1,Dine-in,,76.0
2734,2025-11-15,Lunch,12,12:07,2,Dine-in,,29.0
2735,2025-11-15,Lunch,13,13:47,1,Dine-in,,65.0
2736,2025-11-15,Lunch,13,13:21,5,Dine-in,,236.0
2737,2025-11-15,Lunch,13,13:58,3,Dine-in,,121.0
2738,2025-11-15,Lunch,12,12:52,6,Dine-in,,193.5
2739,2025-11-15,Lunch,14,14:16,2,Dine-in,,52.5
2740,2025-11-15,Lunch,12,12:21,6,Takeaway,,230.0
2741,2025-11-15,Lunch,12,12:16,5,Dine-in,,233.0
2742,2025-11-16,Dinner,21,21:35,6,Dine-in,,325.0
2743,2025-11-16,Dinner,21,21:00,2,Dine-in,,159.0
2744,2025-11-16,Dinner,21,21:13,2,Takeaway,,131.5
2745,2025-11-16,Dinner,19,19:05,2,Takeaway,,128.0
2746,2025-11-16,Dinner,18,18:27,6,Dine-in,,191.0
2747,2025-11-16,Dinner,21,21:39,5,Dine-in,,296.5
2748,2025-11-16,Dinner,17,17:49,4,Dine-in,,209.5
2749,2025-11-16,Dinner,18,18:58,4,Dine-in,,162.5
2750,2025-11-16,Dinner,18,18:28,4,Dine-in,,198.0
2751,2025-11-16,Dinner,20,20:00,2,Dine-in,,13.5
2752,2025-11-16,Dinner,19,19:44,2,Dine-in,,120.0
2753,2025-11-16,Dinner,20,20:02,4,Dine-in,,206.0
2754,2025-11-16,Dinner,17,17:44,1,Dine-in,,103.5
2755,2025-11-16,Dinner,19,19:33,4,Dine-in,,227.0
2756,2025-11-16,Dinner,18,18:39,2,Dine-in,,75.5
2757,2025-11-16,Dinner,21,21:18,2,Takeaway,,121.5
2758,2025-11-16,Dinner,18,18:28,3,Dine-in,,146.5
2759,2025-11-16,Dinner,17,17:48,2,Dine-in,,83.5
2760,2025-11-16,Lunch,12,12:44,1,Dine-in,,63.0
2761,2025-11-16,Lunch,14,14:18,4,Dine-in,,164.0
2762,2025-11-16,Lunch,14,14:42,2,Dine-in,,44.5
2763,2025-11-16,Lunch,13,13:23,2,Dine-in,,127.5
2764,2025-11-16,Lunch,13,13:42,2,Dine-in,,136.5
2765,2025-11-16,Lunch,12,12:30,2,Dine-in,,34.0
2766,2025-11-16,Lunch,12,12:46,2,Dine-in,,136.0
2767,2025-11-16,Lunch,14,14:09,1,Dine-in,,13.0
2768,2025-11-16,Lunch,13,13:51,2,Dine-in,,133.5
2769,2025-11-16,Lunch,13,13:07,4,Dine-in,,274.5
2770,2025-11-16,Lunch,12,12:43,2,Dine-in,,24.0
2771,2025-11-16,Lunch,14,14:38,2,Dine-in,,37.5
2772,2025-11-18,Dinner,18,18:11,4,Dine-in,,225.0
2773,2025-11-18,Dinner,17,17:44,5,Dine-in,,340.5
2774,2025-11-18,Dinner,19,19:06,3,Dine-in,,140.0
2775,2025-11-18,Dinner,18,18:06,3,Dine-in,,101.0
2776,2025-11-18,Dinner,17,17:51,2,Takeaway,,21.0
2777,2025-11-18,Dinner,18,18:07,2,Dine-in,,22.5
2778,2025-11-18,Dinner,18,18:44,1,Dine-in,,16.0
2779,2025-11-18,Dinner,18,18:56,4,Dine-in,,196.5
2780,2025-11-18,Dinner,20,20:18,5,Takeaway,,265.0
2781,2025-11-18,Dinner,18,18:52,4,Dine-in,,163.0
2782,2025-11-18,Dinner,19,19:45,1,Dine-in,,61.5
2783,2025-11-18,Dinner,17,17:35,2,Dine-in,,51.0
2784,2025-11-18,Dinner,19,19:07,2,Dine-in,,84.0
2785,2025-11-18,Dinner,21,21:38,1,Dine-in,,65.5
2786,2025-11-18,Lunch,13,13:28,3,Dine-in,,209.0
2787,2025-11-18,Lunch,13,13:19,4,Dine-in,,216.5
2788,2025-11-18,Lunch,14,14:10,4,Dine-in,,171.0
2789,2025-11-18,Lunch,13,13:07,2,Dine-in,,179.0
2790,2025-11-18,Lunch,14,14:00,5,Dine-in,,197.0
2791,2025-11-18,Lunch,14,14:11,2,Dine-in,,180.5
2792,2025-11-19,Dinner,19,19:49,3,Takeaway,,138.5
2793,2025-11-19,Dinner,18,18:20,2,Dine-in,,30.0
2794,2025-11-19,Dinner,19,19:53,2,Takeaway,,66.5
2795,2025-11-19,Dinner,18,18:27,2,Dine-in,,135.0
2796,2025-11-19,Dinner,20,20:07,4,Dine-in,,144.5
2797,2025-11-19,Dinner,21,21:34,4,Dine-in,,175.0
2798,2025-11-19,Dinner,21,21:16,4,Takeaway,,202.5
2799,2025-11-19,Dinner,17,17:52,1,Dine-in,,72.0
2800,2025-11-19,Dinner,20,20:16,1,Dine-in,,50.0
2801,2025-11-19,Dinner,20,20:29,3,Dine-in,,187.0
2802,2025-11-19,Dinner,21,21:25,2,Dine-in,,43.0
2803,2025-11-19,Dinner,21,21:21,5,Takeaway,,258.5
2804,2025-11-19,Dinner,20,20:03,2,Dine-in,,158.5
2805,2025-11-19,Dinner,17,17:31,1,Dine-in,,31.0
2806,2025-11-19,Dinner,17,17:46,3,Dine-in,,130.0
2807,2025-11-19,Dinner,18,18:49,2,Dine-in,,180.0
2808,2025-11-19,Dinner,21,21:29,4,Dine-in,,144.0
2809,2025-11-19,Lunch,14,14:40,3,Dine-in,,178.0
2810,2025-11-19,Lunch,13,13:34,1,Dine-in,,49.0
2811,2025-11-19,Lunch,14,14:26,3,Dine-in,,196.0
2812,2025-11-19,Lunch,13,13:57,5,Dine-in,,196.0
2813,2025-11-19,Lunch,13,13:57,4,Dine-in,,182.0
2814,2025-11-19,Lunch,12,12:50,2,Dine-in,,71.0
2815,2025-11-19,Lunch,13,13:31,2,Dine-in,,78.5
2816,2025-11-19,Lunch,13,13:29,1,Dine-in,,54.0
2817,2025-11-20,Dinner,18,18:50,5,Takeaway,,196.5
2818,2025-11-20,Dinner,21,21:27,2,Dine-in,,82.0
2819,2025-11-20,Dinner,21,21:13,2,Dine-in,,106.0
2820,2025-11-20,Dinner,19,19:47,3,Dine-in,,123.5
2821,2025-11-20,Dinner,20,20:09,2,Dine-in,,87.5
2822,2025-11-20,Dinner,19,19:16,5,Dine-in,,147.0
2823,2025-11-20,Dinner,19,19:14,2,Dine-in,,48.5
2824,2025-11-20,Dinner,19,19:31,5,Dine-in,,241.0
2825,2025-11-20,Dinner,17,17:40,1,Dine-in,,47.5
2826,2025-11-20,Dinner,19,19:23,4,Dine-in,,137.0
2827,2025-11-20,Dinner,20,20:00,2,Dine-in,,61.0
2828,2025-11-20,Dinner,18,18:09,2,Dine-in,,20.5
2829,2025-11-20,Dinner,19,19:39,2,Dine-in,,66.5
2830,2025-11-20,Dinner,20,20:32,1,Dine-in,,42.5
2831,2025-11-20,Dinner,19,19:32,1,Dine-in,,75.5
2832,2025-11-20,Dinner,18,18:40,2,Dine-in,,117.5
2833,2025-11-20,Dinner,19,19:28,2,Dine-in,,108.0
2834,2025-11-20,Dinner,18,18:20,4,Dine-in,,203.0
2835,2025-11-20,Dinner,19,19:59,2,Dine-in,,41.5
2836,2025-11-20,Dinner,19,19:34,2,Dine-in,,119.5
2837,2025-11-20,Dinner,21,21:41,2,Dine-in,,39.5
2838,2025-11-20,Dinner,21,21:16,4,Takeaway,,193.5
2839,2025-11-20,Dinner,18,18:10,1,Takeaway,,30.0
2840,2025-11-20,Lunch,12,12:43,3,Dine-in,,162.0
2841,2025-11-20,Lunch,12,12:49,2,Takeaway,,67.5
2842,2025-11-20,Lunch,14,14:41,1,Dine-in,,30.0
2843,2025-11-20,Lunch,12,12:34,6,Dine-in,,331.0
2844,2025-11-20,Lunch,12,12:08,2,Dine-in,,138.5
2845,2025-11-20,Lunch,14,14:34,3,Dine-in,,148.5
2846,2025-11-20,Lunch,14,14:27,2,Dine-in,,294.5
2847,2025-11-20,Lunch,14,14:20,2,Dine-in,,84.0
2848,2025-11-20,Lunch,13,13:40,3,Dine-in,,115.0
2849,2025-11-21,Dinner,20,20:25,3,Dine-in,,127.5
2850,2025-11-21,Dinner,21,21:44,2,Dine-in,,38.0
2851,2025-11-21,Dinner,19,19:26,2,Dine-in,,145.0
2852,2025-11-21,Dinner,18,18:44,3,Dine-in,,135.0
2853,2025-11-21,Dinner,20,20:55,3,Dine-in,,233.5
2854,2025-11-21,Dinner,21,21:35,2,Dine-in,,83.0
2855,2025-11-21,Dinner,21,21:13,2,Dine-in,,65.5
2856,2025-11-21,Dinner,20,20:58,2,Dine-in,,78.0
2857,2025-11-21,Dinner,19,19:25,2,Dine-in,,70.5
2858,2025-11-21,Dinner,18,18:21,2,Dine-in,,15.0
2859,2025-11-21,Dinner,21,21:19,2,Takeaway,,126.0
2860,2025-11-21,Dinner,19,19:10,4,Dine-in,,272.0
2861,2025-11-21,Dinner,17,17:40,1,Dine-in,,25.0
2862,2025-11-21,Dinner,20,20:34,2,Dine-in,,74.5
2863,2025-11-21,Dinner,21,21:14,1,Takeaway,,44.5
2864,2025-11-21,Dinner,20,20:33,4,Dine-in,,200.5
2865,2025-11-21,Dinner,20,20:56,2,Dine-in,,135.5
2866,2025-11-21,Dinner,21,21:07,2,Takeaway,,69.5
2867,2025-11-21,Dinner,19,19:46,4,Dine-in,,155.5
2868,2025-11-21,Dinner,19,19:30,6,Dine-in,,242.5
2869,2025-11-21,Dinner,18,18:44,2,Dine-in,,42.5
2870,2025-11-21,Dinner,21,21:05,5,Dine-in,,256.5
2871,2025-11-21,Dinner,21,21:44,4,Dine-in,,90.0
2872,2025-11-21,Dinner,18,18:38,1,Dine-in,,36.5
2873,2025-11-21,Dinner,21,21:27,3,Dine-in,,189.0
2874,2025-11-21,Dinner,19,19:31,2,Takeaway,,8.0
2875,2025-11-21,Dinner,18,18:00,4,Dine-in,,275.0
2876,2025-11-21,Late,22,22:23,3,Dine-in,,74.5
2877,2025-11-21,Late,23,23:10,4,Dine-in,,108.5
2878,2025-11-21,Lunch,14,14:17,6,Dine-in,,411.5
2879,2025-11-21,Lunch,13,13:08,3,Dine-in,,182.5
2880,2025-11-21,Lunch,14,14:15,2,Dine-in,,89.0
2881,2025-11-21,Lunch,14,14:10,2,Takeaway,,211.5
2882,2025-11-21,Lunch,12,12:49,2,Dine-in,,82.5
2883,2025-11-21,Lunch,12,12:33,2,Dine-in,,156.0
2884,2025-11-21,Lunch,12,12:04,4,Dine-in,,203.0
2885,2025-11-21,Lunch,14,14:09,2,Takeaway,,118.0
2886,2025-11-21,Lunch,12,12:54,1,Dine-in,,8.0
2887,2025-11-21,Lunch,12,12:54,3,Dine-in,,87.5
2888,2025-11-21,Lunch,14,14:26,2,Dine-in,,89.5
2889,2025-11-21,Lunch,14,14:00,2,Dine-in,,190.5
2890,2025-11-21,Lunch,13,13:14,1,Takeaway,,52.5
2891,2025-11-22,Dinner,21,21:43,2,Takeaway,,66.0
2892,2025-11-22,Dinner,19,19:16,2,Dine-in,,106.0
2893,2025-11-22,Dinner,18,18:16,2,Dine-in,,83.0
2894,2025-11-22,Dinner,19,19:51,2,Dine-in,,70.0
2895,2025-11-22,Dinner,18,18:02,1,Dine-in,,30.0
2896,2025-11-22,Dinner,20,20:35,2,Dine-in,,130.0
2897,2025-11-22,Dinner,20,20:22,3,Dine-in,,105.0
2898,2025-11-22,Dinner,20,20:57,4,Dine-in,,92.5
2899,2025-11-22,Dinner,18,18:38,5,Dine-in,,249.5
2900,2025-11-22,Dinner,21,21:03,2,Takeaway,,65.5
2901,2025-11-22,Dinner,20,20:45,2,Dine-in,,43.0
2902,2025-11-22,Dinner,19,19:51,4,Dine-in,,122.0
2903,2025-11-22,Dinner,18,18:13,2,Dine-in,,88.5
2904,2025-11-22,Dinner,20,20:00,2,Dine-in,,68.0
2905,2025-11-22,Dinner,20,20:59,6,Takeaway,,212.0
2906,2025-11-22,Dinner,20,20:02,3,Dine-in,,97.5
2907,2025-11-22,Dinner,18,18:24,2,Dine-in,,129.5
2908,2025-11-22,Dinner,18,18:27,2,Dine-in,,130.0
2909,2025-11-22,Dinner,18,18:56,2,Dine-in,,130.0
2910,2025-11-22,Dinner,20,20:52,4,Dine-in,,120.5
2911,2025-11-22,Dinner,18,18:30,2,Dine-in,,81.0
2912,2025-11-22,Dinner,18,18:05,2,Takeaway,,76.0
2913,2025-11-22,Dinner,19,19:55,2,Dine-in,,84.5
2914,2025-11-22,Dinner,19,19:09,4,Dine-in,,203.0
2915,2025-11-22,Dinner,18,18:51,2,Dine-in,,125.5
2916,2025-11-22,Dinner,18,18:16,1,Dine-in,,19.5
2917,2025-11-22,Dinner,21,21:40,3,Dine-in,,169.5
2918,2025-11-22,Late,22,22:26,2,Dine-in,,152.0
2919,2025-11-22,Late,23,23:01,5,Dine-in,,127.0
2920,2025-11-22,Late,23,23:12,2,Dine-in,,98.5
2921,2025-11-22,Lunch,12,12:21,3,Dine-in,,99.5
2922,2025-11-22,Lunch,13,13:34,2,Dine-in,,74.0
2923,2025-11-22,Lunch,12,12:33,2,Dine-in,,102.0
2924,2025-11-22,Lunch,13,13:45,5,Dine-in,,77.5
2925,2025-11-22,Lunch,12,12:20,2,Takeaway,,102.0
2926,2025-11-22,Lunch,13,13:09,3,Dine-in,,167.0
2927,2025-11-22,Lunch,12,12:25,4,Dine-in,,146.5
2928,2025-11-22,Lunch,13,13:25,2,Dine-in,,51.0
2929,2025-11-22,Lunch,13,13:17,5,Takeaway,,97.5
2930,2025-11-22,Lunch,14,14:25,1,Dine-in,,81.5
2931,2025-11-22,Lunch,14,14:32,2,Dine-in,,84.0
2932,2025-11-22,Lunch,14,14:43,2,Dine-in,,136.5
2933,2025-11-22,Lunch,14,14:40,2,Dine-in,,76.0
2934,2025-11-23,Dinner,19,19:24,2,Dine-in,,89.5
2935,2025-11-23,Dinner,19,19:15,4,Dine-in,,124.0
2936,2025-11-23,Dinner,17,17:32,5,Takeaway,,131.0
2937,2025-11-23,Dinner,19,19:31,2,Dine-in,,121.0
2938,2025-11-23,Dinner,21,21:18,2,Dine-in,,83.0
2939,2025-11-23,Dinner,21,21:06,2,Dine-in,,58.0
2940,2025-11-23,Dinner,20,20:02,6,Dine-in,,241.5
2941,2025-11-23,Dinner,20,20:54,4,Dine-in,,180.0
2942,2025-11-23,Dinner,20,20:38,5,Dine-in,,243.5
2943,2025-11-23,Dinner,18,18:10,2,Dine-in,,94.5
2944,2025-11-23,Dinner,19,19:42,2,Dine-in,,59.0
2945,2025-11-23,Dinner,21,21:34,4,Dine-in,,117.5
2946,2025-11-23,Dinner,19,19:37,3,Dine-in,,141.5
2947,2025-11-23,Dinner,18,18:23,1,Dine-in,,39.5
2948,2025-11-23,Dinner,21,21:41,2,Dine-in,,98.5
2949,2025-11-23,Dinner,17,17:32,1,Dine-in,,52.5
2950,2025-11-23,Dinner,20,20:25,2,Dine-in,,36.5
2951,2025-11-23,Dinner,18,18:28,2,Dine-in,,142.5
2952,2025-11-23,Dinner,18,18:07,6,Dine-in,,271.0
2953,2025-11-23,Dinner,21,21:42,3,Dine-in,,145.0
2954,2025-11-23,Lunch,12,12:04,4,Takeaway,,177.0
2955,2025-11-23,Lunch,14,14:39,2,Dine-in,,69.0
2956,2025-11-23,Lunch,14,14:08,3,Dine-in,,92.5
2957,2025-11-23,Lunch,12,12:40,2,Takeaway,,120.0
2958,2025-11-23,Lunch,12,12:57,2,Dine-in,,66.0
2959,2025-11-23,Lunch,13,13:44,2,Dine-in,,98.5
2960,2025-11-23,Lunch,13,13:34,2,Dine-in,,98.5
2961,2025-11-23,Lunch,13,13:07,2,Dine-in,,69.0
2962,2025-11-23,Lunch,12,12:07,1,Dine-in,,69.5
2963,2025-11-23,Lunch,13,13:00,3,Takeaway,,79.0
2964,2025-11-23,Lunch,13,13:49,3,Dine-in,,93.5
2965,2025-11-25,Dinner,17,17:30,3,Dine-in,,158.5
2966,2025-11-25,Dinner,18,18:08,2,Dine-in,,76.5
2967,2025-11-25,Dinner,19,19:26,2,Takeaway,,70.5
2968,2025-11-25,Dinner,20,20:35,4,Takeaway,,114.0
2969,2025-11-25,Dinner,18,18:49,2,Takeaway,,102.5
2970,2025-11-25,Dinner,21,21:22,2,Dine-in,,91.0
2971,2025-11-25,Dinner,20,20:48,3,Dine-in,,160.5
2972,2025-11-25,Dinner,20,20:02,2,Dine-in,,68.0
2973,2025-11-25,Dinner,21,21:36,2,Dine-in,,105.5
2974,2025-11-25,Dinner,21,21:00,2,Dine-in,,132.0
2975,2025-11-25,Dinner,20,20:21,2,Dine-in,,101.0
2976,2025-11-25,Dinner,17,17:51,4,Dine-in,,107.5
2977,2025-11-25,Dinner,21,21:23,5,Dine-in,,296.5
2978,2025-11-25,Lunch,14,14:29,2,Dine-in,,97.5
2979,2025-11-25,Lunch,12,12:57,3,Dine-in,,108.0
2980,2025-11-25,Lunch,14,14:00,2,Dine-in,,47.5
2981,2025-11-25,Lunch,13,13:31,1,Dine-in,,17.0
2982,2025-11-25,Lunch,13,13:34,2,Dine-in,,25.0
2983,2025-11-25,Lunch,13,13:43,4,Dine-in,,245.5
2984,2025-11-25,Lunch,13,13:34,2,Dine-in,,111.0
2985,2025-11-25,Lunch,12,12:58,5,Dine-in,,118.0
2986,2025-11-26,Dinner,20,20:23,2,Dine-in,,73.5
2987,2025-11-26,Dinner,19,19:11,3,Dine-in,,143.0
2988,2025-11-26,Dinner,20,20:14,1,Dine-in,,29.5
2989,2025-11-26,Dinner,18,18:46,4,Dine-in,,272.0
2990,2025-11-26,Dinner,18,18:31,2,Dine-in,,92.0
2991,2025-11-26,Dinner,20,20:31,2,Takeaway,,45.5
2992,2025-11-26,Dinner,21,21:13,3,Dine-in,,134.5
2993,2025-11-26,Dinner,17,17:57,2,Dine-in,,106.0
2994,2025-11-26,Dinner,20,20:43,2,Dine-in,,56.0
2995,2025-11-26,Dinner,20,20:49,2,Dine-in,,43.0
2996,2025-11-26,Dinner,17,17:32,3,Dine-in,,93.5
2997,2025-11-26,Dinner,20,20:33,1,Dine-in,,39.0
2998,2025-11-26,Dinner,19,19:54,2,Dine-in,,59.5
2999,2025-11-26,Dinner,18,18:39,2,Dine-in,,177.5
3000,2025-11-26,Dinner,20,20:16,2,Dine-in,,141.5
3001,2025-11-26,Dinner,21,21:14,2,Dine-in,,12.5
3002,2025-11-26,Dinner,18,18:19,2,Dine-in,,124.5
3003,2025-11-26,Dinner,17,17:47,2,Dine-in,,78.0
3004,2025-11-26,Dinner,17,17:58,2,Dine-in,,118.5
3005,2025-11-26,Dinner,18,18:53,2,Dine-in,,23.5
3006,2025-11-26,Lunch,13,13:47,5,Dine-in,,176.0
3007,2025-11-26,Lunch,12,12:55,2,Dine-in,,52.0
3008,2025-11-26,Lunch,13,13:06,2,Takeaway,,128.5
3009,2025-11-26,Lunch,12,12:41,5,Dine-in,,204.0
3010,2025-11-26,Lunch,14,14:28,2,Dine-in,,78.5
3011,2025-11-26,Lunch,14,14:34,2,Dine-in,,50.5
3012,2025-11-26,Lunch,14,14:43,3,Dine-in,,114.0
3013,2025-11-27,Dinner,17,17:49,3,Dine-in,,90.5
3014,2025-11-27,Dinner,20,20:19,2,Dine-in,,165.5
3015,2025-11-27,Dinner,19,19:22,2,Dine-in,,75.0
3016,2025-11-27,Dinner,19,19:19,1,Dine-in,,38.5
3017,2025-11-27,Dinner,20,20:58,2,Dine-in,,83.5
3018,2025-11-27,Dinner,20,20:03,1,Dine-in,,58.5
3019,2025-11-27,Dinner,20,20:27,2,Dine-in,,75.0
3020,2025-11-27,Dinner,20,20:14,1,Dine-in,,107.0
3021,2025-11-27,Dinner,18,18:11,3,Takeaway,,200.5
3022,2025-11-27,Dinner,21,21:29,4,Takeaway,,276.5
3023,2025-11-27,Dinner,19,19:02,1,Dine-in,,18.0
3024,2025-11-27,Dinner,21,21:39,2,Dine-in,,19.0
3025,2025-11-27,Dinner,21,21:38,2,Takeaway,,57.5
3026,2025-11-27,Dinner,19,19:51,2,Dine-in,,42.0
3027,2025-11-27,Dinner,20,20:18,2,Dine-in,,78.0
3028,2025-11-27,Dinner,19,19:22,5,Dine-in,,225.0
3029,2025-11-27,Dinner,20,20:18,5,Dine-in,,117.5
3030,2025-11-27,Dinner,21,21:28,1,Dine-in,,10.5
3031,2025-11-27,Dinner,20,20:28,2,Takeaway,,79.5
3032,2025-11-27,Dinner,18,18:22,2,Dine-in,,40.5
3033,2025-11-27,Dinner,18,18:17,5,Dine-in,,149.5
3034,2025-11-27,Dinner,17,17:53,6,Dine-in,,252.5
3035,2025-11-27,Lunch,12,12:05,2,Dine-in,,71.0
3036,2025-11-27,Lunch,13,13:05,3,Dine-in,,295.0
3037,2025-11-27,Lunch,14,14:33,5,Dine-in,,178.0
3038,2025-11-27,Lunch,12,12:06,3,Takeaway,,333.0
3039,2025-11-27,Lunch,13,13:00,5,Dine-in,,355.5
3040,2025-11-27,Lunch,13,13:37,1,Takeaway,,11.0
3041,2025-11-27,Lunch,13,13:15,4,Dine-in,,321.5
3042,2025-11-28,Dinner,18,18:20,2,Dine-in,,171.5
3043,2025-11-28,Dinner,17,17:30,3,Dine-in,,154.0
3044,2025-11-28,Dinner,20,20:03,1,Takeaway,,44.5
3045,2025-11-28,Dinner,21,21:22,2,Takeaway,,139.0
3046,2025-11-28,Dinner,18,18:22,2,Dine-in,,120.0
3047,2025-11-28,Dinner,19,19:34,2,Dine-in,,94.5
3048,2025-11-28,Dinner,19,19:41,2,Dine-in,,82.5
3049,2025-11-28,Dinner,18,18:13,2,Takeaway,,138.0
3050,2025-11-28,Dinner,20,20:41,2,Dine-in,,31.0
3051,2025-11-28,Dinner,19,19:05,4,Dine-in,,196.5
3052,2025-11-28,Dinner,20,20:08,4,Dine-in,,269.5
3053,2025-11-28,Dinner,21,21:33,2,Dine-in,,111.0
3054,2025-11-28,Dinner,21,21:14,2,Dine-in,,149.5
3055,2025-11-28,Dinner,21,21:40,2,Dine-in,,105.5
3056,2025-11-28,Dinner,18,18:29,4,Dine-in,,255.0
3057,2025-11-28,Dinner,19,19:30,1,Dine-in,,77.0
3058,2025-11-28,Dinner,19,19:57,2,Dine-in,,70.5
3059,2025-11-28,Dinner,18,18:29,4,Takeaway,,158.0
3060,2025-11-28,Dinner,17,17:37,2,Dine-in,,139.0
3061,2025-11-28,Dinner,19,19:33,2,Dine-in,,89.0
3062,2025-11-28,Dinner,20,20:36,5,Dine-in,,112.5
3063,2025-11-28,Dinner,18,18:26,2,Dine-in,,66.5
3064,2025-11-28,Dinner,19,19:27,6,Dine-in,,342.5
3065,2025-11-28,Dinner,17,17:54,5,Dine-in,,163.0
3066,2025-11-28,Dinner,18,18:14,2,Dine-in,,102.0
3067,2025-11-28,Dinner,18,18:02,4,Dine-in,,139.0
3068,2025-11-28,Dinner,20,20:03,5,Takeaway,,294.5
3069,2025-11-28,Dinner,19,19:32,1,Dine-in,,14.5
3070,2025-11-28,Late,22,22:30,1,Dine-in,,27.5
3071,2025-11-28,Late,22,22:14,5,Dine-in,,157.5
3072,2025-11-28,Late,22,22:24,3,Dine-in,,146.0
3073,2025-11-28,Lunch,13,13:58,6,Dine-in,,274.5
3074,2025-11-28,Lunch,14,14:23,4,Dine-in,,178.5
3075,2025-11-28,Lunch,13,13:17,2,Dine-in,,73.0
3076,2025-11-28,Lunch,13,13:27,3,Dine-in,,172.0
3077,2025-11-28,Lunch,13,13:03,3,Dine-in,,126.0
3078,2025-11-28,Lunch,13,13:06,2,Dine-in,,93.5
3079,2025-11-28,Lunch,13,13:30,6,Dine-in,,311.5
3080,2025-11-28,Lunch,12,12:52,2,Dine-in,,71.0
3081,2025-11-28,Lunch,14,14:14,2,Dine-in,,87.5
3082,2025-11-28,Lunch,13,13:50,3,Dine-in,,252.5
3083,2025-11-29,Dinner,17,17:58,6,Dine-in,,225.0
3084,2025-11-29,Dinner,17,17:48,4,Dine-in,,145.0
3085,2025-11-29,Dinner,20,20:45,2,Dine-in,,137.0
3086,2025-11-29,Dinner,19,19:30,3,Dine-in,,81.0
3087,2025-11-29,Dinner,21,21:18,2,Dine-in,,93.5
3088,2025-11-29,Dinner,18,18:17,2,Dine-in,,59.5
3089,2025-11-29,Dinner,18,18:25,3,Dine-in,,111.0
3090,2025-11-29,Dinner,19,19:00,3,Dine-in,,152.5
3091,2025-11-29,Dinner,20,20:02,2,Takeaway,,98.5
3092,2025-11-29,Dinner,20,20:29,4,Dine-in,,181.5
3093,2025-11-29,Dinner,20,20:54,1,Dine-in,,103.0
3094,2025-11-29,Dinner,20,20:04,6,Dine-in,,293.0
3095,2025-11-29,Dinner,17,17:30,1,Dine-in,,101.0
3096,2025-11-29,Dinner,21,21:36,2,Dine-in,,79.0
3097,2025-11-29,Dinner,17,17:55,2,Dine-in,,44.5
3098,2025-11-29,Dinner,19,19:02,1,Dine-in,,32.5
3099,2025-11-29,Dinner,19,19:50,3,Dine-in,,99.5
3100,2025-11-29,Dinner,20,20:56,2,Dine-in,,83.5
3101,2025-11-29,Dinner,21,21:00,4,Dine-in,,196.5
3102,2025-11-29,Dinner,19,19:49,2,Dine-in,,69.5
3103,2025-11-29,Dinner,21,21:15,4,Dine-in,,174.5
3104,2025-11-29,Dinner,18,18:27,6,Dine-in,,393.0
3105,2025-11-29,Dinner,21,21:29,3,Dine-in,,115.5
3106,2025-11-29,Dinner,18,18:30,2,Takeaway,,26.0
3107,2025-11-29,Dinner,20,20:29,2,Dine-in,,81.0
3108,2025-11-29,Dinner,18,18:44,3,Dine-in,,122.0
3109,2025-11-29,Late,23,23:11,1,Dine-in,,26.0
3110,2025-11-29,Late,22,22:21,1,Dine-in,,29.5
3111,2025-11-29,Late,22,22:27,2,Takeaway,,100.5
3112,2025-11-29,Late,22,22:05,2,Dine-in,,105.0
3113,2025-11-29,Late,22,22:35,2,Dine-in,,60.0
3114,2025-11-29,Late,22,22:53,2,Dine-in,,88.0
3115,2025-11-29,Lunch,13,13:59,2,Takeaway,,131.0
3116,2025-11-29,Lunch,14,14:22,4,Dine-in,,210.0
3117,2025-11-29,Lunch,13,13:40,2,Dine-in,,19.0
3118,2025-11-29,Lunch,12,12:09,2,Dine-in,,144.5
3119,2025-11-29,Lunch,14,14:13,5,Dine-in,,260.0
3120,2025-11-29,Lunch,12,12:35,2,Dine-in,,94.5
3121,2025-11-29,Lunch,12,12:48,2,Dine-in,,44.0
3122,2025-11-29,Lunch,14,14:04,2,Dine-in,,75.5
3123,2025-11-29,Lunch,14,14:41,5,Dine-in,,283.5
3124,2025-11-29,Lunch,14,14:03,2,Dine-in,,78.0
3125,2025-11-29,Lunch,14,14:16,1,Takeaway,,52.0
3126,2025-11-29,Lunch,13,13:12,2,Dine-in,,26.0
3127,2025-11-29,Lunch,13,13:14,2,Dine-in,,72.0
3128,2025-11-30,Dinner,21,21:19,2,Dine-in,,59.5
3129,2025-11-30,Dinner,18,18:14,2,Dine-in,,69.5
3130,2025-11-30,Dinner,17,17:52,2,Takeaway,,143.0
3131,2025-11-30,Dinner,20,20:48,2,Dine-in,,71.5
3132,2025-11-30,Dinner,19,19:55,1,Dine-in,,9.0
3133,2025-11-30,Dinner,18,18:38,2,Dine-in,,75.5
3134,2025-11-30,Dinner,19,19:38,5,Dine-in,,132.5
3135,2025-11-30,Dinner,19,19:34,4,Dine-in,,110.5
3136,2025-11-30,Dinner,18,18:04,2,Dine-in,,88.5
3137,2025-11-30,Dinner,20,20:50,4,Dine-in,,200.0
3138,2025-11-30,Dinner,20,20:49,4,Takeaway,,255.0
3139,2025-11-30,Dinner,17,17:32,1,Dine-in,,18.0
3140,2025-11-30,Dinner,18,18:44,2,Dine-in,,26.5
3141,2025-11-30,Dinner,17,17:58,5,Dine-in,,132.5
3142,2025-11-30,Dinner,19,19:22,3,Dine-in,,106.0
3143,2025-11-30,Dinner,20,20:41,4,Dine-in,,228.0
3144,2025-11-30,Dinner,20,20:29,2,Dine-in,,72.5
3145,2025-11-30,Dinner,17,17:55,3,Dine-in,,94.5
3146,2025-11-30,Dinner,18,18:31,3,Dine-in,,49.5
3147,2025-11-30,Dinner,20,20:34,1,Dine-in,,57.5
3148,2025-11-30,Dinner,20,20:05,2,Dine-in,,22.5
3149,2025-11-30,Lunch,13,13:07,3,Dine-in,,76.5
3150,2025-11-30,Lunch,14,14:29,3,Dine-in,,69.0
3151,2025-11-30,Lunch,13,13:48,2,Dine-in,,57.0
3152,2025-11-30,Lunch,14,14:13,2,Dine-in,,225.0
3153,2025-11-30,Lunch,14,14:13,2,Dine-in,,107.0
3154,2025-11-30,Lunch,14,14:34,3,Dine-in,,106.0
3155,2025-11-30,Lunch,12,12:17,4,Dine-in,,200.0
3156,2025-11-30,Lunch,13,13:50,2,Dine-in,,88.5
3157,2025-11-30,Lunch,13,13:24,5,Dine-in,,177.5
3158,2025-11-30,Lunch,14,14:14,3,Dine-in,,70.5
3159,2025-12-02,Dinner,17,17:39,2,Dine-in,,83.5
3160,2025-12-02,Dinner,20,20:10,2,Dine-in,,46.0
3161,2025-12-02,Dinner,17,17:47,2,Dine-in,,98.0
3162,2025-12-02,Dinner,18,18:28,2,Dine-in,,84.0
3163,2025-12-02,Dinner,18,18:50,2,Dine-in,,104.0
3164,2025-12-02,Dinner,19,19:50,2,Dine-in,,85.5
3165,2025-12-02,Dinner,20,20:29,2,Dine-in,,69.5
3166,2025-12-02,Dinner,20,20:06,6,Dine-in,,229.5
3167,2025-12-02,Dinner,18,18:14,1,Takeaway,,30.5
3168,2025-12-02,Dinner,19,19:49,5,Takeaway,,187.5
3169,2025-12-02,Dinner,19,19:13,2,Dine-in,,83.5
3170,2025-12-02,Dinner,20,20:55,3,Dine-in,,111.5
3171,2025-12-02,Dinner,19,19:05,2,Dine-in,,64.5
3172,2025-12-02,Dinner,20,20:07,6,Dine-in,,233.5
3173,2025-12-02,Dinner,19,19:30,6,Dine-in,,135.0
3174,2025-12-02,Dinner,21,21:30,2,Dine-in,,129.0
3175,2025-12-02,Dinner,18,18:18,2,Dine-in,,51.0
3176,2025-12-02,Dinner,17,17:38,4,Dine-in,,212.5
3177,2025-12-02,Lunch,13,13:43,2,Dine-in,,29.5
3178,2025-12-02,Lunch,13,13:11,2,Dine-in,,83.0
3179,2025-12-02,Lunch,13,13:07,3,Dine-in,,147.5
3180,2025-12-02,Lunch,13,13:16,5,Dine-in,,128.0
3181,2025-12-02,Lunch,13,13:42,2,Dine-in,,105.5
3182,2025-12-02,Lunch,14,14:42,2,Dine-in,,104.5
3183,2025-12-02,Lunch,14,14:28,1,Dine-in,,0.0
3184,2025-12-02,Lunch,13,13:13,3,Dine-in,,171.5
3185,2025-12-02,Lunch,14,14:16,4,Dine-in,,202.0
3186,2025-12-03,Dinner,18,18:12,2,Dine-in,,118.0
3187,2025-12-03,Dinner,21,21:09,2,Takeaway,,62.0
3188,2025-12-03,Dinner,19,19:18,2,Dine-in,,109.0
3189,2025-12-03,Dinner,19,19:39,1,Dine-in,,29.5
3190,2025-12-03,Dinner,19,19:24,2,Dine-in,,43.5
3191,2025-12-03,Dinner,20,20:09,5,Dine-in,,168.5
3192,2025-12-03,Dinner,17,17:58,6,Dine-in,,344.5
3193,2025-12-03,Dinner,18,18:16,2,Dine-in,,139.5
3194,2025-12-03,Dinner,19,19:12,2,Dine-in,,62.0
3195,2025-12-03,Dinner,20,20:52,5,Dine-in,,170.5
3196,2025-12-03,Dinner,19,19:38,2,Dine-in,,46.5
3197,2025-12-03,Dinner,18,18:06,4,Takeaway,,112.5
3198,2025-12-03,Dinner,17,17:45,5,Dine-in,,263.0
3199,2025-12-03,Dinner,18,18:11,2,Takeaway,,14.5
3200,2025-12-03,Dinner,20,20:27,2,Dine-in,,83.5
3201,2025-12-03,Dinner,18,18:53,2,Dine-in,,98.5
3202,2025-12-03,Dinner,18,18:01,2,Dine-in,,68.0
3203,2025-12-03,Dinner,19,19:32,2,Takeaway,,101.0
3204,2025-12-03,Dinner,20,20:33,1,Dine-in,,48.5
3205,2025-12-03,Dinner,21,21:15,2,Dine-in,,114.0
3206,2025-12-03,Dinner,20,20:02,2,Takeaway,,71.0
3207,2025-12-03,Dinner,17,17:55,2,Takeaway,,55.0
3208,2025-12-03,Dinner,21,21:12,2,Dine-in,,105.5
3209,2025-12-03,Dinner,19,19:33,2,Dine-in,,100.5
3210,2025-12-03,Dinner,19,19:12,2,Dine-in,,139.5
3211,2025-12-03,Dinner,17,17:39,4,Dine-in,,159.0
3212,2025-12-03,Dinner,20,20:24,1,Takeaway,,51.0
3213,2025-12-03,Lunch,14,14:39,4,Dine-in,,118.0
3214,2025-12-03,Lunch,13,13:46,6,Dine-in,,261.5
3215,2025-12-03,Lunch,12,12:30,2,Dine-in,,64.0
3216,2025-12-03,Lunch,13,13:13,4,Dine-in,,123.5
3217,2025-12-03,Lunch,13,13:10,5,Dine-in,,215.5
3218,2025-12-03,Lunch,13,13:18,5,Takeaway,,120.5
3219,2025-12-03,Lunch,13,13:12,4,Dine-in,,244.5
3220,2025-12-03,Lunch,13,13:41,2,Dine-in,,150.5
3221,2025-12-03,Lunch,13,13:24,1,Dine-in,,115.5
3222,2025-12-04,Dinner,19,19:54,1,Dine-in,,60.0
3223,2025-12-04,Dinner,17,17:46,2,Takeaway,,43.5
3224,2025-12-04,Dinner,20,20:44,1,Dine-in,,72.5
3225,2025-12-04,Dinner,18,18:04,3,Dine-in,,128.0
3226,2025-12-04,Dinner,21,21:35,2,Dine-in,,64.0
3227,2025-12-04,Dinner,21,21:20,2,Dine-in,,76.0
3228,2025-12-04,Dinner,20,20:12,4,Dine-in,,88.5
3229,2025-12-04,Dinner,18,18:08,2,Dine-in,,106.5
3230,2025-12-04,Dinner,21,21:42,2,Dine-in,,84.0
3231,2025-12-04,Dinner,21,21:33,6,Dine-in,,151.5
3232,2025-12-04,Dinner,19,19:21,3,Dine-in,,114.0
3233,2025-12-04,Dinner,19,19:36,2,Dine-in,,90.5
3234,2025-12-04,Dinner,20,20:34,4,Dine-in,,175.0
3235,2025-12-04,Dinner,20,20:05,2,Dine-in,,86.0
3236,2025-12-04,Dinner,18,18:12,3,Dine-in,,165.0
3237,2025-12-04,Dinner,19,19:36,3,Dine-in,,86.5
3238,2025-12-04,Dinner,19,19:06,2,Dine-in,,100.0
3239,2025-12-04,Dinner,21,21:03,2,Dine-in,,107.5
3240,2025-12-04,Dinner,18,18:28,4,Dine-in,,192.0
3241,2025-12-04,Dinner,17,17:48,3,Takeaway,,153.5
3242,2025-12-04,Dinner,19,19:35,3,Dine-in,,168.0
3243,2025-12-04,Dinner,21,21:14,2,Dine-in,,46.0
3244,2025-12-04,Dinner,19,19:42,4,Takeaway,,228.0
3245,2025-12-04,Lunch,12,12:58,2,Dine-in,,80.5
3246,2025-12-04,Lunch,13,13:19,5,Dine-in,,288.0
3247,2025-12-04,Lunch,12,12:11,3,Takeaway,,257.0
3248,2025-12-04,Lunch,14,14:23,5,Dine-in,,244.5
3249,2025-12-04,Lunch,13,13:09,5,Dine-in,,237.5
3250,2025-12-04,Lunch,13,13:22,2,Dine-in,,94.5
3251,2025-12-04,Lunch,12,12:53,2,Dine-in,,61.5
3252,2025-12-04,Lunch,13,13:49,1,Dine-in,,33.5
3253,2025-12-04,Lunch,12,12:12,2,Dine-in,,19.0
3254,2025-12-05,Dinner,21,21:07,4,Dine-in,,185.5
3255,2025-12-05,Dinner,21,21:03,4,Dine-in,,113.5
3256,2025-12-05,Dinner,19,19:03,2,Dine-in,,84.5
3257,2025-12-05,Dinner,18,18:08,1,Dine-in,,39.0
3258,2025-12-05,Dinner,18,18:13,5,Dine-in,,190.5
3259,2025-12-05,Dinner,19,19:04,3,Takeaway,,123.0
3260,2025-12-05,Dinner,18,18:50,4,Dine-in,,166.5
3261,2025-12-05,Dinner,17,17:36,5,Dine-in,,109.5
3262,2025-12-05,Dinner,18,18:21,4,Dine-in,,205.0
3263,2025-12-05,Dinner,21,21:15,2,Dine-in,,152.0
3264,2025-12-05,Dinner,19,19:01,2,Dine-in,,68.0
3265,2025-12-05,Dinner,19,19:02,5,Dine-in,,319.0
3266,2025-12-05,Dinner,20,20:56,4,Dine-in,,188.0
3267,2025-12-05,Dinner,18,18:09,2,Dine-in,,65.5
3268,2025-12-05,Dinner,18,18:19,2,Takeaway,,43.5
3269,2025-12-05,Dinner,20,20:25,3,Dine-in,,101.5
3270,2025-12-05,Dinner,20,20:29,2,Dine-in,,34.5
3271,2025-12-05,Dinner,19,19:39,2,Dine-in,,67.0
3272,2025-12-05,Dinner,20,20:02,2,Takeaway,,109.0
3273,2025-12-05,Dinner,20,20:19,6,Dine-in,,165.5
3274,2025-12-05,Dinner,19,19:57,5,Dine-in,,267.0
3275,2025-12-05,Dinner,17,17:36,1,Takeaway,,25.0
3276,2025-12-05,Dinner,20,20:13,4,Dine-in,,202.0
3277,2025-12-05,Dinner,20,20:49,3,Dine-in,,58.5
3278,2025-12-05,Dinner,19,19:47,4,Dine-in,,289.0
3279,2025-12-05,Late,23,23:12,1,Dine-in,,3.5
3280,2025-12-05,Late,22,22:21,5,Dine-in,,186.5
3281,2025-12-05,Late,23,23:05,1,Takeaway,,17.0
3282,2025-12-05,Late,22,22:51,4,Dine-in,,228.5
3283,2025-12-05,Lunch,13,13:31,5,Dine-in,,187.0
3284,2025-12-05,Lunch,13,13:03,3,Dine-in,,99.0
3285,2025-12-05,Lunch,13,13:33,2,Dine-in,,116.5
3286,2025-12-05,Lunch,13,13:52,2,Takeaway,,87.5
3287,2025-12-05,Lunch,13,13:11,2,Dine-in,,110.0
3288,2025-12-05,Lunch,13,13:30,2,Dine-in,,80.0
3289,2025-12-05,Lunch,13,13:07,2,Dine-in,,180.0
3290,2025-12-05,Lunch,12,12:59,2,Dine-in,,123.0
3291,2025-12-05,Lunch,12,12:57,2,Dine-in,,61.5
3292,2025-12-05,Lunch,14,14:37,3,Dine-in,,69.0
3293,2025-12-05,Lunch,12,12:25,2,Dine-in,,87.5
3294,2025-12-05,Lunch,12,12:07,4,Dine-in,,138.5
3295,2025-12-05,Lunch,12,12:21,2,Dine-in,,110.5
3296,2025-12-05,Lunch,13,13:37,1,Dine-in,,70.5
3297,2025-12-06,Dinner,19,19:45,4,Dine-in,,160.0
3298,2025-12-06,Dinner,19,19:24,2,Dine-in,,118.5
3299,2025-12-06,Dinner,19,19:32,3,Dine-in,,159.5
3300,2025-12-06,Dinner,17,17:49,1,Takeaway,,112.0
3301,2025-12-06,Dinner,17,17:39,4,Dine-in,,182.0
3302,2025-12-06,Dinner,18,18:37,6,Dine-in,,213.5
3303,2025-12-06,Dinner,21,21:19,5,Dine-in,,267.5
3304,2025-12-06,Dinner,18,18:55,5,Dine-in,,355.5
3305,2025-12-06,Dinner,17,17:35,2,Dine-in,,61.0
3306,2025-12-06,Dinner,19,19:41,4,Dine-in,,150.5
3307,2025-12-06,Dinner,18,18:07,3,Dine-in,,43.5
3308,2025-12-06,Dinner,18,18:54,4,Dine-in,,199.0
3309,2025-12-06,Dinner,17,17:36,4,Dine-in,,185.0
3310,2025-12-06,Dinner,17,17:37,2,Dine-in,,85.5
3311,2025-12-06,Dinner,18,18:55,4,Dine-in,,282.0
3312,2025-12-06,Dinner,17,17:39,1,Dine-in,,17.0
3313,2025-12-06,Dinner,19,19:16,2,Dine-in,,136.0
3314,2025-12-06,Dinner,19,19:00,4,Dine-in,,168.5
3315,2025-12-06,Dinner,19,19:36,3,Dine-in,,120.0
3316,2025-12-06,Dinner,18,18:48,5,Dine-in,,186.0
3317,2025-12-06,Dinner,18,18:44,4,Takeaway,,92.0
3318,2025-12-06,Dinner,20,20:42,2,Dine-in,,43.0
3319,2025-12-06,Dinner,20,20:18,4,Dine-in,,225.5
3320,2025-12-06,Dinner,17,17:51,3,Dine-in,,139.0
3321,2025-12-06,Dinner,18,18:51,2,Dine-in,,69.0
3322,2025-12-06,Dinner,19,19:08,4,Dine-in,,176.0
3323,2025-12-06,Dinner,19,19:28,2,Dine-in,,115.0
3324,2025-12-06,Late,22,22:13,4,Takeaway,,144.0
3325,2025-12-06,Late,23,23:04,2,Dine-in,,10.5
3326,2025-12-06,Late,23,23:09,2,Dine-in,,45.0
3327,2025-12-06,Late,22,22:18,2,Dine-in,,89.5
3328,2025-12-06,Late,22,22:10,1,Dine-in,,46.0
3329,2025-12-06,Late,22,22:00,1,Dine-in,,35.5
3330,2025-12-06,Lunch,14,14:37,4,Dine-in,,218.5
3331,2025-12-06,Lunch,13,13:21,4,Dine-in,,213.0
3332,2025-12-06,Lunch,13,13:33,2,Dine-in,,98.5
3333,2025-12-06,Lunch,14,14:37,2,Dine-in,,59.5
3334,2025-12-06,Lunch,13,13:57,4,Dine-in,,144.5
3335,2025-12-06,Lunch,13,13:41,1,Takeaway,,49.5
3336,2025-12-06,Lunch,14,14:30,6,Dine-in,,226.5
3337,2025-12-06,Lunch,13,13:05,2,Dine-in,,56.5
3338,2025-12-06,Lunch,14,14:00,2,Dine-in,,45.5
3339,2025-12-06,Lunch,14,14:12,2,Takeaway,,128.5
3340,2025-12-06,Lunch,13,13:52,5,Takeaway,,254.0
3341,2025-12-06,Lunch,14,14:16,2,Dine-in,,128.0
3342,2025-12-06,Lunch,13,13:35,2,Dine-in,,64.0
3343,2025-12-06,Lunch,12,12:32,2,Dine-in,,56.5
3344,2025-12-06,Lunch,13,13:01,5,Dine-in,,259.0
3345,2025-12-06,Lunch,13,13:29,3,Dine-in,,172.5
3346,2025-12-06,Lunch,13,13:03,1,Dine-in,,29.0
3347,2025-12-06,Lunch,13,13:24,1,Takeaway,,34.0
3348,2025-12-07,Dinner,17,17:33,3,Dine-in,,54.5
3349,2025-12-07,Dinner,18,18:57,3,Dine-in,,111.5
3350,2025-12-07,Dinner,21,21:38,1,Dine-in,,48.5
3351,2025-12-07,Dinner,17,17:48,6,Dine-in,,234.0
3352,2025-12-07,Dinner,19,19:26,2,Takeaway,,170.5
3353,2025-12-07,Dinner,19,19:02,2,Dine-in,,75.0
3354,2025-12-07,Dinner,19,19:13,1,Dine-in,,3.5
3355,2025-12-07,Dinner,19,19:15,2,Dine-in,,49.0
3356,2025-12-07,Dinner,20,20:33,2,Dine-in,,114.0
3357,2025-12-07,Dinner,19,19:11,5,Dine-in,,312.5
3358,2025-12-07,Dinner,18,18:35,2,Dine-in,,37.5
3359,2025-12-07,Dinner,18,18:39,6,Dine-in,,379.0
3360,2025-12-07,Dinner,20,20:46,1,Dine-in,,26.5
3361,2025-12-07,Dinner,20,20:21,4,Dine-in,,238.5
3362,2025-12-07,Dinner,21,21:21,3,Takeaway,,59.0
3363,2025-12-07,Dinner,18,18:32,2,Dine-in,,108.0
3364,2025-12-07,Dinner,17,17:46,3,Dine-in,,67.0
3365,2025-12-07,Dinner,20,20:20,2,Dine-in,,65.0
3366,2025-12-07,Dinner,19,19:44,2,Dine-in,,72.5
3367,2025-12-07,Dinner,20,20:13,2,Takeaway,,49.5
3368,2025-12-07,Dinner,21,21:22,2,Dine-in,,99.5
3369,2025-12-07,Dinner,18,18:50,2,Dine-in,,132.5
3370,2025-12-07,Dinner,17,17:38,2,Dine-in,,87.0
3371,2025-12-07,Dinner,20,20:21,4,Takeaway,,192.0
3372,2025-12-07,Dinner,17,17:59,1,Dine-in,,16.0
3373,2025-12-07,Dinner,18,18:24,3,Dine-in,,121.0
3374,2025-12-07,Dinner,19,19:51,1,Dine-in,,39.5
3375,2025-12-07,Dinner,18,18:51,2,Takeaway,,58.0
3376,2025-12-07,Dinner,17,17:38,2,Takeaway,,117.5
3377,2025-12-07,Dinner,18,18:23,4,Dine-in,,54.5
3378,2025-12-07,Lunch,13,13:34,2,Dine-in,,68.0
3379,2025-12-07,Lunch,12,12:25,5,Dine-in,,169.5
3380,2025-12-07,Lunch,13,13:49,6,Dine-in,,214.0
3381,2025-12-07,Lunch,12,12:48,3,Dine-in,,183.5
3382,2025-12-07,Lunch,13,13:56,2,Dine-in,,119.5
3383,2025-12-07,Lunch,13,13:48,2,Dine-in,,156.5
3384,2025-12-07,Lunch,12,12:09,5,Dine-in,,144.5
3385,2025-12-07,Lunch,12,12:53,3,Takeaway,,87.5
3386,2025-12-09,Dinner,20,20:20,4,Dine-in,,44.5
3387,2025-12-09,Dinner,21,21:29,5,Takeaway,,182.5
3388,2025-12-09,Dinner,18,18:02,3,Takeaway,,100.5
3389,2025-12-09,Dinner,21,21:14,1,Dine-in,,55.0
3390,2025-12-09,Dinner,17,17:32,2,Dine-in,,73.0
3391,2025-12-09,Dinner,18,18:26,6,Dine-in,,229.5
3392,2025-12-09,Dinner,18,18:35,2,Dine-in,,27.5
3393,2025-12-09,Dinner,18,18:54,2,Dine-in,,46.5
3394,2025-12-09,Dinner,21,21:17,2,Dine-in,,62.0
3395,2025-12-09,Dinner,19,19:34,3,Dine-in,,172.5
3396,2025-12-09,Dinner,20,20:12,2,Dine-in,,104.5
3397,2025-12-09,Dinner,18,18:11,4,Dine-in,,80.0
3398,2025-12-09,Dinner,17,17:52,1,Dine-in,,39.5
3399,2025-12-09,Dinner,18,18:57,6,Dine-in,,257.5
3400,2025-12-09,Dinner,18,18:27,2,Dine-in,,87.0
3401,2025-12-09,Dinner,17,17:39,3,Takeaway,,159.0
3402,2025-12-09,Dinner,17,17:58,1,Dine-in,,55.5
3403,2025-12-09,Lunch,12,12:54,2,Dine-in,,17.0
3404,2025-12-09,Lunch,12,12:01,1,Dine-in,,34.0
3405,2025-12-09,Lunch,12,12:59,5,Dine-in,,77.5
3406,2025-12-09,Lunch,13,13:13,1,Dine-in,,12.5
3407,2025-12-09,Lunch,12,12:06,4,Dine-in,,170.0
3408,2025-12-09,Lunch,13,13:49,4,Dine-in,,126.5
3409,2025-12-09,Lunch,13,13:07,2,Dine-in,,67.5
3410,2025-12-09,Lunch,13,13:39,2,Dine-in,,86.5
3411,2025-12-10,Dinner,19,19:04,4,Dine-in,,268.5
3412,2025-12-10,Dinner,19,19:10,3,Dine-in,,100.5
3413,2025-12-10,Dinner,20,20:42,2,Dine-in,,3.5
3414,2025-12-10,Dinner,17,17:59,2,Dine-in,,88.0
3415,2025-12-10,Dinner,17,17:41,2,Dine-in,,101.0
3416,2025-12-10,Dinner,18,18:25,2,Dine-in,,40.5
3417,2025-12-10,Dinner,18,18:11,2,Dine-in,,100.0
3418,2025-12-10,Dinner,19,19:48,1,Dine-in,,22.0
3419,2025-12-10,Dinner,20,20:06,4,Takeaway,,151.5
3420,2025-12-10,Dinner,19,19:07,3,Dine-in,,72.5
3421,2025-12-10,Dinner,20,20:42,3,Dine-in,,121.0
3422,2025-12-10,Dinner,17,17:46,4,Dine-in,,146.0
3423,2025-12-10,Dinner,19,19:20,4,Dine-in,,110.5
3424,2025-12-10,Dinner,18,18:35,4,Dine-in,,144.5
3425,2025-12-10,Dinner,17,17:37,4,Dine-in,,126.0
3426,2025-12-10,Dinner,20,20:25,2,Dine-in,,127.5
3427,2025-12-10,Dinner,18,18:26,2,Dine-in,,40.5
3428,2025-12-10,Dinner,17,17:35,3,Dine-in,,185.0
3429,2025-12-10,Dinner,18,18:55,1,Dine-in,,36.5
3430,2025-12-10,Dinner,17,17:54,2,Dine-in,,126.0
3431,2025-12-10,Dinner,20,20:29,3,Dine-in,,147.0
3432,2025-12-10,Lunch,13,13:25,5,Dine-in,,300.0
3433,2025-12-10,Lunch,12,12:12,4,Dine-in,,253.0
3434,2025-12-10,Lunch,12,12:09,1,Takeaway,,20.0
3435,2025-12-10,Lunch,14,14:37,2,Dine-in,,72.0
3436,2025-12-10,Lunch,12,12:30,6,Takeaway,,172.5
3437,2025-12-10,Lunch,14,14:30,3,Dine-in,,224.0
3438,2025-12-10,Lunch,14,14:06,3,Dine-in,,156.5
3439,2025-12-11,Dinner,17,17:57,3,Dine-in,,105.5
3440,2025-12-11,Dinner,21,21:43,2,Dine-in,,134.5
3441,2025-12-11,Dinner,19,19:16,2,Takeaway,,49.5
3442,2025-12-11,Dinner,17,17:30,1,Takeaway,,106.5
3443,2025-12-11,Dinner,19,19:27,5,Dine-in,,127.0
3444,2025-12-11,Dinner,19,19:11,2,Takeaway,,14.5
3445,2025-12-11,Dinner,18,18:19,2,Dine-in,,45.5
3446,2025-12-11,Dinner,20,20:47,2,Dine-in,,114.0
3447,2025-12-11,Dinner,19,19:34,2,Dine-in,,125.5
3448,2025-12-11,Dinner,20,20:47,2,Dine-in,,96.5
3449,2025-12-11,Dinner,20,20:52,2,Dine-in,,192.5
3450,2025-12-11,Dinner,21,21:20,1,Takeaway,,81.5
3451,2025-12-11,Dinner,21,21:08,6,Dine-in,,197.5
3452,2025-12-11,Dinner,19,19:04,1,Dine-in,,11.0
3453,2025-12-11,Dinner,21,21:02,2,Dine-in,,67.5
3454,2025-12-11,Dinner,20,20:44,5,Dine-in,,203.0
3455,2025-12-11,Dinner,20,20:50,4,Dine-in,,110.5
3456,2025-12-11,Dinner,19,19:05,4,Dine-in,,128.5
3457,2025-12-11,Dinner,17,17:53,5,Dine-in,,219.0
3458,2025-12-11,Dinner,20,20:46,2,Dine-in,,80.0
3459,2025-12-11,Lunch,12,12:29,2,Dine-in,,76.5
3460,2025-12-11,Lunch,14,14:24,2,Dine-in,,120.0
3461,2025-12-11,Lunch,12,12:21,2,Dine-in,,87.5
3462,2025-12-11,Lunch,13,13:48,2,Dine-in,,73.0
3463,2025-12-11,Lunch,14,14:27,5,Dine-in,,212.5
3464,2025-12-11,Lunch,12,12:46,1,Dine-in,,8.0
3465,2025-12-11,Lunch,13,13:04,2,Dine-in,,143.0
3466,2025-12-11,Lunch,14,14:31,5,Dine-in,,166.0
3467,2025-12-11,Lunch,13,13:37,2,Dine-in,,122.5
3468,2025-12-11,Lunch,14,14:09,1,Dine-in,,45.5
3469,2025-12-12,Dinner,19,19:09,2,Dine-in,,155.0
3470,2025-12-12,Dinner,19,19:52,3,Takeaway,,70.0
3471,2025-12-12,Dinner,17,17:57,2,Dine-in,,21.5
3472,2025-12-12,Dinner,21,21:14,4,Dine-in,,244.0
3473,2025-12-12,Dinner,20,20:46,2,Takeaway,,111.5
3474,2025-12-12,Dinner,17,17:30,3,Dine-in,,199.0
3475,2025-12-12,Dinner,20,20:35,2,Takeaway,,82.0
3476,2025-12-12,Dinner,19,19:39,4,Takeaway,,126.5
3477,2025-12-12,Dinner,21,21:18,2,Dine-in,,94.5
3478,2025-12-12,Dinner,21,21:43,5,Dine-in,,320.5
3479,2025-12-12,Dinner,19,19:42,2,Dine-in,,63.5
3480,2025-12-12,Dinner,19,19:40,2,Dine-in,,81.0
3481,2025-12-12,Dinner,20,20:59,5,Dine-in,,245.0
3482,2025-12-12,Dinner,20,20:09,1,Dine-in,,76.0
3483,2025-12-12,Dinner,17,17:49,1,Takeaway,,27.5
3484,2025-12-12,Dinner,21,21:03,2,Dine-in,,67.5
3485,2025-12-12,Dinner,20,20:40,2,Dine-in,,48.0
3486,2025-12-12,Dinner,20,20:58,2,Dine-in,,64.0
3487,2025-12-12,Dinner,20,20:22,2,Dine-in,,73.5
3488,2025-12-12,Dinner,21,21:04,3,Dine-in,,61.0
3489,2025-12-12,Dinner,20,20:50,2,Dine-in,,132.5
3490,2025-12-12,Dinner,20,20:05,3,Dine-in,,99.0
3491,2025-12-12,Dinner,21,21:24,5,Dine-in,,302.0
3492,2025-12-12,Dinner,19,19:27,5,Dine-in,,352.0
3493,2025-12-12,Dinner,18,18:01,5,Dine-in,,163.0
3494,2025-12-12,Dinner,19,19:08,2,Dine-in,,78.5
3495,2025-12-12,Dinner,21,21:40,2,Takeaway,,156.0
3496,2025-12-12,Late,23,23:01,2,Takeaway,,143.0
3497,2025-12-12,Late,22,22:18,2,Dine-in,,87.5
3498,2025-12-12,Late,22,22:52,4,Dine-in,,276.5
3499,2025-12-12,Late,22,22:38,2,Dine-in,,75.5
3500,2025-12-12,Lunch,12,12:56,5,Dine-in,,259.5
3501,2025-12-12,Lunch,14,14:03,3,Dine-in,,61.0
3502,2025-12-12,Lunch,13,13:05,3,Dine-in,,139.0
3503,2025-12-12,Lunch,13,13:25,5,Dine-in,,229.0
3504,2025-12-12,Lunch,12,12:40,2,Takeaway,,150.0
3505,2025-12-12,Lunch,12,12:19,2,Takeaway,,112.0
3506,2025-12-12,Lunch,13,13:44,4,Dine-in,,119.5
3507,2025-12-12,Lunch,13,13:14,4,Dine-in,,150.0
3508,2025-12-12,Lunch,12,12:40,2,Dine-in,,66.5
3509,2025-12-12,Lunch,12,12:21,3,Dine-in,,176.0
3510,2025-12-12,Lunch,13,13:19,4,Dine-in,,254.5
3511,2025-12-12,Lunch,14,14:05,5,Dine-in,,119.0
3512,2025-12-12,Lunch,12,12:19,2,Dine-in,,116.0
3513,2025-12-12,Lunch,13,13:33,3,Dine-in,,166.0
3514,2025-12-12,Lunch,14,14:42,1,Dine-in,,46.5
3515,2025-12-13,Dinner,20,20:00,4,Dine-in,,100.5
3516,2025-12-13,Dinner,21,21:40,3,Takeaway,,185.5
3517,2025-12-13,Dinner,20,20:07,2,Dine-in,,43.0
3518,2025-12-13,Dinner,17,17:35,3,Dine-in,,98.5
3519,2025-12-13,Dinner,20,20:29,4,Dine-in,,154.0
3520,2025-12-13,Dinner,21,21:15,1,Dine-in,,19.0
3521,2025-12-13,Dinner,19,19:40,2,Dine-in,,83.0
3522,2025-12-13,Dinner,20,20:45,1,Dine-in,,24.0
3523,2025-12-13,Dinner,19,19:33,2,Dine-in,,92.0
3524,2025-12-13,Dinner,18,18:34,5,Dine-in,,118.0
3525,2025-12-13,Dinner,19,19:56,1,Dine-in,,40.5
3526,2025-12-13,Dinner,21,21:43,1,Dine-in,,98.0
3527,2025-12-13,Dinner,18,18:44,2,Dine-in,,104.5
3528,2025-12-13,Dinner,20,20:33,3,Dine-in,,49.5
3529,2025-12-13,Dinner,20,20:43,2,Takeaway,,62.5
3530,2025-12-13,Dinner,20,20:43,5,Dine-in,,83.0
3531,2025-12-13,Dinner,18,18:25,4,Dine-in,,209.0
3532,2025-12-13,Dinner,19,19:56,2,Takeaway,,48.5
3533,2025-12-13,Dinner,19,19:51,5,Dine-in,,186.0
3534,2025-12-13,Dinner,20,20:58,3,Dine-in,,78.5
3535,2025-12-13,Dinner,20,20:40,2,Dine-in,,61.5
3536,2025-12-13,Dinner,21,21:15,3,Dine-in,,117.5
3537,2025-12-13,Dinner,18,18:40,5,Dine-in,,197.0
3538,2025-12-13,Dinner,21,21:36,2,Dine-in,,161.5
3539,2025-12-13,Dinner,21,21:41,5,Dine-in,,189.0
3540,2025-12-13,Dinner,19,19:01,5,Takeaway,,100.5
3541,2025-12-13,Dinner,18,18:05,2,Dine-in,,70.0
3542,2025-12-13,Dinner,20,20:28,1,Dine-in,,49.0
3543,2025-12-13,Dinner,20,20:53,4,Dine-in,,191.0
3544,2025-12-13,Dinner,20,20:01,2,Takeaway,,112.0
3545,2025-12-13,Dinner,20,20:39,5,Dine-in,,289.5
3546,2025-12-13,Dinner,17,17:47,1,Dine-in,,90.5
3547,2025-12-13,Dinner,19,19:02,2,Dine-in,,127.0
3548,2025-12-13,Dinner,19,19:19,1,Dine-in,,35.5
3549,2025-12-13,Dinner,17,17:58,3,Dine-in,,128.5
3550,2025-12-13,Dinner,18,18:20,2,Dine-in,,63.0
3551,2025-12-13,Dinner,18,18:16,2,Dine-in,,259.5
3552,2025-12-13,Dinner,20,20:01,4,Dine-in,,178.0
3553,2025-12-13,Dinner,21,21:37,4,Dine-in,,231.0
3554,2025-12-13,Dinner,19,19:21,3,Dine-in,,176.5
3555,2025-12-13,Dinner,18,18:47,4,Dine-in,,139.5
3556,2025-12-13,Dinner,18,18:31,2,Dine-in,,48.0
3557,2025-12-13,Dinner,18,18:38,2,Takeaway,,77.0
3558,2025-12-13,Dinner,18,18:27,3,Dine-in,,111.0
3559,2025-12-13,Late,22,22:16,2,Dine-in,,117.0
3560,2025-12-13,Late,22,22:45,4,Takeaway,,129.0
3561,2025-12-13,Late,22,22:29,2,Dine-in,,112.0
3562,2025-12-13,Late,22,22:42,2,Dine-in,,128.5
3563,2025-12-13,Late,22,22:14,1,Dine-in,,57.5
3564,2025-12-13,Lunch,14,14:18,5,Dine-in,,171.5
3565,2025-12-13,Lunch,13,13:18,3,Dine-in,,160.0
3566,2025-12-13,Lunch,14,14:33,4,Takeaway,,196.5
3567,2025-12-13,Lunch,13,13:59,6,Dine-in,,295.5
3568,2025-12-13,Lunch,13,13:45,4,Dine-in,,252.0
3569,2025-12-13,Lunch,14,14:10,3,Dine-in,,206.5
3570,2025-12-13,Lunch,14,14:32,2,Dine-in,,146.0
3571,2025-12-13,Lunch,13,13:23,2,Dine-in,,181.0
3572,2025-12-13,Lunch,14,14:16,1,Dine-in,,13.0
3573,2025-12-13,Lunch,12,12:33,6,Dine-in,,138.0
3574,2025-12-13,Lunch,12,12:08,2,Takeaway,,88.0
3575,2025-12-13,Lunch,14,14:39,2,Dine-in,,59.5
3576,2025-12-13,Lunch,14,14:05,2,Takeaway,,167.5
3577,2025-12-13,Lunch,12,12:52,4,Dine-in,,127.0
3578,2025-12-13,Lunch,14,14:39,2,Dine-in,,58.5
3579,2025-12-13,Lunch,14,14:34,5,Takeaway,,200.5
3580,2025-12-14,Dinner,20,20:28,2,Dine-in,,165.0
3581,2025-12-14,Dinner,19,19:22,2,Dine-in,,112.5
3582,2025-12-14,Dinner,19,19:47,2,Takeaway,,31.0
3583,2025-12-14,Dinner,18,18:42,2,Dine-in,,197.0
3584,2025-12-14,Dinner,17,17:40,1,Dine-in,,16.0
3585,2025-12-14,Dinner,18,18:11,2,Dine-in,,144.5
3586,2025-12-14,Dinner,18,18:51,3,Takeaway,,150.0
3587,2025-12-14,Dinner,21,21:31,2,Dine-in,,64.5
3588,2025-12-14,Dinner,18,18:27,3,Takeaway,,142.0
3589,2025-12-14,Dinner,18,18:28,1,Dine-in,,25.5
3590,2025-12-14,Dinner,19,19:39,5,Takeaway,,261.0
3591,2025-12-14,Dinner,20,20:21,2,Takeaway,,87.0
3592,2025-12-14,Dinner,18,18:30,5,Dine-in,,230.0
3593,2025-12-14,Dinner,20,20:46,2,Dine-in,,152.5
3594,2025-12-14,Dinner,19,19:36,2,Dine-in,,140.0
3595,2025-12-14,Dinner,18,18:14,4,Dine-in,,222.5
3596,2025-12-14,Dinner,18,18:05,1,Dine-in,,100.0
3597,2025-12-14,Dinner,18,18:38,1,Dine-in,,60.0
3598,2025-12-14,Dinner,19,19:52,2,Dine-in,,153.5
3599,2025-12-14,Dinner,19,19:53,2,Dine-in,,178.5
3600,2025-12-14,Dinner,21,21:33,2,Dine-in,,102.0
3601,2025-12-14,Dinner,20,20:31,5,Takeaway,,162.5
3602,2025-12-14,Dinner,19,19:08,2,Dine-in,,82.0
3603,2025-12-14,Dinner,18,18:31,2,Dine-in,,45.5
3604,2025-12-14,Dinner,20,20:38,2,Dine-in,,146.0
3605,2025-12-14,Dinner,19,19:55,2,Dine-in,,39.5
3606,2025-12-14,Dinner,20,20:46,2,Dine-in,,115.5
3607,2025-12-14,Dinner,20,20:24,1,Dine-in,,35.0
3608,2025-12-14,Dinner,21,21:19,5,Dine-in,,184.5
3609,2025-12-14,Dinner,18,18:37,3,Dine-in,,185.5
3610,2025-12-14,Dinner,17,17:59,6,Dine-in,,164.5
3611,2025-12-14,Dinner,18,18:32,3,Dine-in,,86.5
3612,2025-12-14,Lunch,14,14:07,3,Dine-in,,327.5
3613,2025-12-14,Lunch,14,14:11,2,Dine-in,,142.5
3614,2025-12-14,Lunch,12,12:06,4,Takeaway,,195.5
3615,2025-12-14,Lunch,13,13:41,4,Dine-in,,109.0
3616,2025-12-14,Lunch,12,12:15,1,Takeaway,,22.5
3617,2025-12-14,Lunch,14,14:23,2,Dine-in,,80.0
3618,2025-12-14,Lunch,13,13:17,2,Dine-in,,88.0
3619,2025-12-14,Lunch,12,12:13,3,Dine-in,,157.5
3620,2025-12-14,Lunch,12,12:23,2,Dine-in,,80.5
3621,2025-12-14,Lunch,14,14:03,4,Dine-in,,141.0
3622,2025-12-14,Lunch,12,12:46,3,Dine-in,,209.0
3623,2025-12-14,Lunch,13,13:24,5,Dine-in,,157.5
3624,2025-12-16,Dinner,18,18:20,6,Dine-in,,221.5
3625,2025-12-16,Dinner,21,21:25,3,Takeaway,,123.5
3626,2025-12-16,Dinner,19,19:34,5,Takeaway,,206.5
3627,2025-12-16,Dinner,18,18:31,2,Dine-in,,119.0
3628,2025-12-16,Dinner,17,17:37,2,Dine-in,,126.5
3629,2025-12-16,Dinner,20,20:41,1,Dine-in,,68.0
3630,2025-12-16,Dinner,20,20:00,2,Takeaway,,120.5
3631,2025-12-16,Dinner,20,20:31,3,Dine-in,,94.0
3632,2025-12-16,Dinner,20,20:55,2,Dine-in,,73.0
3633,2025-12-16,Dinner,18,18:48,2,Dine-in,,93.0
3634,2025-12-16,Dinner,19,19:49,4,Dine-in,,186.0
3635,2025-12-16,Dinner,21,21:14,2,Takeaway,,70.0
3636,2025-12-16,Dinner,17,17:52,3,Dine-in,,57.5
3637,2025-12-16,Dinner,19,19:30,2,Dine-in,,63.5
3638,2025-12-16,Dinner,21,21:06,4,Dine-in,,163.0
3639,2025-12-16,Dinner,21,21:15,2,Dine-in,,85.5
3640,2025-12-16,Dinner,20,20:50,1,Dine-in,,17.0
3641,2025-12-16,Lunch,14,14:22,2,Dine-in,,124.0
3642,2025-12-16,Lunch,14,14:09,2,Dine-in,,56.5
3643,2025-12-16,Lunch,12,12:13,2,Dine-in,,111.5
3644,2025-12-16,Lunch,12,12:22,5,Dine-in,,266.5
3645,2025-12-16,Lunch,13,13:26,2,Dine-in,,84.5
3646,2025-12-16,Lunch,14,14:22,6,Dine-in,,166.5
3647,2025-12-16,Lunch,13,13:00,2,Dine-in,,61.0
3648,2025-12-16,Lunch,13,13:01,2,Dine-in,,99.0
3649,2025-12-16,Lunch,12,12:18,2,Dine-in,,46.5
3650,2025-12-16,Lunch,14,14:36,2,Dine-in,,90.0
3651,2025-12-16,Lunch,12,12:41,1,Dine-in,,65.0
3652,2025-12-17,Dinner,18,18:45,5,Takeaway,,190.0
3653,2025-12-17,Dinner,20,20:57,3,Takeaway,,181.0
3654,2025-12-17,Dinner,20,20:07,3,Dine-in,,127.0
3655,2025-12-17,Dinner,19,19:10,4,Dine-in,,229.5
3656,2025-12-17,Dinner,17,17:53,2,Dine-in,,72.5
3657,2025-12-17,Dinner,17,17:33,2,Dine-in,,94.5
3658,2025-12-17,Dinner,20,20:39,2,Dine-in,,110.0
3659,2025-12-17,Dinner,18,18:43,2,Dine-in,,84.5
3660,2025-12-17,Dinner,20,20:36,2,Takeaway,,80.0
3661,2025-12-17,Dinner,19,19:51,4,Dine-in,,171.5
3662,2025-12-17,Dinner,20,20:06,4,Dine-in,,108.0
3663,2025-12-17,Dinner,19,19:06,2,Dine-in,,150.5
3664,2025-12-17,Dinner,18,18:57,3,Dine-in,,214.0
3665,2025-12-17,Dinner,21,21:20,4,Dine-in,,106.5
3666,2025-12-17,Dinner,21,21:16,5,Dine-in,,190.5
3667,2025-12-17,Dinner,19,19:39,1,Dine-in,,145.0
3668,2025-12-17,Dinner,20,20:35,4,Dine-in,,225.5
3669,2025-12-17,Dinner,18,18:39,2,Dine-in,,67.0
3670,2025-12-17,Dinner,19,19:10,2,Dine-in,,90.0
3671,2025-12-17,Dinner,19,19:34,3,Dine-in,,173.5
3672,2025-12-17,Dinner,18,18:56,3,Dine-in,,109.0
3673,2025-12-17,Lunch,14,14:42,4,Dine-in,,191.0
3674,2025-12-17,Lunch,13,13:33,2,Dine-in,,74.5
3675,2025-12-17,Lunch,14,14:22,2,Dine-in,,51.5
3676,2025-12-17,Lunch,12,12:32,6,Dine-in,,244.0
3677,2025-12-17,Lunch,14,14:18,3,Dine-in,,189.5
3678,2025-12-17,Lunch,12,12:16,2,Dine-in,,103.0
3679,2025-12-17,Lunch,14,14:30,5,Dine-in,,275.0
3680,2025-12-17,Lunch,14,14:23,1,Takeaway,,55.5
3681,2025-12-17,Lunch,13,13:46,1,Dine-in,,20.0
3682,2025-12-18,Dinner,19,19:08,2,Dine-in,,31.0
3683,2025-12-18,Dinner,19,19:11,2,Dine-in,,39.0
3684,2025-12-18,Dinner,18,18:14,2,Dine-in,,85.5
3685,2025-12-18,Dinner,20,20:57,2,Takeaway,,91.5
3686,2025-12-18,Dinner,18,18:24,6,Dine-in,,212.0
3687,2025-12-18,Dinner,20,20:44,2,Dine-in,,113.0
3688,2025-12-18,Dinner,19,19:12,3,Dine-in,,108.0
3689,2025-12-18,Dinner,18,18:34,2,Dine-in,,58.0
3690,2025-12-18,Dinner,20,20:58,2,Dine-in,,140.0
3691,2025-12-18,Dinner,18,18:12,2,Takeaway,,119.5
3692,2025-12-18,Dinner,21,21:31,2,Dine-in,,35.0
3693,2025-12-18,Dinner,21,21:31,2,Dine-in,,33.5
3694,2025-12-18,Dinner,20,20:40,4,Dine-in,,120.5
3695,2025-12-18,Dinner,18,18:56,2,Takeaway,,43.0
3696,2025-12-18,Dinner,18,18:45,2,Dine-in,,93.0
3697,2025-12-18,Dinner,18,18:25,2,Dine-in,,132.0
3698,2025-12-18,Dinner,20,20:18,3,Dine-in,,201.0
3699,2025-12-18,Dinner,20,20:25,1,Dine-in,,36.0
3700,2025-12-18,Dinner,21,21:19,4,Dine-in,,116.0
3701,2025-12-18,Dinner,20,20:32,2,Dine-in,,68.0
3702,2025-12-18,Dinner,20,20:29,2,Dine-in,,131.5
3703,2025-12-18,Dinner,21,21:12,4,Dine-in,,159.0
3704,2025-12-18,Dinner,17,17:36,3,Dine-in,,157.0
3705,2025-12-18,Dinner,19,19:22,4,Dine-in,,104.5
3706,2025-12-18,Lunch,14,14:17,4,Dine-in,,224.5
3707,2025-12-18,Lunch,14,14:40,1,Takeaway,,55.0
3708,2025-12-18,Lunch,12,12:12,2,Dine-in,,65.5
3709,2025-12-18,Lunch,12,12:57,1,Dine-in,,56.0
3710,2025-12-18,Lunch,12,12:24,4,Takeaway,,246.5
3711,2025-12-18,Lunch,13,13:37,2,Dine-in,,98.5
3712,2025-12-18,Lunch,12,12:35,2,Dine-in,,0.0
3713,2025-12-18,Lunch,13,13:52,1,Dine-in,,35.0
3714,2025-12-18,Lunch,14,14:07,4,Takeaway,,234.0
3715,2025-12-18,Lunch,13,13:05,2,Takeaway,,117.0
3716,2025-12-18,Lunch,14,14:30,2,Dine-in,,57.5
3717,2025-12-18,Lunch,12,12:50,1,Dine-in,,38.0
3718,2025-12-18,Lunch,13,13:46,3,Dine-in,,146.5
3719,2025-12-18,Lunch,13,13:06,2,Dine-in,,170.0
3720,2025-12-19,Dinner,21,21:19,4,Dine-in,,106.5
3721,2025-12-19,Dinner,20,20:47,2,Dine-in,,86.0
3722,2025-12-19,Dinner,17,17:46,5,Dine-in,,256.5
3723,2025-12-19,Dinner,20,20:59,3,Takeaway,,214.5
3724,2025-12-19,Dinner,19,19:20,1,Dine-in,,12.5
3725,2025-12-19,Dinner,18,18:20,4,Dine-in,,181.0
3726,2025-12-19,Dinner,21,21:14,1,Dine-in,,27.5
3727,2025-12-19,Dinner,18,18:26,2,Dine-in,,140.5
3728,2025-12-19,Dinner,21,21:04,4,Dine-in,,198.0
3729,2025-12-19,Dinner,18,18:25,5,Dine-in,,209.0
3730,2025-12-19,Dinner,21,21:09,4,Dine-in,,156.0
3731,2025-12-19,Dinner,18,18:32,6,Takeaway,,175.5
3732,2025-12-19,Dinner,18,18:44,2,Dine-in,,155.0
3733,2025-12-19,Dinner,18,18:01,3,Dine-in,,219.0
3734,2025-12-19,Dinner,17,17:33,2,Dine-in,,27.5
3735,2025-12-19,Dinner,21,21:09,4,Dine-in,,200.5
3736,2025-12-19,Dinner,21,21:22,4,Dine-in,,200.5
3737,2025-12-19,Dinner,21,21:10,2,Dine-in,,108.0
3738,2025-12-19,Dinner,19,19:03,4,Dine-in,,95.5
3739,2025-12-19,Dinner,17,17:46,3,Dine-in,,86.5
3740,2025-12-19,Dinner,17,17:42,3,Dine-in,,100.0
3741,2025-12-19,Dinner,19,19:54,4,Dine-in,,167.5
3742,2025-12-19,Dinner,19,19:24,2,Takeaway,,176.5
3743,2025-12-19,Late,22,22:18,2,Takeaway,,89.0
3744,2025-12-19,Late,22,22:05,2,Dine-in,,36.5
3745,2025-12-19,Late,23,23:13,4,Dine-in,,164.0
3746,2025-12-19,Late,22,22:52,3,Takeaway,,148.0
3747,2025-12-19,Lunch,13,13:21,2,Dine-in,,97.0
3748,2025-12-19,Lunch,12,12:08,4,Dine-in,,147.0
3749,2025-12-19,Lunch,14,14:29,2,Dine-in,,39.0
3750,2025-12-19,Lunch,13,13:20,2,Dine-in,,76.5
3751,2025-12-19,Lunch,14,14:20,3,Takeaway,,185.0
3752,2025-12-19,Lunch,13,13:22,5,Dine-in,,295.5
3753,2025-12-19,Lunch,12,12:53,2,Dine-in,,103.5
3754,2025-12-19,Lunch,12,12:14,2,Dine-in,,87.0
3755,2025-12-19,Lunch,12,12:16,2,Dine-in,,50.5
3756,2025-12-19,Lunch,12,12:50,2,Dine-in,,58.5
3757,2025-12-19,Lunch,13,13:15,3,Dine-in,,113.0
3758,2025-12-19,Lunch,12,12:34,2,Takeaway,,92.5
3759,2025-12-19,Lunch,12,12:25,2,Dine-in,,55.5
3760,2025-12-19,Lunch,13,13:33,4,Dine-in,,101.5
3761,2025-12-19,Lunch,13,13:26,2,Dine-in,,86.5
3762,2025-12-20,Dinner,20,20:28,2,Dine-in,,72.5
3763,2025-12-20,Dinner,20,20:12,2,Dine-in,,52.0
3764,2025-12-20,Dinner,20,20:26,2,Dine-in,,98.0
3765,2025-12-20,Dinner,21,21:01,2,Dine-in,,38.0
3766,2025-12-20,Dinner,19,19:49,2,Dine-in,,82.0
3767,2025-12-20,Dinner,18,18:27,2,Dine-in,,87.5
3768,2025-12-20,Dinner,18,18:32,1,Dine-in,,31.5
3769,2025-12-20,Dinner,19,19:03,3,Dine-in,,111.0
3770,2025-12-20,Dinner,19,19:48,5,Dine-in,,126.5
3771,2025-12-20,Dinner,17,17:31,1,Dine-in,,128.5
3772,2025-12-20,Dinner,20,20:23,4,Dine-in,,98.0
3773,2025-12-20,Dinner,20,20:02,1,Dine-in,,55.0
3774,2025-12-20,Dinner,20,20:55,1,Dine-in,,30.0
3775,2025-12-20,Dinner,20,20:51,2,Dine-in,,104.5
3776,2025-12-20,Dinner,21,21:34,4,Dine-in,,254.5
3777,2025-12-20,Dinner,18,18:44,4,Takeaway,,162.5
3778,2025-12-20,Dinner,21,21:27,6,Dine-in,,341.5
3779,2025-12-20,Dinner,19,19:23,2,Takeaway,,77.5
3780,2025-12-20,Dinner,21,21:38,2,Takeaway,,139.5
3781,2025-12-20,Dinner,21,21:16,5,Dine-in,,213.0
3782,2025-12-20,Dinner,18,18:35,1,Dine-in,,59.5
3783,2025-12-20,Dinner,21,21:38,2,Takeaway,,45.5
3784,2025-12-20,Dinner,20,20:24,2,Dine-in,,75.5
3785,2025-12-20,Dinner,19,19:23,5,Dine-in,,227.5
3786,2025-12-20,Dinner,18,18:43,3,Dine-in,,57.5
3787,2025-12-20,Dinner,19,19:25,3,Dine-in,,122.5
3788,2025-12-20,Dinner,19,19:11,2,Dine-in,,97.0
3789,2025-12-20,Dinner,20,20:55,2,Dine-in,,93.5
3790,2025-12-20,Dinner,19,19:22,3,Dine-in,,188.0
3791,2025-12-20,Dinner,20,20:33,3,Dine-in,,137.0
3792,2025-12-20,Dinner,18,18:10,5,Takeaway,,272.5
3793,2025-12-20,Dinner,18,18:19,4,Dine-in,,250.5
3794,2025-12-20,Dinner,18,18:54,2,Dine-in,,61.5
3795,2025-12-20,Dinner,18,18:25,1,Dine-in,,112.0
3796,2025-12-20,Dinner,20,20:31,5,Dine-in,,181.5
3797,2025-12-20,Dinner,18,18:47,3,Dine-in,,89.0
3798,2025-12-20,Late,22,22:22,3,Dine-in,,148.5
3799,2025-12-20,Late,22,22:09,2,Dine-in,,30.0
3800,2025-12-20,Late,22,22:10,1,Dine-in,,26.5
3801,2025-12-20,Late,22,22:48,5,Dine-in,,277.0
3802,2025-12-20,Late,23,23:05,1,Dine-in,,51.5
3803,2025-12-20,Lunch,12,12:06,3,Dine-in,,109.0
3804,2025-12-20,Lunch,12,12:06,3,Dine-in,,67.5
3805,2025-12-20,Lunch,14,14:25,1,Dine-in,,19.5
3806,2025-12-20,Lunch,12,12:38,3,Dine-in,,113.5
3807,2025-12-20,Lunch,13,13:17,2,Dine-in,,103.5
3808,2025-12-20,Lunch,13,13:02,4,Dine-in,,198.0
3809,2025-12-20,Lunch,12,12:49,4,Dine-in,,154.0
3810,2025-12-20,Lunch,13,13:37,2,Dine-in,,88.5
3811,2025-12-20,Lunch,13,13:40,2,Dine-in,,82.5
3812,2025-12-20,Lunch,13,13:36,2,Dine-in,,119.0
3813,2025-12-20,Lunch,13,13:55,2,Dine-in,,112.0
3814,2025-12-20,Lunch,14,14:19,4,Dine-in,,128.0
3815,2025-12-20,Lunch,12,12:51,2,Dine-in,,81.0
3816,2025-12-20,Lunch,13,13:02,3,Dine-in,,123.0
3817,2025-12-20,Lunch,13,13:02,6,Dine-in,,275.5
3818,2025-12-21,Dinner,18,18:14,5,Dine-in,,340.5
3819,2025-12-21,Dinner,21,21:29,6,Dine-in,,352.5
3820,2025-12-21,Dinner,19,19:24,1,Dine-in,,27.5
3821,2025-12-21,Dinner,18,18:12,2,Dine-in,,66.0
3822,2025-12-21,Dinner,19,19:48,4,Dine-in,,226.5
3823,2025-12-21,Dinner,21,21:26,1,Dine-in,,26.0
3824,2025-12-21,Dinner,19,19:46,4,Dine-in,,71.0
3825,2025-12-21,Dinner,19,19:28,2,Dine-in,,23.5
3826,2025-12-21,Dinner,19,19:00,2,Dine-in,,117.5
3827,2025-12-21,Dinner,18,18:42,4,Dine-in,,202.0
3828,2025-12-21,Dinner,19,19:55,2,Dine-in,,114.5
3829,2025-12-21,Dinner,20,20:29,3,Dine-in,,105.5
3830,2025-12-21,Dinner,21,21:40,4,Dine-in,,162.0
3831,2025-12-21,Dinner,19,19:04,1,Dine-in,,47.5
3832,2025-12-21,Dinner,20,20:11,2,Dine-in,,110.0
3833,2025-12-21,Dinner,19,19:42,2,Takeaway,,90.0
3834,2025-12-21,Dinner,17,17:51,2,Dine-in,,87.5
3835,2025-12-21,Dinner,17,17:54,2,Dine-in,,67.5
3836,2025-12-21,Dinner,18,18:16,4,Dine-in,,207.5
3837,2025-12-21,Dinner,17,17:56,4,Dine-in,,141.0
3838,2025-12-21,Dinner,18,18:51,2,Dine-in,,144.5
3839,2025-12-21,Dinner,21,21:36,4,Dine-in,,302.0
3840,2025-12-21,Dinner,17,17:31,2,Dine-in,,50.5
3841,2025-12-21,Dinner,19,19:34,2,Dine-in,,64.5
3842,2025-12-21,Dinner,20,20:31,2,Dine-in,,142.0
3843,2025-12-21,Dinner,17,17:35,2,Dine-in,,79.0
3844,2025-12-21,Dinner,18,18:35,2,Dine-in,,99.5
3845,2025-12-21,Dinner,17,17:44,4,Dine-in,,152.5
3846,2025-12-21,Dinner,21,21:26,2,Dine-in,,37.0
3847,2025-12-21,Dinner,19,19:19,5,Dine-in,,118.5
3848,2025-12-21,Dinner,20,20:58,2,Dine-in,,81.5
3849,2025-12-21,Lunch,12,12:47,2,Dine-in,,36.5
3850,2025-12-21,Lunch,12,12:23,2,Dine-in,,268.5
3851,2025-12-21,Lunch,14,14:00,3,Dine-in,,173.5
3852,2025-12-21,Lunch,12,12:42,4,Dine-in,,170.5
3853,2025-12-21,Lunch,14,14:27,5,Dine-in,,315.5
3854,2025-12-21,Lunch,14,14:25,1,Dine-in,,61.0
3855,2025-12-21,Lunch,13,13:08,2,Dine-in,,50.5
3856,2025-12-21,Lunch,12,12:38,4,Dine-in,,200.5
3857,2025-12-21,Lunch,14,14:38,2,Dine-in,,72.0
3858,2025-12-21,Lunch,13,13:05,4,Dine-in,,173.0
3859,2025-12-21,Lunch,12,12:56,4,Dine-in,,143.0
3860,2025-12-21,Lunch,13,13:57,3,Dine-in,,122.0
3861,2025-12-21,Lunch,12,12:17,2,Dine-in,,15.5
3862,2025-12-23,Dinner,19,19:40,2,Dine-in,,69.0
3863,2025-12-23,Dinner,18,18:56,2,Takeaway,,82.0
3864,2025-12-23,Dinner,19,19:47,4,Dine-in,,134.5
3865,2025-12-23,Dinner,18,18:10,3,Dine-in,,109.5
3866,2025-12-23,Dinner,20,20:52,3,Takeaway,,101.0
3867,2025-12-23,Dinner,21,21:33,4,Dine-in,,142.5
3868,2025-12-23,Dinner,18,18:54,6,Dine-in,,132.0
3869,2025-12-23,Dinner,18,18:50,2,Dine-in,,72.5
3870,2025-12-23,Dinner,18,18:59,2,Dine-in,,35.0
3871,2025-12-23,Dinner,19,19:04,2,Dine-in,,84.0
3872,2025-12-23,Dinner,21,21:24,2,Dine-in,,131.5
3873,2025-12-23,Dinner,17,17:32,2,Dine-in,,96.0
3874,2025-12-23,Dinner,19,19:39,2,Dine-in,,75.0
3875,2025-12-23,Dinner,21,21:41,4,Dine-in,,220.0
3876,2025-12-23,Dinner,19,19:20,4,Dine-in,,134.5
3877,2025-12-23,Dinner,19,19:19,2,Dine-in,,69.0
3878,2025-12-23,Dinner,21,21:29,5,Dine-in,,224.5
3879,2025-12-23,Dinner,21,21:38,2,Dine-in,,136.0
3880,2025-12-23,Lunch,14,14:10,2,Dine-in,,23.0
3881,2025-12-23,Lunch,12,12:13,1,Dine-in,,112.5
3882,2025-12-23,Lunch,12,12:48,2,Dine-in,,91.0
3883,2025-12-23,Lunch,14,14:37,2,Dine-in,,96.5
3884,2025-12-23,Lunch,14,14:19,3,Dine-in,,77.0
3885,2025-12-23,Lunch,12,12:19,4,Dine-in,,250.5
3886,2025-12-23,Lunch,13,13:10,5,Dine-in,,236.0
3887,2025-12-23,Lunch,13,13:43,2,Dine-in,,132.0
3888,2025-12-23,Lunch,13,13:28,3,Takeaway,,57.5
3889,2025-12-24,Dinner,18,18:30,3,Dine-in,Christmas Eve,161.55
3890,2025-12-24,Dinner,17,17:47,3,Dine-in,Christmas Eve,245.5
3891,2025-12-24,Dinner,20,20:15,2,Dine-in,Christmas Eve,76.45
3892,2025-12-24,Dinner,18,18:21,3,Dine-in,Christmas Eve,153.49
3893,2025-12-24,Dinner,18,18:39,3,Dine-in,Christmas Eve,96.58
3894,2025-12-24,Dinner,18,18:37,2,Dine-in,Christmas Eve,106.93
3895,2025-12-24,Dinner,19,19:05,2,Takeaway,Christmas Eve,107.51
3896,2025-12-24,Dinner,18,18:09,2,Dine-in,Christmas Eve,39.66
3897,2025-12-24,Dinner,18,18:52,2,Dine-in,Christmas Eve,110.37
3898,2025-12-24,Dinner,19,19:04,4,Dine-in,Christmas Eve,182.8
3899,2025-12-24,Dinner,20,20:29,2,Dine-in,Christmas Eve,47.71
3900,2025-12-24,Dinner,18,18:08,2,Dine-in,Christmas Eve,62.08
3901,2025-12-24,Dinner,19,19:06,1,Dine-in,Christmas Eve,108.08
3902,2025-12-24,Dinner,20,20:36,2,Takeaway,Christmas Eve,61.52
3903,2025-12-24,Dinner,19,19:53,6,Dine-in,Christmas Eve,182.82
3904,2025-12-24,Dinner,19,19:39,2,Dine-in,Christmas Eve,54.61
3905,2025-12-24,Dinner,21,21:13,4,Dine-in,Christmas Eve,234.0
3906,2025-12-24,Dinner,18,18:27,4,Takeaway,Christmas Eve,217.32
3907,2025-12-24,Dinner,18,18:23,2,Takeaway,Christmas Eve,72.42
3908,2025-12-24,Dinner,18,18:03,2,Dine-in,Christmas Eve,135.11
3909,2025-12-24,Dinner,18,18:48,2,Dine-in,Christmas Eve,78.17
3910,2025-12-24,Dinner,18,18:03,2,Dine-in,Christmas Eve,39.08
3911,2025-12-24,Dinner,19,19:10,5,Dine-in,Christmas Eve,366.8
3912,2025-12-24,Dinner,18,18:05,3,Dine-in,Christmas Eve,129.35
3913,2025-12-24,Dinner,21,21:11,2,Dine-in,Christmas Eve,179.96
3914,2025-12-24,Dinner,19,19:28,2,Dine-in,Christmas Eve,153.51
3915,2025-12-24,Dinner,19,19:30,4,Dine-in,Christmas Eve,243.21
3916,2025-12-24,Dinner,19,19:26,3,Dine-in,Christmas Eve,210.41
3917,2025-12-24,Dinner,21,21:13,1,Dine-in,Christmas Eve,90.25
3918,2025-12-24,Lunch,13,13:07,2,Takeaway,Christmas Eve,115.55
3919,2025-12-24,Lunch,13,13:40,4,Dine-in,Christmas Eve,251.83
3920,2025-12-24,Lunch,13,13:29,5,Dine-in,Christmas Eve,159.82
3921,2025-12-24,Lunch,13,13:28,2,Dine-in,Christmas Eve,91.4
3922,2025-12-24,Lunch,12,12:59,2,Dine-in,Christmas Eve,181.68
3923,2025-12-24,Lunch,14,14:40,1,Dine-in,Christmas Eve,44.84
3924,2025-12-24,Lunch,12,12:18,3,Dine-in,Christmas Eve,182.84
3925,2025-12-24,Lunch,12,12:32,5,Takeaway,Christmas Eve,183.4
3926,2025-12-24,Lunch,14,14:37,4,Dine-in,Christmas Eve,98.88
3927,2025-12-24,Lunch,12,12:57,2,Dine-in,Christmas Eve,117.86
3928,2025-12-24,Lunch,13,13:21,4,Dine-in,Christmas Eve,155.21
3929,2025-12-24,Lunch,13,13:54,2,Dine-in,Christmas Eve,108.07
3930,2025-12-27,Dinner,18,18:01,2,Dine-in,,122.0
3931,2025-12-27,Dinner,18,18:26,2,Takeaway,,71.0
3932,2025-12-27,Dinner,21,21:37,3,Dine-in,,184.0
3933,2025-12-27,Dinner,20,20:35,4,Takeaway,,233.0
3934,2025-12-27,Dinner,17,17:35,2,Dine-in,,71.5
3935,2025-12-27,Dinner,20,20:18,4,Takeaway,,135.0
3936,2025-12-27,Dinner,18,18:17,2,Dine-in,,63.0
3937,2025-12-27,Dinner,19,19:32,3,Dine-in,,74.5
3938,2025-12-27,Dinner,21,21:37,2,Takeaway,,14.0
3939,2025-12-27,Dinner,19,19:32,1,Dine-in,,36.0
3940,2025-12-27,Dinner,21,21:21,6,Dine-in,,274.0
3941,2025-12-27,Dinner,20,20:45,4,Dine-in,,168.5
3942,2025-12-27,Dinner,18,18:01,4,Dine-in,,114.0
3943,2025-12-27,Dinner,17,17:36,2,Dine-in,,138.5
3944,2025-12-27,Dinner,21,21:20,3,Dine-in,,68.5
3945,2025-12-27,Dinner,21,21:08,2,Dine-in,,119.5
3946,2025-12-27,Dinner,20,20:43,1,Dine-in,,58.0
3947,2025-12-27,Dinner,18,18:32,2,Takeaway,,94.5
3948,2025-12-27,Dinner,21,21:32,6,Dine-in,,268.0
3949,2025-12-27,Dinner,19,19:33,2,Dine-in,,119.5
3950,2025-12-27,Dinner,21,21:25,2,Dine-in,,74.0
3951,2025-12-27,Dinner,17,17:55,5,Dine-in,,173.5
3952,2025-12-27,Dinner,18,18:44,4,Dine-in,,102.5
3953,2025-12-27,Dinner,21,21:20,2,Dine-in,,114.5
3954,2025-12-27,Dinner,20,20:38,3,Dine-in,,86.0
3955,2025-12-27,Dinner,20,20:00,1,Dine-in,,31.5
3956,2025-12-27,Dinner,21,21:18,3,Dine-in,,76.5
3957,2025-12-27,Dinner,21,21:28,2,Dine-in,,66.5
3958,2025-12-27,Dinner,18,18:04,1,Dine-in,,22.0
3959,2025-12-27,Dinner,17,17:55,2,Dine-in,,132.5
3960,2025-12-27,Dinner,19,19:08,2,Dine-in,,109.5
3961,2025-12-27,Dinner,18,18:51,4,Dine-in,,185.0
3962,2025-12-27,Dinner,21,21:08,5,Dine-in,,214.5
3963,2025-12-27,Dinner,18,18:02,4,Dine-in,,209.5
3964,2025-12-27,Dinner,17,17:57,2,Dine-in,,62.5
3965,2025-12-27,Late,22,22:22,1,Takeaway,,14.5
3966,2025-12-27,Late,22,22:14,5,Dine-in,,348.0
3967,2025-12-27,Late,22,22:18,3,Dine-in,,105.0
3968,2025-12-27,Late,23,23:02,3,Dine-in,,87.0
3969,2025-12-27,Lunch,13,13:51,2,Dine-in,,124.0
3970,2025-12-27,Lunch,12,12:24,1,Dine-in,,32.5
3971,2025-12-27,Lunch,12,12:47,2,Dine-in,,84.5
3972,2025-12-27,Lunch,12,12:05,1,Dine-in,,44.5
3973,2025-12-27,Lunch,12,12:45,2,Dine-in,,145.5
3974,2025-12-27,Lunch,12,12:47,2,Dine-in,,71.0
3975,2025-12-27,Lunch,12,12:23,3,Dine-in,,97.0
3976,2025-12-27,Lunch,12,12:15,5,Dine-in,,172.0
3977,2025-12-27,Lunch,12,12:56,1,Dine-in,,51.5
3978,2025-12-27,Lunch,13,13:32,5,Dine-in,,206.5
3979,2025-12-27,Lunch,13,13:25,2,Dine-in,,56.5
3980,2025-12-27,Lunch,13,13:56,3,Takeaway,,103.5
3981,2025-12-27,Lunch,12,12:20,1,Dine-in,,36.0
3982,2025-12-27,Lunch,12,12:29,2,Dine-in,,102.0
3983,2025-12-27,Lunch,12,12:54,5,Dine-in,,181.5
3984,2025-12-27,Lunch,12,12:20,2,Dine-in,,119.0
3985,2025-12-27,Lunch,12,12:21,2,Dine-in,,69.5
3986,2025-12-28,Dinner,19,19:26,1,Dine-in,,100.5
3987,2025-12-28,Dinner,20,20:07,2,Dine-in,,154.0
3988,2025-12-28,Dinner,17,17:34,2,Takeaway,,52.5
3989,2025-12-28,Dinner,20,20:22,6,Dine-in,,192.5
3990,2025-12-28,Dinner,18,18:58,5,Dine-in,,169.0
3991,2025-12-28,Dinner,20,20:55,4,Dine-in,,192.5
3992,2025-12-28,Dinner,19,19:01,4,Dine-in,,236.0
3993,2025-12-28,Dinner,21,21:04,1,Dine-in,,22.0
3994,2025-12-28,Dinner,19,19:23,2,Dine-in,,98.5
3995,2025-12-28,Dinner,21,21:34,5,Dine-in,,217.5
3996,2025-12-28,Dinner,19,19:54,2,Dine-in,,38.0
3997,2025-12-28,Dinner,17,17:58,1,Takeaway,,23.0
3998,2025-12-28,Dinner,20,20:25,4,Dine-in,,106.5
3999,2025-12-28,Dinner,18,18:14,2,Dine-in,,181.5
4000,2025-12-28,Dinner,19,19:45,2,Dine-in,,119.0
4001,2025-12-28,Dinner,20,20:20,2,Dine-in,,33.0
4002,2025-12-28,Dinner,21,21:31,4,Dine-in,,219.0
4003,2025-12-28,Dinner,19,19:46,2,Dine-in,,61.5
4004,2025-12-28,Dinner,19,19:10,3,Takeaway,,127.5
4005,2025-12-28,Dinner,18,18:15,4,Dine-in,,79.5
4006,2025-12-28,Dinner,19,19:54,5,Dine-in,,185.5
4007,2025-12-28,Dinner,19,19:08,1,Dine-in,,24.0
4008,2025-12-28,Dinner,19,19:29,6,Dine-in,,270.0
4009,2025-12-28,Dinner,18,18:51,2,Dine-in,,85.5
4010,2025-12-28,Dinner,18,18:31,3,Dine-in,,110.0
4011,2025-12-28,Dinner,20,20:43,1,Dine-in,,19.5
4012,2025-12-28,Dinner,18,18:36,2,Dine-in,,62.0
4013,2025-12-28,Dinner,19,19:17,2,Dine-in,,127.0
4014,2025-12-28,Dinner,18,18:56,6,Dine-in,,145.0
4015,2025-12-28,Dinner,18,18:08,2,Dine-in,,85.0
4016,2025-12-28,Dinner,18,18:51,2,Dine-in,,71.5
4017,2025-12-28,Dinner,20,20:50,1,Dine-in,,12.0
4018,2025-12-28,Lunch,13,13:22,3,Dine-in,,127.0
4019,2025-12-28,Lunch,13,13:20,4,Takeaway,,262.5
4020,2025-12-28,Lunch,13,13:47,2,Dine-in,,200.0
4021,2025-12-28,Lunch,14,14:08,2,Dine-in,,108.0
4022,2025-12-28,Lunch,12,12:56,3,Dine-in,,143.5
4023,2025-12-28,Lunch,13,13:45,2,Dine-in,,41.0
4024,2025-12-28,Lunch,13,13:41,5,Dine-in,,236.0
4025,2025-12-28,Lunch,12,12:37,2,Dine-in,,41.5
4026,2025-12-28,Lunch,12,12:40,3,Dine-in,,175.0
4027,2025-12-28,Lunch,14,14:14,4,Dine-in,,207.0
4028,2025-12-28,Lunch,14,14:40,3,Dine-in,,130.5
4029,2025-12-28,Lunch,13,13:23,4,Dine-in,,136.0
4030,2025-12-28,Lunch,13,13:17,6,Takeaway,,225.5
4031,2025-12-28,Lunch,13,13:29,1,Dine-in,,46.5
4032,2025-12-30,Dinner,18,18:37,3,Dine-in,,92.0
4033,2025-12-30,Dinner,19,19:31,2,Dine-in,,44.0
4034,2025-12-30,Dinner,21,21:32,4,Dine-in,,152.5
4035,2025-12-30,Dinner,20,20:07,4,Dine-in,,103.5
4036,2025-12-30,Dinner,19,19:08,2,Dine-in,,46.0
4037,2025-12-30,Dinner,19,19:02,3,Takeaway,,151.5
4038,2025-12-30,Dinner,18,18:53,6,Dine-in,,261.5
4039,2025-12-30,Dinner,19,19:29,5,Takeaway,,231.0
4040,2025-12-30,Dinner,20,20:46,2,Dine-in,,89.0
4041,2025-12-30,Dinner,18,18:26,2,Dine-in,,54.5
4042,2025-12-30,Dinner,18,18:52,1,Dine-in,,50.0
4043,2025-12-30,Dinner,19,19:32,1,Dine-in,,95.0
4044,2025-12-30,Dinner,17,17:33,2,Dine-in,,51.0
4045,2025-12-30,Dinner,18,18:46,2,Dine-in,,70.5
4046,2025-12-30,Dinner,20,20:10,2,Dine-in,,45.0
4047,2025-12-30,Dinner,20,20:54,5,Dine-in,,267.0
4048,2025-12-30,Dinner,21,21:16,1,Dine-in,,48.0
4049,2025-12-30,Lunch,12,12:09,4,Dine-in,,182.5
4050,2025-12-30,Lunch,14,14:39,1,Dine-in,,62.0
4051,2025-12-30,Lunch,12,12:38,2,Dine-in,,83.5
4052,2025-12-30,Lunch,13,13:13,3,Dine-in,,232.5
4053,2025-12-30,Lunch,12,12:07,5,Dine-in,,301.0
4054,2025-12-30,Lunch,14,14:24,2,Dine-in,,106.5
4055,2025-12-30,Lunch,14,14:35,2,Dine-in,,87.0
4056,2025-12-30,Lunch,12,12:57,4,Dine-in,,260.5
4057,2025-12-30,Lunch,12,12:28,2,Dine-in,,86.5
4058,2025-12-31,Dinner,20,20:28,2,Dine-in,New Year's Eve,63.47
4059,2025-12-31,Dinner,21,21:20,1,Dine-in,New Year's Eve,213.99
4060,2025-12-31,Dinner,19,19:17,2,Takeaway,New Year's Eve,81.01
4061,2025-12-31,Dinner,20,20:51,2,Dine-in,New Year's Eve,81.69
4062,2025-12-31,Dinner,19,19:56,3,Takeaway,New Year's Eve,223.45
4063,2025-12-31,Dinner,20,20:27,4,Dine-in,New Year's Eve,386.8
4064,2025-12-31,Dinner,19,19:54,6,Dine-in,New Year's Eve,326.07
4065,2025-12-31,Dinner,20,20:04,4,Dine-in,New Year's Eve,378.02
4066,2025-12-31,Dinner,18,18:20,2,Dine-in,New Year's Eve,237.61
4067,2025-12-31,Dinner,20,20:58,2,Dine-in,New Year's Eve,60.76
4068,2025-12-31,Dinner,18,18:55,2,Dine-in,New Year's Eve,126.93
4069,2025-12-31,Dinner,18,18:53,2,Dine-in,New Year's Eve,118.82
4070,2025-12-31,Dinner,19,19:07,5,Dine-in,New Year's Eve,427.97
4071,2025-12-31,Dinner,20,20:23,1,Dine-in,New Year's Eve,34.43
4072,2025-12-31,Dinner,19,19:22,1,Dine-in,New Year's Eve,95.18
4073,2025-12-31,Dinner,18,18:11,2,Dine-in,New Year's Eve,277.45
4074,2025-12-31,Dinner,18,18:44,2,Dine-in,New Year's Eve,124.88
4075,2025-12-31,Dinner,18,18:42,3,Takeaway,New Year's Eve,146.5
4076,2025-12-31,Dinner,19,19:51,3,Dine-in,New Year's Eve,111.4
4077,2025-12-31,Dinner,19,19:14,2,Dine-in,New Year's Eve,126.24
4078,2025-12-31,Dinner,21,21:41,2,Takeaway,New Year's Eve,67.52
4079,2025-12-31,Dinner,18,18:49,2,Dine-in,New Year's Eve,48.61
4080,2025-12-31,Dinner,21,21:00,2,Dine-in,New Year's Eve,174.84
4081,2025-12-31,Dinner,21,21:11,2,Dine-in,New Year's Eve,99.93
4082,2025-12-31,Dinner,20,20:56,2,Takeaway,New Year's Eve,232.91
4083,2025-12-31,Dinner,17,17:59,6,Takeaway,New Year's Eve,236.28
4084,2025-12-31,Dinner,20,20:58,2,Dine-in,New Year's Eve,64.14
4085,2025-12-31,Dinner,19,19:11,2,Dine-in,New Year's Eve,137.05
4086,2025-12-31,Dinner,18,18:59,1,Takeaway,New Year's Eve,60.77
4087,2025-12-31,Dinner,19,19:30,2,Dine-in,New Year's Eve,133.0
4088,2025-12-31,Dinner,21,21:14,2,Takeaway,New Year's Eve,87.1
4089,2025-12-31,Dinner,18,18:06,3,Takeaway,New Year's Eve,270.03
4090,2025-12-31,Dinner,21,21:03,6,Takeaway,New Year's Eve,357.11
4091,2025-12-31,Dinner,18,18:34,2,Takeaway,New Year's Eve,122.19
4092,2025-12-31,Dinner,19,19:10,4,Dine-in,New Year's Eve,153.25
4093,2025-12-31,Dinner,20,20:21,1,Dine-in,New Year's Eve,56.71
4094,2025-12-31,Dinner,18,18:38,3,Dine-in,New Year's Eve,78.99
4095,2025-12-31,Dinner,18,18:43,2,Dine-in,New Year's Eve,12.15
4096,2025-12-31,Dinner,18,18:36,4,Dine-in,New Year's Eve,242.34
4097,2025-12-31,Dinner,20,20:54,4,Dine-in,New Year's Eve,276.77
4098,2025-12-31,Dinner,20,20:16,4,Dine-in,New Year's Eve,178.91
4099,2025-12-31,Dinner,19,19:29,2,Takeaway,New Year's Eve,38.49
4100,2025-12-31,Dinner,21,21:40,2,Dine-in,New Year's Eve,33.76
4101,2025-12-31,Dinner,17,17:48,2,Dine-in,New Year's Eve,162.02
4102,2025-12-31,Dinner,21,21:02,3,Dine-in,New Year's Eve,120.17
4103,2025-12-31,Dinner,20,20:57,3,Dine-in,New Year's Eve,101.95
4104,2025-12-31,Lunch,12,12:59,2,Dine-in,New Year's Eve,155.95
4105,2025-12-31,Lunch,12,12:36,4,Dine-in,New Year's Eve,301.08
4106,2025-12-31,Lunch,13,13:37,2,Takeaway,New Year's Eve,111.39
4107,2025-12-31,Lunch,13,13:42,2,Dine-in,New Year's Eve,135.7
4108,2025-12-31,Lunch,12,12:04,2,Dine-in,New Year's Eve,143.79
4109,2025-12-31,Lunch,12,12:18,5,Dine-in,New Year's Eve,209.26
4110,2025-12-31,Lunch,14,14:26,2,Dine-in,New Year's Eve,94.52
4111,2025-12-31,Lunch,12,12:08,4,Dine-in,New Year's Eve,313.23
4112,2025-12-31,Lunch,12,12:01,5,Dine-in,New Year's Eve,301.76
4113,2025-12-31,Lunch,14,14:41,1,Dine-in,New Year's Eve,6.75
4114,2025-12-31,Lunch,12,12:27,1,Dine-in,New Year's Eve,38.48
4115,2025-12-31,Lunch,14,14:12,3,Dine-in,New Year's Eve,126.91
4116,2025-12-31,Lunch,12,12:47,2,Takeaway,New Year's Eve,153.92
4117,2025-12-31,Lunch,13,13:29,2,Dine-in,New Year's Eve,85.74
4118,2025-12-31,Lunch,12,12:13,2,Dine-in,New Year's Eve,126.91
4119,2025-12-31,Lunch,14,14:14,1,Dine-in,New Year's Eve,110.03
4120,2025-12-31,Lunch,12,12:01,2,Dine-in,New Year's Eve,38.49
4121,2025-12-31,Lunch,14,14:30,2,Dine-in,New Year's Eve,88.45
4122,2026-01-02,Dinner,20,20:55,2,Dine-in,,89.0
4123,2026-01-02,Dinner,21,21:15,1,Dine-in,,57.5
4124,2026-01-02,Dinner,19,19:08,2,Dine-in,,24.5
4125,2026-01-02,Dinner,20,20:01,2,Dine-in,,107.5
4126,2026-01-02,Dinner,18,18:36,2,Takeaway,,67.0
4127,2026-01-02,Dinner,20,20:37,1,Dine-in,,25.5
4128,2026-01-02,Dinner,19,19:26,5,Dine-in,,135.0
4129,2026-01-02,Dinner,17,17:35,6,Dine-in,,342.5
4130,2026-01-02,Dinner,20,20:50,2,Dine-in,,79.0
4131,2026-01-02,Dinner,21,21:41,2,Dine-in,,52.5
4132,2026-01-02,Dinner,18,18:34,1,Dine-in,,58.0
4133,2026-01-02,Dinner,19,19:26,2,Dine-in,,115.0
4134,2026-01-02,Dinner,19,19:30,1,Dine-in,,26.5
4135,2026-01-02,Dinner,21,21:13,1,Dine-in,,26.5
4136,2026-01-02,Dinner,18,18:38,2,Dine-in,,78.0
4137,2026-01-02,Dinner,21,21:27,1,Dine-in,,6.5
4138,2026-01-02,Dinner,21,21:38,5,Takeaway,,182.0
4139,2026-01-02,Dinner,18,18:27,3,Dine-in,,142.5
4140,2026-01-02,Dinner,19,19:00,4,Dine-in,,127.5
4141,2026-01-02,Dinner,18,18:32,3,Dine-in,,167.0
4142,2026-01-02,Dinner,19,19:37,3,Dine-in,,265.5
4143,2026-01-02,Dinner,19,19:39,2,Takeaway,,197.5
4144,2026-01-02,Late,22,22:46,2,Takeaway,,82.0
4145,2026-01-02,Late,22,22:03,2,Takeaway,,136.5
4146,2026-01-02,Late,22,22:53,1,Dine-in,,28.5
4147,2026-01-02,Lunch,13,13:59,5,Dine-in,,229.5
4148,2026-01-02,Lunch,14,14:32,6,Dine-in,,277.0
4149,2026-01-02,Lunch,12,12:17,4,Dine-in,,334.5
4150,2026-01-02,Lunch,12,12:16,2,Dine-in,,118.5
4151,2026-01-02,Lunch,13,13:07,2,Dine-in,,54.5
4152,2026-01-02,Lunch,13,13:24,4,Takeaway,,128.5
4153,2026-01-02,Lunch,12,12:12,1,Dine-in,,29.5
4154,2026-01-03,Dinner,18,18:41,2,Dine-in,,102.5
4155,2026-01-03,Dinner,20,20:52,4,Takeaway,,223.5
4156,2026-01-03,Dinner,21,21:15,4,Dine-in,,208.0
4157,2026-01-03,Dinner,20,20:42,2,Dine-in,,140.5
4158,2026-01-03,Dinner,19,19:28,2,Dine-in,,78.5
4159,2026-01-03,Dinner,17,17:53,2,Takeaway,,104.0
4160,2026-01-03,Dinner,19,19:37,2,Takeaway,,99.0
4161,2026-01-03,Dinner,18,18:03,2,Dine-in,,86.5
4162,2026-01-03,Dinner,17,17:47,5,Dine-in,,137.0
4163,2026-01-03,Dinner,19,19:46,2,Dine-in,,45.0
4164,2026-01-03,Dinner,20,20:48,2,Dine-in,,69.5
4165,2026-01-03,Dinner,20,20:55,3,Dine-in,,193.0
4166,2026-01-03,Dinner,17,17:42,2,Dine-in,,45.0
4167,2026-01-03,Dinner,19,19:36,2,Dine-in,,80.5
4168,2026-01-03,Dinner,21,21:35,2,Takeaway,,142.5
4169,2026-01-03,Dinner,19,19:34,2,Dine-in,,108.0
4170,2026-01-03,Dinner,18,18:53,2,Dine-in,,165.0
4171,2026-01-03,Dinner,19,19:32,3,Dine-in,,105.0
4172,2026-01-03,Dinner,18,18:59,4,Takeaway,,229.5
4173,2026-01-03,Dinner,20,20:44,4,Dine-in,,177.0
4174,2026-01-03,Dinner,19,19:06,4,Dine-in,,101.0
4175,2026-01-03,Dinner,17,17:57,2,Takeaway,,63.5
4176,2026-01-03,Late,23,23:07,2,Dine-in,,35.5
4177,2026-01-03,Late,23,23:06,4,Takeaway,,136.5
4178,2026-01-03,Lunch,12,12:53,5,Dine-in,,197.5
4179,2026-01-03,Lunch,12,12:55,2,Dine-in,,72.0
4180,2026-01-03,Lunch,14,14:33,2,Dine-in,,66.5
4181,2026-01-03,Lunch,13,13:15,3,Dine-in,,80.0
4182,2026-01-03,Lunch,12,12:03,2,Dine-in,,81.5
4183,2026-01-03,Lunch,12,12:15,1,Dine-in,,42.5
4184,2026-01-03,Lunch,12,12:13,2,Dine-in,,130.5
4185,2026-01-03,Lunch,14,14:13,2,Dine-in,,118.5
4186,2026-01-03,Lunch,12,12:35,2,Dine-in,,75.0
4187,2026-01-03,Lunch,14,14:37,2,Dine-in,,90.5
4188,2026-01-03,Lunch,14,14:30,5,Takeaway,,238.5
4189,2026-01-03,Lunch,14,14:29,1,Takeaway,,35.5
4190,2026-01-04,Dinner,19,19:33,1,Dine-in,,52.5
4191,2026-01-04,Dinner,19,19:02,2,Takeaway,,87.0
4192,2026-01-04,Dinner,19,19:04,2,Dine-in,,114.0
4193,2026-01-04,Dinner,19,19:11,2,Dine-in,,53.0
4194,2026-01-04,Dinner,20,20:58,2,Dine-in,,23.0
4195,2026-01-04,Dinner,18,18:37,2,Dine-in,,35.0
4196,2026-01-04,Dinner,18,18:33,3,Dine-in,,200.5
4197,2026-01-04,Dinner,18,18:34,4,Dine-in,,227.0
4198,2026-01-04,Dinner,18,18:42,5,Dine-in,,198.0
4199,2026-01-04,Dinner,20,20:25,2,Dine-in,,126.5
4200,2026-01-04,Dinner,17,17:30,2,Dine-in,,44.5
4201,2026-01-04,Dinner,17,17:37,6,Dine-in,,159.5
4202,2026-01-04,Dinner,19,19:29,2,Takeaway,,84.0
4203,2026-01-04,Dinner,21,21:07,3,Dine-in,,106.5
4204,2026-01-04,Dinner,21,21:32,2,Dine-in,,178.5
4205,2026-01-04,Dinner,21,21:18,2,Dine-in,,87.5
4206,2026-01-04,Dinner,20,20:02,3,Dine-in,,149.0
4207,2026-01-04,Dinner,20,20:15,2,Dine-in,,98.0
4208,2026-01-04,Dinner,19,19:36,1,Dine-in,,54.5
4209,2026-01-04,Lunch,13,13:09,4,Takeaway,,23.0
4210,2026-01-04,Lunch,12,12:46,2,Dine-in,,114.5
4211,2026-01-04,Lunch,13,13:13,4,Dine-in,,172.0
4212,2026-01-04,Lunch,12,12:45,2,Dine-in,,88.5
4213,2026-01-04,Lunch,13,13:21,6,Dine-in,,297.0
4214,2026-01-04,Lunch,13,13:23,2,Dine-in,,74.5
4215,2026-01-06,Dinner,17,17:38,2,Dine-in,,9.5
4216,2026-01-06,Dinner,19,19:39,4,Dine-in,,207.5
4217,2026-01-06,Dinner,18,18:03,3,Dine-in,,134.5
4218,2026-01-06,Dinner,17,17:40,3,Dine-in,,93.0
4219,2026-01-06,Dinner,18,18:41,2,Dine-in,,83.0
4220,2026-01-06,Dinner,20,20:11,2,Dine-in,,126.0
4221,2026-01-06,Dinner,20,20:27,1,Dine-in,,57.0
4222,2026-01-06,Dinner,18,18:44,2,Dine-in,,48.5
4223,2026-01-06,Dinner,21,21:40,1,Dine-in,,53.0
4224,2026-01-06,Dinner,21,21:21,2,Dine-in,,99.5
4225,2026-01-06,Dinner,21,21:20,2,Dine-in,,122.0
4226,2026-01-06,Dinner,19,19:11,1,Dine-in,,69.5
4227,2026-01-06,Dinner,19,19:47,4,Dine-in,,166.0
4228,2026-01-06,Lunch,13,13:14,2,Dine-in,,74.5
4229,2026-01-06,Lunch,13,13:23,2,Dine-in,,129.0
4230,2026-01-06,Lunch,14,14:27,3,Takeaway,,67.5
4231,2026-01-06,Lunch,14,14:12,2,Dine-in,,73.0
4232,2026-01-06,Lunch,12,12:57,2,Takeaway,,73.0
4233,2026-01-06,Lunch,13,13:07,3,Dine-in,,71.0
4234,2026-01-07,Dinner,18,18:00,2,Dine-in,,109.5
4235,2026-01-07,Dinner,20,20:34,4,Dine-in,,199.0
4236,2026-01-07,Dinner,18,18:48,4,Dine-in,,202.0
4237,2026-01-07,Dinner,18,18:07,2,Dine-in,,44.0
4238,2026-01-07,Dinner,21,21:20,2,Dine-in,,120.5
4239,2026-01-07,Dinner,21,21:41,4,Dine-in,,265.5
4240,2026-01-07,Dinner,20,20:15,3,Dine-in,,136.0
4241,2026-01-07,Dinner,18,18:30,2,Takeaway,,8.5
4242,2026-01-07,Dinner,20,20:16,1,Takeaway,,44.5
4243,2026-01-07,Dinner,20,20:51,2,Takeaway,,57.0
4244,2026-01-07,Dinner,17,17:48,2,Dine-in,,102.0
4245,2026-01-07,Dinner,21,21:28,2,Dine-in,,88.0
4246,2026-01-07,Dinner,21,21:17,3,Dine-in,,149.5
4247,2026-01-07,Lunch,13,13:40,2,Dine-in,,64.5
4248,2026-01-07,Lunch,13,13:33,3,Dine-in,,120.5
4249,2026-01-07,Lunch,12,12:38,4,Dine-in,,184.5
4250,2026-01-07,Lunch,13,13:00,2,Takeaway,,95.0
4251,2026-01-07,Lunch,12,12:40,4,Takeaway,,148.0
4252,2026-01-08,Dinner,18,18:23,2,Dine-in,,87.0
4253,2026-01-08,Dinner,18,18:20,3,Dine-in,,217.0
4254,2026-01-08,Dinner,18,18:43,2,Dine-in,,70.5
4255,2026-01-08,Dinner,20,20:36,3,Dine-in,,179.5
4256,2026-01-08,Dinner,20,20:25,2,Dine-in,,83.0
4257,2026-01-08,Dinner,21,21:24,4,Dine-in,,165.5
4258,2026-01-08,Dinner,19,19:50,2,Dine-in,,65.5
4259,2026-01-08,Dinner,21,21:32,3,Dine-in,,103.5
4260,2026-01-08,Dinner,18,18:53,2,Dine-in,,78.5
4261,2026-01-08,Dinner,20,20:34,4,Dine-in,,188.5
4262,2026-01-08,Dinner,21,21:33,2,Dine-in,,111.5
4263,2026-01-08,Dinner,17,17:50,1,Dine-in,,67.5
4264,2026-01-08,Dinner,21,21:32,3,Dine-in,,59.0
4265,2026-01-08,Dinner,18,18:13,4,Dine-in,,168.0
4266,2026-01-08,Dinner,18,18:09,2,Dine-in,,79.5
4267,2026-01-08,Dinner,19,19:05,4,Takeaway,,166.0
4268,2026-01-08,Lunch,12,12:14,1,Dine-in,,34.0
4269,2026-01-08,Lunch,12,12:16,3,Dine-in,,80.0
4270,2026-01-08,Lunch,12,12:35,2,Dine-in,,145.0
4271,2026-01-08,Lunch,14,14:19,2,Takeaway,,94.0
4272,2026-01-08,Lunch,12,12:24,1,Dine-in,,19.0
4273,2026-01-08,Lunch,13,13:34,4,Dine-in,,254.5
4274,2026-01-08,Lunch,14,14:08,2,Dine-in,,155.0
4275,2026-01-08,Lunch,13,13:08,3,Dine-in,,92.0
4276,2026-01-09,Dinner,17,17:37,1,Dine-in,,32.0
4277,2026-01-09,Dinner,20,20:55,4,Dine-in,,164.0
4278,2026-01-09,Dinner,20,20:23,2,Dine-in,,125.5
4279,2026-01-09,Dinner,19,19:55,4,Takeaway,,225.5
4280,2026-01-09,Dinner,19,19:41,2,Dine-in,,103.0
4281,2026-01-09,Dinner,17,17:50,1,Dine-in,,81.5
4282,2026-01-09,Dinner,20,20:44,2,Dine-in,,115.5
4283,2026-01-09,Dinner,21,21:27,4,Dine-in,,161.5
4284,2026-01-09,Dinner,18,18:58,2,Dine-in,,58.0
4285,2026-01-09,Dinner,18,18:39,3,Dine-in,,141.5
4286,2026-01-09,Dinner,19,19:10,5,Dine-in,,183.5
4287,2026-01-09,Dinner,18,18:43,5,Dine-in,,287.5
4288,2026-01-09,Dinner,20,20:41,2,Dine-in,,57.5
4289,2026-01-09,Dinner,19,19:30,2,Dine-in,,117.5
4290,2026-01-09,Dinner,21,21:10,1,Dine-in,,35.5
4291,2026-01-09,Dinner,18,18:17,1,Dine-in,,14.5
4292,2026-01-09,Dinner,19,19:52,1,Dine-in,,58.0
4293,2026-01-09,Dinner,21,21:23,2,Takeaway,,39.5
4294,2026-01-09,Dinner,18,18:29,4,Dine-in,,197.5
4295,2026-01-09,Dinner,17,17:31,1,Dine-in,,54.5
4296,2026-01-09,Late,23,23:03,3,Dine-in,,44.5
4297,2026-01-09,Late,22,22:08,2,Dine-in,,68.0
4298,2026-01-09,Late,23,23:09,2,Dine-in,,58.0
4299,2026-01-09,Lunch,12,12:52,2,Takeaway,,81.0
4300,2026-01-09,Lunch,13,13:42,5,Dine-in,,234.5
4301,2026-01-09,Lunch,12,12:16,2,Dine-in,,193.0
4302,2026-01-09,Lunch,13,13:28,3,Dine-in,,79.0
4303,2026-01-09,Lunch,12,12:48,3,Dine-in,,150.5
4304,2026-01-09,Lunch,14,14:09,2,Dine-in,,129.0
4305,2026-01-10,Dinner,17,17:37,6,Dine-in,,257.5
4306,2026-01-10,Dinner,19,19:05,3,Dine-in,,122.0
4307,2026-01-10,Dinner,20,20:43,1,Dine-in,,73.5
4308,2026-01-10,Dinner,18,18:33,2,Dine-in,,89.5
4309,2026-01-10,Dinner,18,18:28,5,Dine-in,,243.0
4310,2026-01-10,Dinner,19,19:38,2,Dine-in,,38.5
4311,2026-01-10,Dinner,20,20:53,1,Dine-in,,80.0
4312,2026-01-10,Dinner,18,18:57,2,Takeaway,,130.0
4313,2026-01-10,Dinner,19,19:48,5,Dine-in,,170.0
4314,2026-01-10,Dinner,19,19:19,4,Dine-in,,166.5
4315,2026-01-10,Dinner,21,21:15,2,Dine-in,,82.5
4316,2026-01-10,Dinner,20,20:53,2,Dine-in,,121.0
4317,2026-01-10,Dinner,17,17:31,4,Takeaway,,201.5
4318,2026-01-10,Dinner,19,19:03,2,Dine-in,,125.0
4319,2026-01-10,Dinner,18,18:36,4,Takeaway,,170.5
4320,2026-01-10,Dinner,17,17:33,2,Dine-in,,110.5
4321,2026-01-10,Dinner,19,19:35,3,Dine-in,,132.0
4322,2026-01-10,Dinner,21,21:00,5,Dine-in,,283.0
4323,2026-01-10,Late,23,23:13,2,Dine-in,,77.5
4324,2026-01-10,Late,22,22:45,4,Takeaway,,153.0
4325,2026-01-10,Lunch,13,13:29,4,Dine-in,,96.5
4326,2026-01-10,Lunch,14,14:02,4,Takeaway,,155.5
4327,2026-01-10,Lunch,12,12:30,1,Dine-in,,32.0
4328,2026-01-10,Lunch,12,12:20,2,Dine-in,,91.5
4329,2026-01-10,Lunch,12,12:07,2,Dine-in,,57.0
4330,2026-01-10,Lunch,13,13:04,1,Dine-in,,68.5
4331,2026-01-10,Lunch,14,14:29,2,Dine-in,,101.5
4332,2026-01-10,Lunch,13,13:57,1,Dine-in,,19.0
4333,2026-01-10,Lunch,14,14:35,1,Dine-in,,5.0
4334,2026-01-10,Lunch,14,14:04,2,Dine-in,,94.5
4335,2026-01-10,Lunch,13,13:00,2,Takeaway,,47.5
4336,2026-01-10,Lunch,13,13:10,5,Dine-in,,161.5
4337,2026-01-11,Dinner,19,19:13,4,Dine-in,,131.0
4338,2026-01-11,Dinner,18,18:21,2,Dine-in,,70.5
4339,2026-01-11,Dinner,18,18:45,5,Dine-in,,266.0
4340,2026-01-11,Dinner,17,17:58,3,Takeaway,,131.5
4341,2026-01-11,Dinner,21,21:26,4,Takeaway,,276.5
4342,2026-01-11,Dinner,19,19:54,1,Takeaway,,49.5
4343,2026-01-11,Dinner,18,18:27,4,Takeaway,,137.5
4344,2026-01-11,Dinner,21,21:22,4,Dine-in,,221.5
4345,2026-01-11,Dinner,20,20:21,2,Dine-in,,36.0
4346,2026-01-11,Dinner,18,18:38,4,Takeaway,,109.5
4347,2026-01-11,Dinner,20,20:15,2,Dine-in,,45.0
4348,2026-01-11,Dinner,19,19:11,2,Dine-in,,62.0
4349,2026-01-11,Dinner,21,21:20,5,Takeaway,,136.5
4350,2026-01-11,Dinner,19,19:28,2,Dine-in,,84.0
4351,2026-01-11,Dinner,18,18:21,2,Dine-in,,17.5
4352,2026-01-11,Dinner,19,19:15,1,Dine-in,,55.0
4353,2026-01-11,Dinner,20,20:56,2,Dine-in,,77.0
4354,2026-01-11,Dinner,19,19:23,2,Dine-in,,77.5
4355,2026-01-11,Dinner,18,18:00,3,Dine-in,,152.0
4356,2026-01-11,Lunch,13,13:15,5,Dine-in,,189.0
4357,2026-01-11,Lunch,13,13:18,4,Dine-in,,75.0
4358,2026-01-11,Lunch,14,14:44,2,Takeaway,,43.5
4359,2026-01-11,Lunch,13,13:06,3,Dine-in,,50.0
4360,2026-01-11,Lunch,14,14:10,3,Dine-in,,128.5
4361,2026-01-11,Lunch,12,12:45,5,Dine-in,,216.0
4362,2026-01-13,Dinner,19,19:17,2,Dine-in,,96.0
4363,2026-01-13,Dinner,20,20:07,3,Dine-in,,43.5
4364,2026-01-13,Dinner,18,18:06,5,Dine-in,,323.5
4365,2026-01-13,Dinner,18,18:06,2,Takeaway,,132.0
4366,2026-01-13,Dinner,18,18:35,2,Dine-in,,10.5
4367,2026-01-13,Dinner,19,19:42,4,Dine-in,,147.0
4368,2026-01-13,Dinner,18,18:10,4,Dine-in,,118.5
4369,2026-01-13,Dinner,19,19:27,1,Dine-in,,63.5
4370,2026-01-13,Dinner,19,19:33,2,Dine-in,,20.0
4371,2026-01-13,Dinner,17,17:42,1,Dine-in,,41.0
4372,2026-01-13,Dinner,19,19:21,1,Dine-in,,29.5
4373,2026-01-13,Dinner,20,20:46,2,Dine-in,,97.5
4374,2026-01-13,Dinner,18,18:17,2,Dine-in,,215.5
4375,2026-01-13,Dinner,20,20:55,2,Takeaway,,51.0
4376,2026-01-13,Lunch,12,12:16,2,Dine-in,,109.0
4377,2026-01-13,Lunch,13,13:29,2,Dine-in,,233.0
4378,2026-01-13,Lunch,14,14:34,2,Takeaway,,42.5
4379,2026-01-13,Lunch,14,14:35,4,Dine-in,,224.0
4380,2026-01-13,Lunch,13,13:08,2,Dine-in,,88.5
4381,2026-01-14,Dinner,21,21:23,1,Dine-in,,78.5
4382,2026-01-14,Dinner,19,19:32,2,Dine-in,,120.5
4383,2026-01-14,Dinner,17,17:32,5,Takeaway,,229.0
4384,2026-01-14,Dinner,21,21:24,2,Dine-in,,84.0
4385,2026-01-14,Dinner,17,17:43,6,Takeaway,,189.0
4386,2026-01-14,Dinner,21,21:24,4,Dine-in,,268.5
4387,2026-01-14,Dinner,17,17:43,2,Dine-in,,11.0
4388,2026-01-14,Dinner,18,18:47,2,Dine-in,,69.0
4389,2026-01-14,Dinner,17,17:47,2,Dine-in,,24.0
4390,2026-01-14,Dinner,18,18:31,3,Dine-in,,222.5
4391,2026-01-14,Dinner,17,17:59,2,Dine-in,,25.5
4392,2026-01-14,Dinner,18,18:09,1,Dine-in,,3.5
4393,2026-01-14,Dinner,18,18:10,1,Dine-in,,66.5
4394,2026-01-14,Lunch,12,12:42,2,Dine-in,,60.5
4395,2026-01-14,Lunch,12,12:20,2,Dine-in,,106.5
4396,2026-01-14,Lunch,13,13:20,2,Dine-in,,70.5
4397,2026-01-14,Lunch,13,13:13,6,Dine-in,,227.5
4398,2026-01-14,Lunch,13,13:53,3,Dine-in,,118.0
4399,2026-01-15,Dinner,20,20:17,2,Dine-in,,81.0
4400,2026-01-15,Dinner,18,18:13,2,Dine-in,,94.5
4401,2026-01-15,Dinner,20,20:54,2,Dine-in,,163.0
4402,2026-01-15,Dinner,21,21:37,5,Dine-in,,182.0
4403,2026-01-15,Dinner,20,20:23,4,Dine-in,,111.0
4404,2026-01-15,Dinner,20,20:07,5,Dine-in,,245.5
4405,2026-01-15,Dinner,21,21:04,5,Dine-in,,154.5
4406,2026-01-15,Dinner,17,17:49,3,Dine-in,,69.5
4407,2026-01-15,Dinner,20,20:44,2,Dine-in,,63.0
4408,2026-01-15,Dinner,19,19:47,2,Takeaway,,126.5
4409,2026-01-15,Dinner,18,18:36,5,Dine-in,,221.5
4410,2026-01-15,Lunch,14,14:18,2,Dine-in,,176.0
4411,2026-01-15,Lunch,12,12:25,2,Dine-in,,88.0
4412,2026-01-15,Lunch,13,13:39,5,Dine-in,,311.0
4413,2026-01-15,Lunch,14,14:36,4,Dine-in,,219.0
4414,2026-01-15,Lunch,14,14:10,3,Dine-in,,80.0
4415,2026-01-16,Dinner,20,20:21,3,Takeaway,,127.0
4416,2026-01-16,Dinner,18,18:53,2,Dine-in,,96.5
4417,2026-01-16,Dinner,20,20:52,2,Dine-in,,84.5
4418,2026-01-16,Dinner,19,19:28,2,Dine-in,,51.5
4419,2026-01-16,Dinner,20,20:45,2,Dine-in,,101.0
4420,2026-01-16,Dinner,17,17:45,3,Dine-in,,61.0
4421,2026-01-16,Dinner,18,18:04,2,Dine-in,,46.5
4422,2026-01-16,Dinner,17,17:39,2,Dine-in,,139.0
4423,2026-01-16,Dinner,19,19:23,2,Dine-in,,61.0
4424,2026-01-16,Dinner,17,17:57,1,Dine-in,,37.5
4425,2026-01-16,Dinner,19,19:43,2,Dine-in,,91.5
4426,2026-01-16,Dinner,18,18:12,4,Takeaway,,143.0
4427,2026-01-16,Dinner,17,17:35,2,Dine-in,,226.5
4428,2026-01-16,Dinner,20,20:01,1,Dine-in,,43.0
4429,2026-01-16,Dinner,20,20:40,2,Takeaway,,57.0
4430,2026-01-16,Dinner,19,19:46,2,Takeaway,,51.5
4431,2026-01-16,Dinner,18,18:24,2,Dine-in,,68.0
4432,2026-01-16,Dinner,17,17:35,2,Dine-in,,76.0
4433,2026-01-16,Dinner,21,21:31,2,Dine-in,,103.5
4434,2026-01-16,Dinner,20,20:04,2,Dine-in,,121.0
4435,2026-01-16,Dinner,18,18:09,4,Dine-in,,164.5
4436,2026-01-16,Dinner,20,20:46,2,Dine-in,,59.5
4437,2026-01-16,Dinner,20,20:24,2,Dine-in,,75.0
4438,2026-01-16,Dinner,17,17:36,2,Dine-in,,66.5
4439,2026-01-16,Dinner,21,21:19,1,Dine-in,,19.5
4440,2026-01-16,Late,22,22:16,4,Takeaway,,157.0
4441,2026-01-16,Late,22,22:05,3,Dine-in,,29.5
4442,2026-01-16,Late,22,22:45,1,Takeaway,,22.0
4443,2026-01-16,Lunch,14,14:23,1,Dine-in,,43.0
4444,2026-01-16,Lunch,13,13:24,3,Takeaway,,174.5
4445,2026-01-16,Lunch,13,13:59,4,Dine-in,,114.0
4446,2026-01-16,Lunch,12,12:31,2,Takeaway,,43.5
4447,2026-01-16,Lunch,13,13:36,2,Dine-in,,63.0
4448,2026-01-16,Lunch,12,12:46,1,Dine-in,,70.0
4449,2026-01-16,Lunch,14,14:29,5,Dine-in,,158.0
4450,2026-01-16,Lunch,14,14:41,5,Dine-in,,301.0
4451,2026-01-16,Lunch,14,14:37,2,Takeaway,,96.0
4452,2026-01-16,Lunch,12,12:09,1,Dine-in,,68.0
4453,2026-01-17,Dinner,19,19:56,2,Dine-in,,107.5
4454,2026-01-17,Dinner,17,17:36,3,Dine-in,,218.0
4455,2026-01-17,Dinner,21,21:19,3,Dine-in,,124.0
4456,2026-01-17,Dinner,21,21:23,2,Dine-in,,84.0
4457,2026-01-17,Dinner,20,20:51,5,Dine-in,,186.0
4458,2026-01-17,Dinner,18,18:28,3,Dine-in,,86.5
4459,2026-01-17,Dinner,20,20:38,2,Dine-in,,82.5
4460,2026-01-17,Dinner,20,20:52,5,Dine-in,,149.5
4461,2026-01-17,Dinner,19,19:30,4,Dine-in,,97.0
4462,2026-01-17,Dinner,21,21:20,4,Dine-in,,129.5
4463,2026-01-17,Dinner,20,20:33,2,Dine-in,,116.0
4464,2026-01-17,Dinner,20,20:34,3,Takeaway,,93.0
4465,2026-01-17,Dinner,21,21:28,3,Dine-in,,81.5
4466,2026-01-17,Dinner,17,17:39,2,Dine-in,,113.0
4467,2026-01-17,Dinner,19,19:21,2,Dine-in,,82.5
4468,2026-01-17,Dinner,20,20:19,1,Takeaway,,57.5
4469,2026-01-17,Dinner,21,21:05,4,Dine-in,,150.5
4470,2026-01-17,Dinner,17,17:34,3,Dine-in,,174.5
4471,2026-01-17,Dinner,21,21:27,3,Takeaway,,155.5
4472,2026-01-17,Dinner,19,19:19,3,Dine-in,,167.5
4473,2026-01-17,Late,22,22:17,1,Dine-in,,60.0
4474,2026-01-17,Late,22,22:55,4,Dine-in,,151.5
4475,2026-01-17,Late,22,22:02,3,Dine-in,,64.5
4476,2026-01-17,Late,22,22:55,1,Dine-in,,103.5
4477,2026-01-17,Lunch,12,12:36,5,Takeaway,,186.0
4478,2026-01-17,Lunch,12,12:20,3,Takeaway,,216.0
4479,2026-01-17,Lunch,12,12:21,1,Dine-in,,8.5
4480,2026-01-17,Lunch,13,13:08,1,Dine-in,,102.5
4481,2026-01-17,Lunch,13,13:07,2,Dine-in,,70.0
4482,2026-01-17,Lunch,14,14:18,4,Dine-in,,136.5
4483,2026-01-17,Lunch,14,14:33,1,Dine-in,,23.5
4484,2026-01-17,Lunch,14,14:26,2,Dine-in,,94.5
4485,2026-01-17,Lunch,13,13:20,5,Dine-in,,289.0
4486,2026-01-17,Lunch,12,12:52,2,Takeaway,,32.0
4487,2026-01-17,Lunch,14,14:20,3,Dine-in,,148.0
4488,2026-01-18,Dinner,18,18:12,2,Dine-in,,132.5
4489,2026-01-18,Dinner,18,18:41,4,Dine-in,,149.0
4490,2026-01-18,Dinner,18,18:58,1,Dine-in,,17.0
4491,2026-01-18,Dinner,21,21:27,4,Dine-in,,191.0
4492,2026-01-18,Dinner,19,19:37,6,Dine-in,,389.0
4493,2026-01-18,Dinner,19,19:26,3,Dine-in,,50.0
4494,2026-01-18,Dinner,20,20:12,2,Dine-in,,59.5
4495,2026-01-18,Dinner,18,18:33,4,Dine-in,,91.0
4496,2026-01-18,Dinner,20,20:34,5,Dine-in,,132.0
4497,2026-01-18,Dinner,20,20:02,4,Dine-in,,150.0
4498,2026-01-18,Dinner,19,19:11,5,Takeaway,,208.5
4499,2026-01-18,Dinner,19,19:38,5,Dine-in,,171.0
4500,2026-01-18,Dinner,20,20:08,2,Dine-in,,39.5
4501,2026-01-18,Dinner,21,21:02,3,Dine-in,,356.0
4502,2026-01-18,Lunch,12,12:49,1,Dine-in,,34.5
4503,2026-01-18,Lunch,14,14:16,2,Dine-in,,55.0
4504,2026-01-18,Lunch,12,12:21,4,Dine-in,,122.0
4505,2026-01-18,Lunch,12,12:13,2,Takeaway,,22.0
4506,2026-01-18,Lunch,12,12:30,2,Dine-in,,139.5
4507,2026-01-18,Lunch,13,13:57,1,Dine-in,,3.5
4508,2026-01-18,Lunch,13,13:57,4,Dine-in,,235.5
4509,2026-01-18,Lunch,14,14:02,4,Dine-in,,288.5
4510,2026-01-18,Lunch,12,12:07,2,Takeaway,,166.0
4511,2026-01-20,Dinner,19,19:12,6,Dine-in,,161.5
4512,2026-01-20,Dinner,21,21:33,4,Dine-in,,160.0
4513,2026-01-20,Dinner,20,20:29,2,Takeaway,,209.5
4514,2026-01-20,Dinner,19,19:19,1,Dine-in,,8.5
4515,2026-01-20,Dinner,19,19:38,2,Dine-in,,75.5
4516,2026-01-20,Dinner,21,21:09,5,Dine-in,,176.0
4517,2026-01-20,Dinner,19,19:02,1,Dine-in,,70.5
4518,2026-01-20,Dinner,21,21:22,2,Dine-in,,78.5
4519,2026-01-20,Dinner,18,18:24,1,Dine-in,,10.5
4520,2026-01-20,Dinner,20,20:35,4,Dine-in,,126.0
4521,2026-01-20,Dinner,21,21:05,3,Dine-in,,139.0
4522,2026-01-20,Lunch,13,13:17,2,Dine-in,,77.0
4523,2026-01-20,Lunch,12,12:50,1,Takeaway,,90.0
4524,2026-01-20,Lunch,12,12:07,5,Dine-in,,206.5
4525,2026-01-20,Lunch,14,14:44,4,Dine-in,,161.5
4526,2026-01-20,Lunch,12,12:11,2,Dine-in,,155.5
4527,2026-01-21,Dinner,21,21:00,5,Takeaway,,190.5
4528,2026-01-21,Dinner,20,20:12,2,Takeaway,,94.5
4529,2026-01-21,Dinner,19,19:10,3,Dine-in,,103.5
4530,2026-01-21,Dinner,17,17:53,2,Takeaway,,166.5
4531,2026-01-21,Dinner,21,21:41,2,Dine-in,,53.5
4532,2026-01-21,Dinner,19,19:33,2,Takeaway,,60.0
4533,2026-01-21,Dinner,18,18:42,1,Dine-in,,55.0
4534,2026-01-21,Dinner,18,18:24,5,Dine-in,,222.0
4535,2026-01-21,Dinner,19,19:35,2,Dine-in,,46.0
4536,2026-01-21,Dinner,19,19:16,2,Dine-in,,74.5
4537,2026-01-21,Dinner,20,20:40,5,Dine-in,,239.5
4538,2026-01-21,Dinner,21,21:26,2,Dine-in,,50.5
4539,2026-01-21,Dinner,19,19:16,2,Dine-in,,120.5
4540,2026-01-21,Dinner,18,18:40,2,Dine-in,,77.5
4541,2026-01-21,Lunch,12,12:01,4,Dine-in,,274.5
4542,2026-01-21,Lunch,13,13:03,2,Dine-in,,230.0
4543,2026-01-21,Lunch,14,14:30,5,Dine-in,,185.0
4544,2026-01-21,Lunch,12,12:58,3,Dine-in,,70.0
4545,2026-01-22,Dinner,21,21:18,2,Dine-in,,79.5
4546,2026-01-22,Dinner,20,20:16,1,Dine-in,,58.5
4547,2026-01-22,Dinner,20,20:00,4,Dine-in,,240.0
4548,2026-01-22,Dinner,20,20:46,2,Dine-in,,65.5
4549,2026-01-22,Dinner,18,18:08,2,Dine-in,,133.0
4550,2026-01-22,Dinner,17,17:51,3,Dine-in,,144.5
4551,2026-01-22,Dinner,18,18:11,2,Dine-in,,38.5
4552,2026-01-22,Dinner,17,17:37,2,Dine-in,,74.0
4553,2026-01-22,Dinner,18,18:41,3,Dine-in,,117.5
4554,2026-01-22,Dinner,19,19:50,2,Dine-in,,147.5
4555,2026-01-22,Dinner,17,17:59,5,Dine-in,,132.5
4556,2026-01-22,Dinner,18,18:29,1,Dine-in,,106.0
4557,2026-01-22,Dinner,18,18:54,1,Dine-in,,47.0
4558,2026-01-22,Dinner,17,17:51,2,Dine-in,,54.0
4559,2026-01-22,Dinner,19,19:04,5,Dine-in,,244.5
4560,2026-01-22,Dinner,18,18:09,2,Dine-in,,120.5
4561,2026-01-22,Dinner,21,21:35,2,Dine-in,,44.0
4562,2026-01-22,Lunch,14,14:07,2,Dine-in,,96.0
4563,2026-01-22,Lunch,14,14:01,2,Dine-in,,80.0
4564,2026-01-22,Lunch,13,13:22,3,Dine-in,,224.5
4565,2026-01-22,Lunch,12,12:55,3,Dine-in,,130.0
4566,2026-01-22,Lunch,14,14:27,2,Dine-in,,104.5
4567,2026-01-22,Lunch,13,13:08,3,Dine-in,,186.0
4568,2026-01-23,Dinner,18,18:34,4,Dine-in,,105.5
4569,2026-01-23,Dinner,19,19:12,4,Dine-in,,221.5
4570,2026-01-23,Dinner,18,18:58,2,Dine-in,,73.0
4571,2026-01-23,Dinner,21,21:28,5,Dine-in,,186.5
4572,2026-01-23,Dinner,19,19:00,2,Dine-in,,107.0
4573,2026-01-23,Dinner,18,18:57,3,Dine-in,,202.5
4574,2026-01-23,Dinner,18,18:19,4,Takeaway,,182.0
4575,2026-01-23,Dinner,21,21:41,2,Dine-in,,45.0
4576,2026-01-23,Dinner,17,17:45,2,Dine-in,,32.5
4577,2026-01-23,Dinner,18,18:16,6,Dine-in,,371.0
4578,2026-01-23,Dinner,18,18:10,2,Takeaway,,141.0
4579,2026-01-23,Dinner,20,20:50,3,Dine-in,,111.5
4580,2026-01-23,Dinner,17,17:37,2,Dine-in,,91.5
4581,2026-01-23,Dinner,19,19:31,5,Dine-in,,133.5
4582,2026-01-23,Dinner,21,21:11,2,Dine-in,,72.0
4583,2026-01-23,Dinner,17,17:40,6,Dine-in,,248.5
4584,2026-01-23,Dinner,18,18:39,2,Dine-in,,80.5
4585,2026-01-23,Late,22,22:00,2,Dine-in,,69.5
4586,2026-01-23,Late,22,22:43,2,Dine-in,,88.0
4587,2026-01-23,Late,22,22:08,1,Takeaway,,44.5
4588,2026-01-23,Late,23,23:10,2,Dine-in,,80.5
4589,2026-01-23,Lunch,14,14:04,2,Takeaway,,165.5
4590,2026-01-23,Lunch,12,12:27,2,Dine-in,,79.0
4591,2026-01-23,Lunch,13,13:00,4,Dine-in,,85.5
4592,2026-01-23,Lunch,14,14:27,4,Dine-in,,115.0
4593,2026-01-23,Lunch,13,13:52,2,Takeaway,,68.5
4594,2026-01-23,Lunch,13,13:40,4,Dine-in,,139.0
4595,2026-01-23,Lunch,13,13:47,2,Takeaway,,40.5
4596,2026-01-23,Lunch,12,12:26,1,Dine-in,,35.5
4597,2026-01-23,Lunch,12,12:55,2,Dine-in,,78.5
4598,2026-01-24,Dinner,21,21:27,2,Dine-in,,43.0
4599,2026-01-24,Dinner,18,18:22,2,Dine-in,,53.0
4600,2026-01-24,Dinner,19,19:19,3,Takeaway,,101.5
4601,2026-01-24,Dinner,20,20:49,2,Dine-in,,85.5
4602,2026-01-24,Dinner,17,17:44,2,Dine-in,,74.5
4603,2026-01-24,Dinner,18,18:08,4,Dine-in,,155.5
4604,2026-01-24,Dinner,21,21:11,4,Dine-in,,149.0
4605,2026-01-24,Dinner,18,18:12,2,Dine-in,,90.5
4606,2026-01-24,Dinner,18,18:48,2,Dine-in,,73.5
4607,2026-01-24,Dinner,21,21:24,3,Dine-in,,140.5
4608,2026-01-24,Dinner,18,18:40,2,Dine-in,,53.0
4609,2026-01-24,Dinner,19,19:14,1,Takeaway,,19.5
4610,2026-01-24,Dinner,18,18:42,2,Dine-in,,72.0
4611,2026-01-24,Dinner,18,18:15,2,Dine-in,,66.5
4612,2026-01-24,Dinner,18,18:38,5,Dine-in,,170.0
4613,2026-01-24,Dinner,21,21:15,2,Takeaway,,68.5
4614,2026-01-24,Dinner,19,19:38,4,Dine-in,,155.0
4615,2026-01-24,Dinner,21,21:38,2,Dine-in,,73.0
4616,2026-01-24,Dinner,19,19:19,3,Dine-in,,210.0
4617,2026-01-24,Dinner,18,18:28,2,Dine-in,,77.0
4618,2026-01-24,Dinner,20,20:42,1,Dine-in,,25.5
4619,2026-01-24,Dinner,21,21:05,1,Dine-in,,96.5
4620,2026-01-24,Dinner,18,18:37,5,Dine-in,,172.5
4621,2026-01-24,Dinner,20,20:40,3,Dine-in,,206.0
4622,2026-01-24,Late,22,22:56,4,Dine-in,,140.5
4623,2026-01-24,Late,22,22:44,2,Dine-in,,151.5
4624,2026-01-24,Lunch,12,12:57,4,Dine-in,,227.0
4625,2026-01-24,Lunch,12,12:31,3,Dine-in,,126.5
4626,2026-01-24,Lunch,14,14:29,4,Dine-in,,143.0
4627,2026-01-24,Lunch,14,14:21,2,Dine-in,,131.5
4628,2026-01-24,Lunch,13,13:54,2,Dine-in,,182.0
4629,2026-01-24,Lunch,13,13:13,5,Dine-in,,267.5
4630,2026-01-24,Lunch,13,13:22,4,Takeaway,,176.5
4631,2026-01-24,Lunch,12,12:25,3,Dine-in,,143.5
4632,2026-01-24,Lunch,12,12:25,3,Dine-in,,200.0
4633,2026-01-24,Lunch,12,12:35,1,Dine-in,,25.5
4634,2026-01-25,Dinner,19,19:10,2,Dine-in,,27.0
4635,2026-01-25,Dinner,21,21:42,2,Takeaway,,79.0
4636,2026-01-25,Dinner,21,21:11,2,Dine-in,,62.5
4637,2026-01-25,Dinner,20,20:47,2,Dine-in,,157.5
4638,2026-01-25,Dinner,20,20:52,3,Dine-in,,155.5
4639,2026-01-25,Dinner,20,20:29,3,Dine-in,,29.5
4640,2026-01-25,Dinner,21,21:30,6,Dine-in,,217.0
4641,2026-01-25,Dinner,19,19:36,2,Dine-in,,13.0
4642,2026-01-25,Dinner,20,20:15,3,Dine-in,,181.0
4643,2026-01-25,Dinner,20,20:38,4,Dine-in,,88.0
4644,2026-01-25,Dinner,19,19:49,5,Dine-in,,254.0
4645,2026-01-25,Dinner,19,19:35,2,Dine-in,,64.5
4646,2026-01-25,Dinner,19,19:25,3,Takeaway,,88.5
4647,2026-01-25,Dinner,21,21:15,2,Dine-in,,108.0
4648,2026-01-25,Lunch,12,12:03,3,Dine-in,,92.5
4649,2026-01-25,Lunch,13,13:20,1,Dine-in,,36.0
4650,2026-01-25,Lunch,14,14:09,2,Dine-in,,9.0
4651,2026-01-25,Lunch,14,14:41,2,Dine-in,,91.5
4652,2026-01-25,Lunch,13,13:44,2,Dine-in,,101.0
4653,2026-01-25,Lunch,12,12:41,2,Dine-in,,90.5
4654,2026-01-25,Lunch,14,14:16,2,Dine-in,,50.0
4655,2026-01-25,Lunch,12,12:35,2,Dine-in,,60.5
4656,2026-01-25,Lunch,12,12:20,2,Dine-in,,50.5
4657,2026-01-25,Lunch,14,14:42,2,Dine-in,,51.5
4658,2026-01-25,Lunch,14,14:02,1,Dine-in,,13.0
4659,2026-01-27,Dinner,17,17:52,2,Dine-in,,22.0
4660,2026-01-27,Dinner,19,19:17,4,Dine-in,,113.5
4661,2026-01-27,Dinner,19,19:24,2,Dine-in,,80.5
4662,2026-01-27,Dinner,19,19:37,3,Dine-in,,145.5
4663,2026-01-27,Dinner,18,18:33,4,Dine-in,,277.5
4664,2026-01-27,Dinner,19,19:03,4,Dine-in,,102.5
4665,2026-01-27,Dinner,21,21:20,5,Dine-in,,430.0
4666,2026-01-27,Dinner,21,21:35,3,Takeaway,,59.0
4667,2026-01-27,Dinner,19,19:30,6,Dine-in,,206.0
4668,2026-01-27,Dinner,19,19:28,1,Takeaway,,53.5
4669,2026-01-27,Dinner,19,19:29,1,Dine-in,,53.0
4670,2026-01-27,Lunch,12,12:30,4,Dine-in,,189.5
4671,2026-01-27,Lunch,13,13:03,2,Dine-in,,62.5
4672,2026-01-27,Lunch,13,13:27,2,Dine-in,,72.5
4673,2026-01-27,Lunch,14,14:43,2,Dine-in,,54.5
4674,2026-01-27,Lunch,12,12:10,2,Dine-in,,98.5
4675,2026-01-27,Lunch,12,12:53,1,Dine-in,,21.5
4676,2026-01-28,Dinner,20,20:11,2,Dine-in,,120.0
4677,2026-01-28,Dinner,18,18:10,3,Dine-in,,120.0
4678,2026-01-28,Dinner,18,18:18,2,Dine-in,,52.0
4679,2026-01-28,Dinner,17,17:30,2,Dine-in,,143.5
4680,2026-01-28,Dinner,19,19:35,2,Dine-in,,117.5
4681,2026-01-28,Dinner,19,19:26,2,Dine-in,,105.5
4682,2026-01-28,Dinner,18,18:39,2,Dine-in,,150.0
4683,2026-01-28,Dinner,19,19:20,5,Dine-in,,176.5
4684,2026-01-28,Dinner,21,21:13,2,Takeaway,,53.0
4685,2026-01-28,Dinner,21,21:30,1,Dine-in,,15.5
4686,2026-01-28,Dinner,19,19:05,1,Dine-in,,74.0
4687,2026-01-28,Dinner,19,19:04,1,Takeaway,,39.0
4688,2026-01-28,Dinner,18,18:26,2,Dine-in,,165.5
4689,2026-01-28,Dinner,18,18:58,4,Dine-in,,103.0
4690,2026-01-28,Lunch,12,12:11,3,Dine-in,,154.5
4691,2026-01-28,Lunch,12,12:39,2,Dine-in,,92.5
4692,2026-01-28,Lunch,14,14:44,5,Dine-in,,204.0
4693,2026-01-28,Lunch,13,13:37,3,Dine-in,,95.0
4694,2026-01-28,Lunch,12,12:44,4,Dine-in,,116.0
4695,2026-01-29,Dinner,20,20:55,2,Takeaway,,132.0
4696,2026-01-29,Dinner,20,20:02,2,Dine-in,,42.0
4697,2026-01-29,Dinner,19,19:24,2,Dine-in,,90.5
4698,2026-01-29,Dinner,18,18:24,4,Takeaway,,95.0
4699,2026-01-29,Dinner,18,18:33,2,Dine-in,,53.5
4700,2026-01-29,Dinner,17,17:40,1,Dine-in,,73.0
4701,2026-01-29,Dinner,21,21:12,4,Dine-in,,157.0
4702,2026-01-29,Dinner,19,19:20,4,Dine-in,,159.5
4703,2026-01-29,Dinner,19,19:03,2,Dine-in,,113.0
4704,2026-01-29,Dinner,20,20:55,5,Dine-in,,270.5
4705,2026-01-29,Dinner,21,21:22,2,Dine-in,,143.0
4706,2026-01-29,Dinner,18,18:00,2,Dine-in,,106.5
4707,2026-01-29,Dinner,17,17:41,4,Dine-in,,179.5
4708,2026-01-29,Dinner,20,20:33,2,Dine-in,,54.0
4709,2026-01-29,Lunch,12,12:37,2,Dine-in,,139.5
4710,2026-01-29,Lunch,13,13:59,4,Dine-in,,182.0
4711,2026-01-29,Lunch,12,12:15,2,Dine-in,,33.5
4712,2026-01-29,Lunch,13,13:03,2,Dine-in,,0.0
4713,2026-01-29,Lunch,12,12:54,4,Takeaway,,174.0
4714,2026-01-29,Lunch,12,12:01,1,Dine-in,,31.5
4715,2026-01-29,Lunch,13,13:41,1,Takeaway,,0.0
4716,2026-01-30,Dinner,19,19:51,4,Dine-in,,188.5
4717,2026-01-30,Dinner,19,19:25,4,Dine-in,,291.0
4718,2026-01-30,Dinner,19,19:56,2,Dine-in,,101.0
4719,2026-01-30,Dinner,20,20:19,1,Dine-in,,55.0
4720,2026-01-30,Dinner,18,18:23,2,Dine-in,,87.0
4721,2026-01-30,Dinner,18,18:39,5,Dine-in,,287.0
4722,2026-01-30,Dinner,18,18:19,2,Dine-in,,53.5
4723,2026-01-30,Dinner,20,20:44,2,Takeaway,,88.5
4724,2026-01-30,Dinner,20,20:54,2,Dine-in,,64.5
4725,2026-01-30,Dinner,19,19:03,2,Dine-in,,155.0
4726,2026-01-30,Dinner,20,20:23,5,Dine-in,,180.0
4727,2026-01-30,Dinner,18,18:43,2,Dine-in,,45.0
4728,2026-01-30,Dinner,20,20:19,4,Dine-in,,159.5
4729,2026-01-30,Dinner,21,21:37,1,Takeaway,,151.0
4730,2026-01-30,Dinner,20,20:21,2,Dine-in,,75.5
4731,2026-01-30,Dinner,20,20:36,4,Dine-in,,174.0
4732,2026-01-30,Dinner,19,19:21,2,Dine-in,,31.5
4733,2026-01-30,Dinner,20,20:03,1,Dine-in,,43.5
4734,2026-01-30,Late,22,22:40,3,Dine-in,,101.0
4735,2026-01-30,Late,22,22:18,2,Dine-in,,70.0
4736,2026-01-30,Late,23,23:08,2,Dine-in,,38.0
4737,2026-01-30,Lunch,14,14:17,2,Dine-in,,153.5
4738,2026-01-30,Lunch,12,12:40,2,Dine-in,,130.5
4739,2026-01-30,Lunch,14,14:16,2,Dine-in,,52.5
4740,2026-01-30,Lunch,13,13:26,3,Dine-in,,67.0
4741,2026-01-30,Lunch,13,13:40,1,Takeaway,,17.5
4742,2026-01-30,Lunch,13,13:05,1,Dine-in,,27.0
4743,2026-01-30,Lunch,14,14:15,3,Dine-in,,132.5
4744,2026-01-30,Lunch,13,13:13,4,Dine-in,,164.0
4745,2026-01-30,Lunch,12,12:25,2,Dine-in,,37.5
4746,2026-01-31,Dinner,18,18:52,2,Takeaway,,75.5
4747,2026-01-31,Dinner,21,21:14,4,Dine-in,,163.5
4748,2026-01-31,Dinner,21,21:37,2,Dine-in,,91.0
4749,2026-01-31,Dinner,20,20:16,2,Dine-in,,45.0
4750,2026-01-31,Dinner,21,21:41,2,Dine-in,,69.0
4751,2026-01-31,Dinner,19,19:21,5,Dine-in,,181.5
4752,2026-01-31,Dinner,19,19:02,2,Dine-in,,44.0
4753,2026-01-31,Dinner,19,19:40,2,Dine-in,,71.5
4754,2026-01-31,Dinner,17,17:58,3,Dine-in,,130.5
4755,2026-01-31,Dinner,18,18:27,3,Dine-in,,68.0
4756,2026-01-31,Dinner,19,19:02,4,Dine-in,,180.0
4757,2026-01-31,Dinner,19,19:14,4,Dine-in,,282.5
4758,2026-01-31,Dinner,21,21:20,2,Dine-in,,148.0
4759,2026-01-31,Dinner,17,17:57,5,Dine-in,,166.0
4760,2026-01-31,Dinner,21,21:10,1,Dine-in,,12.5
4761,2026-01-31,Dinner,18,18:21,3,Dine-in,,195.0
4762,2026-01-31,Dinner,18,18:07,2,Dine-in,,64.5
4763,2026-01-31,Dinner,19,19:19,2,Dine-in,,45.0
4764,2026-01-31,Dinner,19,19:46,4,Dine-in,,205.5
4765,2026-01-31,Dinner,21,21:24,4,Dine-in,,110.5
4766,2026-01-31,Dinner,21,21:18,2,Dine-in,,159.5
4767,2026-01-31,Late,22,22:50,2,Dine-in,,147.0
4768,2026-01-31,Late,22,22:05,4,Dine-in,,202.5
4769,2026-01-31,Lunch,13,13:04,2,Dine-in,,89.0
4770,2026-01-31,Lunch,14,14:21,2,Dine-in,,63.5
4771,2026-01-31,Lunch,12,12:44,5,Dine-in,,192.5
4772,2026-01-31,Lunch,12,12:09,3,Dine-in,,183.5
4773,2026-01-31,Lunch,13,13:53,4,Dine-in,,163.0
4774,2026-01-31,Lunch,13,13:03,2,Dine-in,,110.0
4775,2026-01-31,Lunch,14,14:32,4,Dine-in,,189.5
4776,2026-01-31,Lunch,13,13:37,4,Dine-in,,154.5
4777,2026-01-31,Lunch,12,12:27,2,Dine-in,,174.5
4778,2026-01-31,Lunch,12,12:56,1,Dine-in,,49.0
4779,2026-02-01,Dinner,20,20:28,4,Dine-in,,164.0
4780,2026-02-01,Dinner,18,18:19,2,Dine-in,,81.5
4781,2026-02-01,Dinner,19,19:57,3,Dine-in,,143.0
4782,2026-02-01,Dinner,18,18:40,2,Takeaway,,38.5
4783,2026-02-01,Dinner,18,18:16,5,Dine-in,,192.0
4784,2026-02-01,Dinner,21,21:26,5,Dine-in,,161.5
4785,2026-02-01,Dinner,20,20:57,4,Dine-in,,278.5
4786,2026-02-01,Dinner,19,19:54,1,Dine-in,,39.0
4787,2026-02-01,Dinner,20,20:36,2,Dine-in,,118.0
4788,2026-02-01,Dinner,19,19:57,5,Dine-in,,287.0
4789,2026-02-01,Dinner,19,19:19,2,Dine-in,,145.0
4790,2026-02-01,Dinner,18,18:18,2,Dine-in,,147.0
4791,2026-02-01,Dinner,18,18:37,2,Dine-in,,79.0
4792,2026-02-01,Dinner,21,21:19,2,Dine-in,,75.5
4793,2026-02-01,Dinner,18,18:45,4,Dine-in,,181.0
4794,2026-02-01,Dinner,18,18:08,2,Takeaway,,49.0
4795,2026-02-01,Dinner,19,19:05,1,Dine-in,,57.5
4796,2026-02-01,Dinner,18,18:35,2,Dine-in,,42.0
4797,2026-02-01,Dinner,20,20:48,2,Dine-in,,35.0
4798,2026-02-01,Dinner,18,18:19,3,Dine-in,,142.0
4799,2026-02-01,Lunch,14,14:38,2,Takeaway,,66.5
4800,2026-02-01,Lunch,12,12:52,2,Dine-in,,81.0
4801,2026-02-01,Lunch,14,14:38,4,Dine-in,,142.0
4802,2026-02-01,Lunch,14,14:39,2,Dine-in,,86.5
4803,2026-02-01,Lunch,12,12:34,4,Takeaway,,193.0
4804,2026-02-01,Lunch,13,13:52,2,Dine-in,,81.0
4805,2026-02-01,Lunch,14,14:36,4,Dine-in,,177.5
4806,2026-02-01,Lunch,12,12:19,2,Dine-in,,58.0
4807,2026-02-01,Lunch,12,12:04,1,Dine-in,,104.0
4808,2026-02-01,Lunch,14,14:44,2,Dine-in,,100.5
4809,2026-02-01,Lunch,13,13:28,1,Takeaway,,35.0
4810,2026-02-03,Dinner,21,21:21,3,Dine-in,,106.0
4811,2026-02-03,Dinner,17,17:44,2,Dine-in,,136.5
4812,2026-02-03,Dinner,18,18:36,2,Takeaway,,109.5
4813,2026-02-03,Dinner,21,21:28,2,Dine-in,,79.0
4814,2026-02-03,Dinner,17,17:58,1,Dine-in,,46.0
4815,2026-02-03,Dinner,18,18:21,5,Dine-in,,226.0
4816,2026-02-03,Dinner,19,19:19,2,Dine-in,,141.5
4817,2026-02-03,Dinner,21,21:00,6,Dine-in,,322.5
4818,2026-02-03,Dinner,20,20:39,2,Takeaway,,90.5
4819,2026-02-03,Dinner,18,18:14,4,Dine-in,,165.0
4820,2026-02-03,Dinner,18,18:59,2,Dine-in,,140.0
4821,2026-02-03,Dinner,18,18:01,2,Dine-in,,100.0
4822,2026-02-03,Dinner,17,17:49,3,Dine-in,,164.5
4823,2026-02-03,Dinner,20,20:20,2,Dine-in,,49.5
4824,2026-02-03,Dinner,18,18:32,3,Dine-in,,266.5
4825,2026-02-03,Dinner,18,18:58,1,Dine-in,,50.5
4826,2026-02-03,Lunch,12,12:26,2,Dine-in,,44.0
4827,2026-02-03,Lunch,12,12:28,5,Takeaway,,204.0
4828,2026-02-03,Lunch,12,12:36,2,Takeaway,,25.0
4829,2026-02-03,Lunch,12,12:08,4,Dine-in,,121.5
4830,2026-02-03,Lunch,12,12:16,4,Dine-in,,140.0
4831,2026-02-04,Dinner,18,18:35,2,Dine-in,,117.0
4832,2026-02-04,Dinner,19,19:06,5,Takeaway,,194.5
4833,2026-02-04,Dinner,19,19:48,2,Dine-in,,87.0
4834,2026-02-04,Dinner,18,18:42,4,Dine-in,,103.5
4835,2026-02-04,Dinner,19,19:51,2,Dine-in,,118.5
4836,2026-02-04,Dinner,19,19:55,5,Dine-in,,238.0
4837,2026-02-04,Dinner,21,21:11,2,Dine-in,,30.0
4838,2026-02-04,Dinner,19,19:27,1,Dine-in,,30.5
4839,2026-02-04,Dinner,21,21:40,5,Dine-in,,152.5
4840,2026-02-04,Dinner,19,19:25,2,Dine-in,,53.5
4841,2026-02-04,Dinner,18,18:08,1,Dine-in,,18.0
4842,2026-02-04,Dinner,18,18:38,2,Dine-in,,58.0
4843,2026-02-04,Dinner,20,20:03,2,Dine-in,,35.5
4844,2026-02-04,Dinner,18,18:02,2,Dine-in,,33.0
4845,2026-02-04,Lunch,14,14:19,5,Dine-in,,325.5
4846,2026-02-04,Lunch,13,13:33,2,Dine-in,,165.5
4847,2026-02-04,Lunch,13,13:07,1,Dine-in,,15.0
4848,2026-02-04,Lunch,13,13:34,3,Dine-in,,62.0
4849,2026-02-04,Lunch,12,12:11,4,Dine-in,,97.5
4850,2026-02-05,Dinner,18,18:45,3,Dine-in,,67.0
4851,2026-02-05,Dinner,17,17:48,4,Dine-in,,204.5
4852,2026-02-05,Dinner,17,17:43,2,Dine-in,,116.0
4853,2026-02-05,Dinner,21,21:15,4,Takeaway,,253.5
4854,2026-02-05,Dinner,18,18:55,2,Dine-in,,43.0
4855,2026-02-05,Dinner,20,20:50,2,Dine-in,,117.5
4856,2026-02-05,Dinner,18,18:36,3,Takeaway,,78.0
4857,2026-02-05,Dinner,20,20:42,4,Dine-in,,167.0
4858,2026-02-05,Dinner,20,20:05,2,Dine-in,,74.5
4859,2026-02-05,Dinner,18,18:12,2,Takeaway,,153.5
4860,2026-02-05,Dinner,20,20:23,2,Dine-in,,120.5
4861,2026-02-05,Dinner,18,18:11,1,Dine-in,,37.5
4862,2026-02-05,Dinner,17,17:52,5,Dine-in,,212.0
4863,2026-02-05,Dinner,21,21:43,2,Dine-in,,117.0
4864,2026-02-05,Lunch,14,14:12,2,Dine-in,,66.0
4865,2026-02-05,Lunch,14,14:33,3,Dine-in,,103.0
4866,2026-02-05,Lunch,14,14:04,4,Dine-in,,221.5
4867,2026-02-05,Lunch,12,12:02,2,Dine-in,,103.0
4868,2026-02-05,Lunch,13,13:05,2,Dine-in,,61.5
4869,2026-02-05,Lunch,12,12:29,5,Dine-in,,233.5
4870,2026-02-05,Lunch,12,12:20,4,Dine-in,,119.5
4871,2026-02-06,Dinner,17,17:52,2,Takeaway,,64.0
4872,2026-02-06,Dinner,20,20:04,4,Dine-in,,188.5
4873,2026-02-06,Dinner,17,17:52,1,Takeaway,,41.0
4874,2026-02-06,Dinner,18,18:46,2,Dine-in,,60.0
4875,2026-02-06,Dinner,20,20:05,3,Takeaway,,97.5
4876,2026-02-06,Dinner,19,19:36,2,Dine-in,,80.0
4877,2026-02-06,Dinner,19,19:22,1,Dine-in,,51.5
4878,2026-02-06,Dinner,17,17:48,2,Dine-in,,71.5
4879,2026-02-06,Dinner,20,20:08,3,Takeaway,,166.5
4880,2026-02-06,Dinner,21,21:04,6,Dine-in,,401.5
4881,2026-02-06,Dinner,19,19:44,1,Dine-in,,24.0
4882,2026-02-06,Dinner,18,18:41,2,Dine-in,,126.5
4883,2026-02-06,Dinner,17,17:52,2,Dine-in,,26.0
4884,2026-02-06,Dinner,21,21:21,2,Takeaway,,153.5
4885,2026-02-06,Dinner,19,19:52,2,Dine-in,,65.5
4886,2026-02-06,Dinner,21,21:11,5,Dine-in,,215.0
4887,2026-02-06,Dinner,19,19:16,4,Dine-in,,206.5
4888,2026-02-06,Dinner,17,17:51,4,Dine-in,,42.0
4889,2026-02-06,Dinner,19,19:43,2,Takeaway,,79.5
4890,2026-02-06,Dinner,21,21:13,3,Dine-in,,162.0
4891,2026-02-06,Dinner,21,21:25,2,Dine-in,,93.0
4892,2026-02-06,Dinner,19,19:16,1,Dine-in,,59.5
4893,2026-02-06,Dinner,21,21:24,2,Dine-in,,95.0
4894,2026-02-06,Dinner,17,17:51,3,Dine-in,,121.0
4895,2026-02-06,Dinner,18,18:28,1,Takeaway,,8.0
4896,2026-02-06,Late,22,22:06,6,Dine-in,,273.5
4897,2026-02-06,Late,22,22:59,2,Dine-in,,124.0
4898,2026-02-06,Lunch,12,12:40,2,Dine-in,,108.0
4899,2026-02-06,Lunch,14,14:44,2,Dine-in,,61.5
4900,2026-02-06,Lunch,12,12:52,5,Dine-in,,158.5
4901,2026-02-06,Lunch,12,12:25,2,Takeaway,,115.5
4902,2026-02-06,Lunch,12,12:31,2,Dine-in,,47.0
4903,2026-02-06,Lunch,12,12:14,4,Dine-in,,188.0
4904,2026-02-06,Lunch,12,12:23,2,Dine-in,,89.0
4905,2026-02-06,Lunch,12,12:48,2,Dine-in,,110.0
4906,2026-02-06,Lunch,12,12:35,4,Dine-in,,232.0
4907,2026-02-06,Lunch,13,13:16,1,Dine-in,,123.5
4908,2026-02-06,Lunch,14,14:36,2,Dine-in,,72.5
4909,2026-02-06,Lunch,13,13:48,4,Dine-in,,160.5
4910,2026-02-07,Dinner,21,21:07,2,Dine-in,,140.5
4911,2026-02-07,Dinner,18,18:29,4,Dine-in,,201.0
4912,2026-02-07,Dinner,18,18:38,2,Dine-in,,75.5
4913,2026-02-07,Dinner,20,20:42,4,Dine-in,,342.5
4914,2026-02-07,Dinner,20,20:59,2,Dine-in,,67.5
4915,2026-02-07,Dinner,21,21:10,4,Dine-in,,43.5
4916,2026-02-07,Dinner,19,19:47,3,Takeaway,,148.5
4917,2026-02-07,Dinner,21,21:13,2,Takeaway,,86.0
4918,2026-02-07,Dinner,20,20:43,4,Dine-in,,197.5
4919,2026-02-07,Dinner,19,19:53,6,Dine-in,,386.0
4920,2026-02-07,Dinner,20,20:19,2,Dine-in,,13.5
4921,2026-02-07,Dinner,18,18:11,3,Dine-in,,112.5
4922,2026-02-07,Dinner,17,17:46,2,Dine-in,,205.5
4923,2026-02-07,Dinner,21,21:27,5,Takeaway,,225.0
4924,2026-02-07,Dinner,21,21:05,2,Takeaway,,114.5
4925,2026-02-07,Dinner,21,21:07,5,Dine-in,,148.0
4926,2026-02-07,Dinner,21,21:30,1,Dine-in,,20.0
4927,2026-02-07,Dinner,19,19:36,2,Takeaway,,89.0
4928,2026-02-07,Dinner,20,20:34,2,Dine-in,,85.0
4929,2026-02-07,Dinner,20,20:14,2,Dine-in,,50.0
4930,2026-02-07,Dinner,18,18:29,1,Dine-in,,3.5
4931,2026-02-07,Dinner,19,19:30,1,Takeaway,,53.0
4932,2026-02-07,Dinner,19,19:55,2,Dine-in,,59.0
4933,2026-02-07,Dinner,19,19:05,5,Takeaway,,228.5
4934,2026-02-07,Dinner,19,19:51,3,Dine-in,,121.0
4935,2026-02-07,Dinner,21,21:14,2,Dine-in,,54.0
4936,2026-02-07,Late,22,22:27,6,Dine-in,,201.5
4937,2026-02-07,Late,22,22:18,1,Dine-in,,96.5
4938,2026-02-07,Late,22,22:35,1,Dine-in,,34.0
4939,2026-02-07,Late,22,22:45,2,Dine-in,,9.0
4940,2026-02-07,Lunch,13,13:49,3,Dine-in,,143.5
4941,2026-02-07,Lunch,14,14:05,2,Dine-in,,39.0
4942,2026-02-07,Lunch,12,12:38,3,Dine-in,,84.0
4943,2026-02-07,Lunch,13,13:55,4,Takeaway,,97.5
4944,2026-02-07,Lunch,13,13:07,5,Dine-in,,238.0
4945,2026-02-07,Lunch,13,13:26,2,Dine-in,,167.0
4946,2026-02-07,Lunch,14,14:12,4,Dine-in,,189.0
4947,2026-02-07,Lunch,14,14:30,2,Takeaway,,42.0
4948,2026-02-07,Lunch,13,13:58,2,Dine-in,,37.5
4949,2026-02-07,Lunch,12,12:00,2,Dine-in,,144.0
4950,2026-02-08,Dinner,19,19:56,3,Takeaway,,81.0
4951,2026-02-08,Dinner,20,20:18,4,Dine-in,,218.5
4952,2026-02-08,Dinner,19,19:16,3,Dine-in,,181.5
4953,2026-02-08,Dinner,18,18:30,2,Dine-in,,272.0
4954,2026-02-08,Dinner,21,21:29,5,Dine-in,,189.0
4955,2026-02-08,Dinner,19,19:07,2,Dine-in,,77.5
4956,2026-02-08,Dinner,21,21:26,2,Dine-in,,68.0
4957,2026-02-08,Dinner,19,19:42,4,Dine-in,,139.0
4958,2026-02-08,Dinner,17,17:44,2,Dine-in,,70.5
4959,2026-02-08,Dinner,18,18:48,1,Dine-in,,24.5
4960,2026-02-08,Dinner,20,20:27,2,Dine-in,,28.0
4961,2026-02-08,Dinner,17,17:30,2,Takeaway,,46.0
4962,2026-02-08,Dinner,21,21:35,2,Dine-in,,108.0
4963,2026-02-08,Dinner,17,17:49,1,Dine-in,,22.0
4964,2026-02-08,Dinner,19,19:51,2,Takeaway,,36.0
4965,2026-02-08,Dinner,18,18:04,5,Dine-in,,168.0
4966,2026-02-08,Dinner,18,18:24,2,Dine-in,,27.5
4967,2026-02-08,Dinner,19,19:36,2,Dine-in,,70.0
4968,2026-02-08,Dinner,18,18:03,4,Dine-in,,231.5
4969,2026-02-08,Dinner,19,19:49,2,Dine-in,,66.5
4970,2026-02-08,Dinner,18,18:41,4,Dine-in,,219.5
4971,2026-02-08,Lunch,13,13:39,2,Dine-in,,59.0
4972,2026-02-08,Lunch,12,12:15,6,Dine-in,,147.5
4973,2026-02-08,Lunch,14,14:27,2,Dine-in,,56.5
4974,2026-02-08,Lunch,12,12:18,2,Dine-in,,80.0
4975,2026-02-08,Lunch,13,13:38,3,Takeaway,,135.0
4976,2026-02-08,Lunch,13,13:14,3,Dine-in,,128.0
4977,2026-02-08,Lunch,14,14:20,4,Dine-in,,156.5
4978,2026-02-08,Lunch,13,13:44,2,Dine-in,,37.5
4979,2026-02-08,Lunch,14,14:39,2,Dine-in,,40.0
4980,2026-02-10,Dinner,19,19:25,3,Dine-in,,124.5
4981,2026-02-10,Dinner,20,20:00,2,Dine-in,,100.5
4982,2026-02-10,Dinner,17,17:49,3,Dine-in,,132.0
4983,2026-02-10,Dinner,21,21:21,2,Dine-in,,19.0
4984,2026-02-10,Dinner,21,21:35,2,Dine-in,,100.0
4985,2026-02-10,Dinner,17,17:41,2,Dine-in,,117.5
4986,2026-02-10,Dinner,18,18:13,3,Dine-in,,216.0
4987,2026-02-10,Dinner,21,21:38,4,Dine-in,,231.5
4988,2026-02-10,Dinner,19,19:01,1,Takeaway,,0.0
4989,2026-02-10,Dinner,20,20:28,5,Dine-in,,207.5
4990,2026-02-10,Dinner,18,18:51,4,Dine-in,,134.5
4991,2026-02-10,Dinner,18,18:55,2,Dine-in,,126.5
4992,2026-02-10,Lunch,12,12:26,2,Dine-in,,104.0
4993,2026-02-10,Lunch,13,13:57,3,Dine-in,,79.0
4994,2026-02-10,Lunch,14,14:10,5,Dine-in,,198.5
4995,2026-02-10,Lunch,12,12:17,2,Dine-in,,166.0
4996,2026-02-10,Lunch,13,13:25,2,Dine-in,,160.5
4997,2026-02-10,Lunch,13,13:13,3,Dine-in,,34.5
4998,2026-02-11,Dinner,20,20:39,2,Dine-in,,79.5
4999,2026-02-11,Dinner,21,21:09,2,Dine-in,,84.0
5000,2026-02-11,Dinner,20,20:12,3,Dine-in,,85.5
5001,2026-02-11,Dinner,20,20:52,4,Dine-in,,145.5
5002,2026-02-11,Dinner,20,20:15,1,Dine-in,,19.0
5003,2026-02-11,Dinner,19,19:51,5,Dine-in,,241.0
5004,2026-02-11,Dinner,19,19:47,5,Dine-in,,119.5
5005,2026-02-11,Dinner,19,19:27,3,Dine-in,,230.5
5006,2026-02-11,Dinner,21,21:22,1,Dine-in,,25.5
5007,2026-02-11,Dinner,21,21:31,5,Dine-in,,236.5
5008,2026-02-11,Dinner,21,21:23,4,Dine-in,,206.5
5009,2026-02-11,Dinner,20,20:25,2,Dine-in,,74.5
5010,2026-02-11,Dinner,21,21:05,2,Dine-in,,143.0
5011,2026-02-11,Lunch,14,14:18,6,Dine-in,,235.5
5012,2026-02-11,Lunch,13,13:47,2,Dine-in,,56.5
5013,2026-02-11,Lunch,13,13:50,2,Dine-in,,104.0
5014,2026-02-11,Lunch,12,12:11,1,Dine-in,,3.5
5015,2026-02-11,Lunch,14,14:07,2,Dine-in,,98.5
5016,2026-02-11,Lunch,12,12:15,4,Takeaway,,94.0
5017,2026-02-11,Lunch,14,14:26,1,Dine-in,,44.0
5018,2026-02-12,Dinner,18,18:43,2,Dine-in,,106.0
5019,2026-02-12,Dinner,18,18:10,1,Dine-in,,16.0
5020,2026-02-12,Dinner,19,19:34,3,Dine-in,,209.5
5021,2026-02-12,Dinner,18,18:44,4,Dine-in,,184.5
5022,2026-02-12,Dinner,18,18:52,2,Dine-in,,157.0
5023,2026-02-12,Dinner,19,19:48,1,Dine-in,,59.5
5024,2026-02-12,Dinner,17,17:31,3,Dine-in,,72.5
5025,2026-02-12,Dinner,20,20:32,4,Takeaway,,147.0
5026,2026-02-12,Dinner,18,18:59,2,Dine-in,,101.5
5027,2026-02-12,Dinner,21,21:36,3,Dine-in,,85.5
5028,2026-02-12,Dinner,18,18:44,1,Takeaway,,42.5
5029,2026-02-12,Dinner,18,18:47,4,Dine-in,,157.5
5030,2026-02-12,Dinner,18,18:16,2,Dine-in,,170.5
5031,2026-02-12,Dinner,19,19:20,1,Dine-in,,0.0
5032,2026-02-12,Dinner,19,19:04,4,Dine-in,,77.0
5033,2026-02-12,Dinner,20,20:24,2,Dine-in,,100.0
5034,2026-02-12,Dinner,20,20:50,2,Dine-in,,89.0
5035,2026-02-12,Dinner,18,18:39,2,Dine-in,,60.0
5036,2026-02-12,Dinner,21,21:05,5,Takeaway,,387.5
5037,2026-02-12,Dinner,18,18:21,1,Dine-in,,26.5
5038,2026-02-12,Lunch,14,14:28,5,Takeaway,,182.5
5039,2026-02-12,Lunch,14,14:05,1,Dine-in,,41.5
5040,2026-02-12,Lunch,12,12:39,2,Dine-in,,69.0
5041,2026-02-12,Lunch,14,14:22,1,Dine-in,,31.0
5042,2026-02-12,Lunch,12,12:12,2,Dine-in,,161.0
5043,2026-02-12,Lunch,13,13:12,3,Dine-in,,115.0
5044,2026-02-12,Lunch,12,12:25,2,Dine-in,,27.5
5045,2026-02-12,Lunch,12,12:47,2,Dine-in,,49.0
5046,2026-02-12,Lunch,13,13:57,3,Takeaway,,87.5
5047,2026-02-13,Dinner,19,19:28,2,Dine-in,,101.0
5048,2026-02-13,Dinner,17,17:50,4,Dine-in,,186.5
5049,2026-02-13,Dinner,20,20:11,2,Dine-in,,135.5
5050,2026-02-13,Dinner,20,20:23,2,Dine-in,,154.5
5051,2026-02-13,Dinner,21,21:05,2,Dine-in,,127.5
5052,2026-02-13,Dinner,21,21:03,2,Dine-in,,131.5
5053,2026-02-13,Dinner,21,21:06,4,Takeaway,,138.0
5054,2026-02-13,Dinner,18,18:45,2,Dine-in,,70.5
5055,2026-02-13,Dinner,18,18:40,2,Dine-in,,112.0
5056,2026-02-13,Dinner,21,21:12,5,Takeaway,,209.5
5057,2026-02-13,Dinner,21,21:43,1,Dine-in,,14.5
5058,2026-02-13,Dinner,17,17:30,3,Dine-in,,159.5
5059,2026-02-13,Dinner,19,19:37,6,Dine-in,,217.0
5060,2026-02-13,Dinner,18,18:51,2,Dine-in,,78.0
5061,2026-02-13,Dinner,19,19:57,5,Dine-in,,140.0
5062,2026-02-13,Dinner,18,18:32,4,Dine-in,,99.5
5063,2026-02-13,Dinner,19,19:03,5,Dine-in,,229.5
5064,2026-02-13,Dinner,19,19:40,2,Dine-in,,48.0
5065,2026-02-13,Dinner,20,20:35,4,Dine-in,,238.0
5066,2026-02-13,Late,22,22:06,6,Dine-in,,233.0
5067,2026-02-13,Late,22,22:32,2,Takeaway,,60.5
5068,2026-02-13,Late,22,22:49,1,Dine-in,,70.5
5069,2026-02-13,Lunch,12,12:17,4,Takeaway,,112.5
5070,2026-02-13,Lunch,13,13:22,2,Dine-in,,103.5
5071,2026-02-13,Lunch,14,14:44,2,Dine-in,,111.0
5072,2026-02-13,Lunch,13,13:32,3,Dine-in,,102.0
5073,2026-02-13,Lunch,12,12:27,4,Dine-in,,212.0
5074,2026-02-13,Lunch,13,13:51,2,Dine-in,,68.0
5075,2026-02-13,Lunch,12,12:31,2,Dine-in,,87.5
5076,2026-02-13,Lunch,13,13:01,2,Dine-in,,78.5
5077,2026-02-13,Lunch,13,13:33,2,Takeaway,,40.0
5078,2026-02-13,Lunch,13,13:45,2,Dine-in,,175.0
5079,2026-02-14,Dinner,21,21:31,3,Dine-in,Valentine's Day,222.49
5080,2026-02-14,Dinner,18,18:24,2,Dine-in,Valentine's Day,50.64
5081,2026-02-14,Dinner,21,21:17,4,Dine-in,Valentine's Day,221.22
5082,2026-02-14,Dinner,17,17:57,3,Takeaway,Valentine's Day,74.38
5083,2026-02-14,Dinner,20,20:05,2,Dine-in,Valentine's Day,216.89
5084,2026-02-14,Dinner,20,20:15,5,Dine-in,Valentine's Day,318.77
5085,2026-02-14,Dinner,19,19:32,2,Takeaway,Valentine's Day,115.63
5086,2026-02-14,Dinner,19,19:04,5,Dine-in,Valentine's Day,193.76
5087,2026-02-14,Dinner,19,19:55,1,Dine-in,Valentine's Day,28.74
5088,2026-02-14,Dinner,19,19:56,2,Takeaway,Valentine's Day,118.12
5089,2026-02-14,Dinner,21,21:19,4,Takeaway,Valentine's Day,136.88
5090,2026-02-14,Dinner,18,18:38,1,Dine-in,Valentine's Day,0.0
5091,2026-02-14,Dinner,21,21:06,2,Dine-in,Valentine's Day,121.26
5092,2026-02-14,Dinner,17,17:45,2,Dine-in,Valentine's Day,81.26
5093,2026-02-14,Dinner,21,21:04,2,Dine-in,Valentine's Day,78.13
5094,2026-02-14,Dinner,20,20:31,5,Takeaway,Valentine's Day,553.76
5095,2026-02-14,Dinner,17,17:52,2,Dine-in,Valentine's Day,23.12
5096,2026-02-14,Dinner,18,18:42,3,Dine-in,Valentine's Day,153.14
5097,2026-02-14,Dinner,18,18:05,2,Dine-in,Valentine's Day,106.87
5098,2026-02-14,Dinner,19,19:33,2,Takeaway,Valentine's Day,77.51
5099,2026-02-14,Dinner,17,17:40,2,Dine-in,Valentine's Day,41.24
5100,2026-02-14,Dinner,19,19:28,1,Takeaway,Valentine's Day,18.76
5101,2026-02-14,Dinner,18,18:30,5,Takeaway,Valentine's Day,228.75
5102,2026-02-14,Dinner,20,20:34,4,Dine-in,Valentine's Day,191.87
5103,2026-02-14,Dinner,19,19:14,2,Dine-in,Valentine's Day,142.5
5104,2026-02-14,Dinner,18,18:41,2,Dine-in,Valentine's Day,112.5
5105,2026-02-14,Dinner,21,21:25,5,Dine-in,Valentine's Day,218.75
5106,2026-02-14,Dinner,20,20:05,4,Dine-in,Valentine's Day,191.89
5107,2026-02-14,Dinner,21,21:44,2,Dine-in,Valentine's Day,129.37
5108,2026-02-14,Dinner,19,19:40,4,Dine-in,Valentine's Day,162.5
5109,2026-02-14,Dinner,19,19:35,2,Dine-in,Valentine's Day,58.76
5110,2026-02-14,Dinner,21,21:08,2,Dine-in,Valentine's Day,128.14
5111,2026-02-14,Dinner,18,18:18,1,Takeaway,Valentine's Day,10.62
5112,2026-02-14,Dinner,19,19:27,1,Dine-in,Valentine's Day,19.38
5113,2026-02-14,Dinner,21,21:37,1,Dine-in,Valentine's Day,8.12
5114,2026-02-14,Late,22,22:08,5,Dine-in,Valentine's Day,275.63
5115,2026-02-14,Late,22,22:01,2,Takeaway,Valentine's Day,148.75
5116,2026-02-14,Late,22,22:05,2,Dine-in,Valentine's Day,153.15
5117,2026-02-14,Late,23,23:01,4,Dine-in,Valentine's Day,294.37
5118,2026-02-14,Lunch,13,13:04,6,Dine-in,Valentine's Day,410.62
5119,2026-02-14,Lunch,13,13:02,4,Dine-in,Valentine's Day,212.5
5120,2026-02-14,Lunch,14,14:35,2,Dine-in,Valentine's Day,69.99
5121,2026-02-14,Lunch,12,12:35,2,Dine-in,Valentine's Day,174.39
5122,2026-02-14,Lunch,12,12:29,2,Takeaway,Valentine's Day,91.88
5123,2026-02-14,Lunch,14,14:28,4,Dine-in,Valentine's Day,298.13
5124,2026-02-14,Lunch,13,13:58,6,Dine-in,Valentine's Day,314.38
5125,2026-02-14,Lunch,12,12:57,3,Takeaway,Valentine's Day,88.75
5126,2026-02-14,Lunch,13,13:10,2,Dine-in,Valentine's Day,120.0
5127,2026-02-14,Lunch,12,12:58,2,Dine-in,Valentine's Day,69.99
5128,2026-02-14,Lunch,12,12:45,5,Dine-in,Valentine's Day,238.76
5129,2026-02-14,Lunch,14,14:12,3,Dine-in,Valentine's Day,334.39
5130,2026-02-14,Lunch,13,13:59,1,Dine-in,Valentine's Day,27.5
5131,2026-02-14,Lunch,12,12:44,1,Dine-in,Valentine's Day,45.64
5132,2026-02-15,Dinner,19,19:07,2,Dine-in,,93.0
5133,2026-02-15,Dinner,17,17:49,5,Takeaway,,162.5
5134,2026-02-15,Dinner,21,21:22,5,Dine-in,,145.0
5135,2026-02-15,Dinner,19,19:32,2,Dine-in,,69.0
5136,2026-02-15,Dinner,20,20:14,2,Dine-in,,159.5
5137,2026-02-15,Dinner,20,20:21,1,Dine-in,,16.5
5138,2026-02-15,Dinner,18,18:36,1,Dine-in,,30.0
5139,2026-02-15,Dinner,20,20:43,2,Dine-in,,89.0
5140,2026-02-15,Dinner,21,21:20,2,Dine-in,,82.0
5141,2026-02-15,Dinner,18,18:28,3,Dine-in,,127.5
5142,2026-02-15,Dinner,17,17:59,2,Dine-in,,68.5
5143,2026-02-15,Dinner,18,18:20,3,Takeaway,,81.0
5144,2026-02-15,Dinner,19,19:25,3,Dine-in,,159.0
5145,2026-02-15,Dinner,17,17:37,4,Dine-in,,115.5
5146,2026-02-15,Dinner,17,17:52,4,Dine-in,,158.5
5147,2026-02-15,Dinner,20,20:59,6,Dine-in,,187.5
5148,2026-02-15,Dinner,19,19:35,4,Dine-in,,287.0
5149,2026-02-15,Dinner,20,20:56,2,Dine-in,,71.5
5150,2026-02-15,Dinner,18,18:24,2,Dine-in,,35.5
5151,2026-02-15,Lunch,14,14:42,4,Dine-in,,256.5
5152,2026-02-15,Lunch,12,12:21,5,Dine-in,,185.5
5153,2026-02-15,Lunch,12,12:21,5,Dine-in,,143.5
5154,2026-02-15,Lunch,14,14:32,3,Dine-in,,178.0
5155,2026-02-15,Lunch,12,12:24,5,Takeaway,,257.0
5156,2026-02-15,Lunch,12,12:02,3,Dine-in,,82.0
5157,2026-02-15,Lunch,12,12:10,1,Dine-in,,52.0
5158,2026-02-15,Lunch,12,12:33,1,Dine-in,,51.0
5159,2026-02-17,Dinner,17,17:34,3,Dine-in,,52.0
5160,2026-02-17,Dinner,21,21:38,5,Dine-in,,292.0
5161,2026-02-17,Dinner,18,18:33,2,Dine-in,,67.0
5162,2026-02-17,Dinner,20,20:34,5,Dine-in,,148.0
5163,2026-02-17,Dinner,21,21:31,2,Dine-in,,81.0
5164,2026-02-17,Dinner,19,19:22,2,Dine-in,,92.0
5165,2026-02-17,Dinner,20,20:46,2,Dine-in,,63.5
5166,2026-02-17,Dinner,19,19:01,2,Takeaway,,200.5
5167,2026-02-17,Dinner,17,17:47,2,Dine-in,,102.5
5168,2026-02-17,Dinner,18,18:38,2,Dine-in,,59.0
5169,2026-02-17,Dinner,18,18:16,6,Dine-in,,278.0
5170,2026-02-17,Dinner,21,21:29,3,Dine-in,,53.0
5171,2026-02-17,Dinner,20,20:42,3,Dine-in,,111.5
5172,2026-02-17,Lunch,13,13:33,6,Dine-in,,283.5
5173,2026-02-17,Lunch,13,13:11,2,Dine-in,,144.5
5174,2026-02-17,Lunch,12,12:23,2,Dine-in,,79.5
5175,2026-02-17,Lunch,12,12:54,4,Dine-in,,165.0
5176,2026-02-17,Lunch,12,12:34,2,Dine-in,,44.5
5177,2026-02-17,Lunch,12,12:36,3,Dine-in,,131.0
5178,2026-02-18,Dinner,21,21:32,2,Dine-in,,21.5
5179,2026-02-18,Dinner,18,18:53,2,Takeaway,,97.5
5180,2026-02-18,Dinner,18,18:48,4,Takeaway,,72.5
5181,2026-02-18,Dinner,17,17:58,6,Dine-in,,355.5
5182,2026-02-18,Dinner,20,20:28,1,Dine-in,,107.0
5183,2026-02-18,Dinner,20,20:20,6,Dine-in,,159.0
5184,2026-02-18,Dinner,20,20:49,3,Dine-in,,118.5
5185,2026-02-18,Dinner,18,18:13,4,Dine-in,,151.0
5186,2026-02-18,Dinner,21,21:05,4,Dine-in,,82.5
5187,2026-02-18,Dinner,20,20:38,3,Dine-in,,222.5
5188,2026-02-18,Dinner,18,18:37,2,Dine-in,,82.0
5189,2026-02-18,Dinner,18,18:47,4,Dine-in,,262.5
5190,2026-02-18,Dinner,17,17:37,1,Dine-in,,33.0
5191,2026-02-18,Lunch,13,13:25,2,Dine-in,,80.0
5192,2026-02-18,Lunch,12,12:49,4,Dine-in,,149.5
5193,2026-02-18,Lunch,14,14:17,2,Takeaway,,134.0
5194,2026-02-18,Lunch,12,12:08,2,Dine-in,,194.5
5195,2026-02-18,Lunch,12,12:15,4,Dine-in,,231.0
5196,2026-02-18,Lunch,12,12:40,1,Dine-in,,62.5
5197,2026-02-18,Lunch,14,14:23,4,Dine-in,,166.0
5198,2026-02-18,Lunch,12,12:13,1,Dine-in,,28.5
5199,2026-02-19,Dinner,17,17:35,2,Dine-in,,158.0
5200,2026-02-19,Dinner,18,18:16,2,Dine-in,,88.5
5201,2026-02-19,Dinner,19,19:50,2,Dine-in,,83.0
5202,2026-02-19,Dinner,19,19:35,2,Dine-in,,34.5
5203,2026-02-19,Dinner,19,19:44,2,Dine-in,,81.0
5204,2026-02-19,Dinner,19,19:46,5,Dine-in,,210.0
5205,2026-02-19,Dinner,20,20:33,2,Dine-in,,66.5
5206,2026-02-19,Dinner,18,18:41,6,Takeaway,,337.5
5207,2026-02-19,Dinner,18,18:43,3,Dine-in,,63.0
5208,2026-02-19,Dinner,19,19:43,2,Dine-in,,172.0
5209,2026-02-19,Dinner,18,18:17,1,Dine-in,,19.5
5210,2026-02-19,Dinner,17,17:47,2,Takeaway,,92.0
5211,2026-02-19,Dinner,18,18:12,2,Dine-in,,84.0
5212,2026-02-19,Dinner,19,19:37,2,Dine-in,,18.0
5213,2026-02-19,Dinner,21,21:10,2,Dine-in,,106.0
5214,2026-02-19,Dinner,19,19:52,2,Dine-in,,94.0
5215,2026-02-19,Dinner,19,19:57,5,Takeaway,,233.5
5216,2026-02-19,Lunch,14,14:15,1,Dine-in,,77.0
5217,2026-02-19,Lunch,12,12:12,1,Takeaway,,38.5
5218,2026-02-19,Lunch,12,12:19,2,Dine-in,,72.0
5219,2026-02-19,Lunch,12,12:15,6,Dine-in,,321.0
5220,2026-02-19,Lunch,14,14:04,2,Takeaway,,88.5
5221,2026-02-19,Lunch,13,13:53,2,Takeaway,,98.0
5222,2026-02-19,Lunch,13,13:18,2,Dine-in,,50.5
5223,2026-02-19,Lunch,13,13:25,5,Dine-in,,241.5
5224,2026-02-19,Lunch,12,12:26,2,Dine-in,,83.0
5225,2026-02-19,Lunch,13,13:20,2,Dine-in,,76.5
5226,2026-02-20,Dinner,20,20:46,2,Dine-in,,154.0
5227,2026-02-20,Dinner,18,18:37,4,Dine-in,,137.5
5228,2026-02-20,Dinner,20,20:09,2,Takeaway,,108.5
5229,2026-02-20,Dinner,19,19:39,2,Takeaway,,128.5
5230,2026-02-20,Dinner,19,19:17,2,Dine-in,,80.5
5231,2026-02-20,Dinner,19,19:21,2,Takeaway,,123.5
5232,2026-02-20,Dinner,19,19:16,4,Dine-in,,89.0
5233,2026-02-20,Dinner,18,18:29,2,Dine-in,,93.0
5234,2026-02-20,Dinner,21,21:03,3,Dine-in,,133.5
5235,2026-02-20,Dinner,19,19:59,2,Dine-in,,34.5
5236,2026-02-20,Dinner,21,21:24,1,Dine-in,,44.0
5237,2026-02-20,Dinner,21,21:20,1,Dine-in,,47.0
5238,2026-02-20,Dinner,19,19:14,2,Dine-in,,128.0
5239,2026-02-20,Dinner,21,21:25,3,Dine-in,,50.0
5240,2026-02-20,Dinner,20,20:17,5,Dine-in,,271.5
5241,2026-02-20,Dinner,19,19:49,3,Dine-in,,162.5
5242,2026-02-20,Dinner,21,21:44,4,Dine-in,,235.5
5243,2026-02-20,Dinner,19,19:07,2,Takeaway,,22.5
5244,2026-02-20,Dinner,19,19:40,2,Takeaway,,106.0
5245,2026-02-20,Dinner,20,20:14,1,Dine-in,,22.0
5246,2026-02-20,Dinner,21,21:15,2,Dine-in,,62.5
5247,2026-02-20,Dinner,21,21:09,2,Dine-in,,112.5
5248,2026-02-20,Dinner,20,20:27,4,Dine-in,,72.5
5249,2026-02-20,Dinner,18,18:16,4,Takeaway,,223.0
5250,2026-02-20,Dinner,18,18:16,4,Dine-in,,154.5
5251,2026-02-20,Dinner,18,18:49,4,Dine-in,,46.5
5252,2026-02-20,Late,22,22:25,2,Takeaway,,53.0
5253,2026-02-20,Late,22,22:19,2,Dine-in,,176.0
5254,2026-02-20,Late,23,23:11,2,Dine-in,,42.5
5255,2026-02-20,Late,22,22:36,1,Dine-in,,27.0
5256,2026-02-20,Lunch,14,14:25,4,Dine-in,,167.0
5257,2026-02-20,Lunch,13,13:40,2,Dine-in,,95.5
5258,2026-02-20,Lunch,14,14:32,2,Dine-in,,57.5
5259,2026-02-20,Lunch,14,14:42,5,Takeaway,,127.5
5260,2026-02-20,Lunch,12,12:46,1,Dine-in,,62.0
5261,2026-02-20,Lunch,13,13:21,2,Dine-in,,82.5
5262,2026-02-20,Lunch,14,14:09,3,Dine-in,,62.0
5263,2026-02-20,Lunch,14,14:44,2,Dine-in,,190.0
5264,2026-02-20,Lunch,14,14:34,1,Dine-in,,42.0
5265,2026-02-21,Dinner,19,19:38,3,Takeaway,,82.5
5266,2026-02-21,Dinner,20,20:37,2,Dine-in,,49.0
5267,2026-02-21,Dinner,21,21:09,2,Dine-in,,150.5
5268,2026-02-21,Dinner,18,18:40,4,Dine-in,,112.0
5269,2026-02-21,Dinner,20,20:04,2,Dine-in,,74.0
5270,2026-02-21,Dinner,19,19:23,2,Takeaway,,54.0
5271,2026-02-21,Dinner,18,18:26,5,Dine-in,,142.5
5272,2026-02-21,Dinner,17,17:56,3,Dine-in,,145.0
5273,2026-02-21,Dinner,17,17:50,2,Takeaway,,57.0
5274,2026-02-21,Dinner,18,18:55,6,Dine-in,,379.5
5275,2026-02-21,Dinner,17,17:59,5,Dine-in,,203.5
5276,2026-02-21,Dinner,20,20:46,5,Dine-in,,183.0
5277,2026-02-21,Dinner,20,20:36,2,Dine-in,,60.0
5278,2026-02-21,Dinner,19,19:40,2,Dine-in,,63.5
5279,2026-02-21,Dinner,19,19:30,3,Dine-in,,128.5
5280,2026-02-21,Dinner,19,19:56,1,Dine-in,,27.0
5281,2026-02-21,Dinner,18,18:40,2,Takeaway,,111.5
5282,2026-02-21,Dinner,18,18:38,3,Dine-in,,59.5
5283,2026-02-21,Dinner,19,19:11,2,Dine-in,,53.5
5284,2026-02-21,Dinner,18,18:37,1,Dine-in,,32.5
5285,2026-02-21,Dinner,20,20:40,4,Dine-in,,299.0
5286,2026-02-21,Dinner,19,19:34,5,Takeaway,,282.5
5287,2026-02-21,Dinner,21,21:09,3,Dine-in,,223.0
5288,2026-02-21,Dinner,18,18:28,2,Dine-in,,79.5
5289,2026-02-21,Dinner,21,21:00,5,Dine-in,,195.5
5290,2026-02-21,Late,22,22:00,2,Dine-in,,153.0
5291,2026-02-21,Late,23,23:03,4,Takeaway,,101.5
5292,2026-02-21,Late,23,23:09,1,Dine-in,,52.0
5293,2026-02-21,Lunch,14,14:17,4,Dine-in,,129.0
5294,2026-02-21,Lunch,12,12:28,2,Dine-in,,48.5
5295,2026-02-21,Lunch,12,12:21,1,Takeaway,,116.5
5296,2026-02-21,Lunch,14,14:42,3,Dine-in,,93.0
5297,2026-02-21,Lunch,12,12:57,2,Dine-in,,76.0
5298,2026-02-21,Lunch,14,14:05,4,Dine-in,,136.0
5299,2026-02-21,Lunch,12,12:43,6,Takeaway,,373.5
5300,2026-02-21,Lunch,13,13:12,2,Dine-in,,91.5
5301,2026-02-21,Lunch,14,14:41,3,Dine-in,,209.0
5302,2026-02-21,Lunch,14,14:00,3,Dine-in,,82.5
5303,2026-02-21,Lunch,12,12:21,1,Dine-in,,48.5
5304,2026-02-22,Dinner,21,21:37,6,Dine-in,,262.5
5305,2026-02-22,Dinner,19,19:31,3,Dine-in,,141.0
5306,2026-02-22,Dinner,20,20:29,5,Dine-in,,219.5
5307,2026-02-22,Dinner,20,20:10,5,Dine-in,,196.5
5308,2026-02-22,Dinner,19,19:25,5,Dine-in,,174.5
5309,2026-02-22,Dinner,21,21:29,1,Dine-in,,89.5
5310,2026-02-22,Dinner,17,17:40,2,Dine-in,,95.5
5311,2026-02-22,Dinner,18,18:59,2,Takeaway,,60.5
5312,2026-02-22,Dinner,18,18:16,4,Dine-in,,111.5
5313,2026-02-22,Dinner,19,19:34,4,Dine-in,,181.5
5314,2026-02-22,Dinner,18,18:26,5,Dine-in,,183.5
5315,2026-02-22,Dinner,20,20:30,2,Dine-in,,58.0
5316,2026-02-22,Dinner,18,18:57,2,Dine-in,,46.5
5317,2026-02-22,Lunch,12,12:13,2,Dine-in,,102.0
5318,2026-02-22,Lunch,13,13:14,4,Takeaway,,188.5
5319,2026-02-22,Lunch,12,12:08,2,Dine-in,,107.5
5320,2026-02-22,Lunch,12,12:23,2,Dine-in,,108.5
5321,2026-02-22,Lunch,14,14:25,2,Takeaway,,114.5
5322,2026-02-22,Lunch,12,12:54,3,Dine-in,,240.5
5323,2026-02-22,Lunch,13,13:04,2,Dine-in,,105.5
5324,2026-02-22,Lunch,14,14:36,2,Dine-in,,98.0
5325,2026-02-22,Lunch,13,13:20,3,Dine-in,,234.0
5326,2026-02-24,Dinner,19,19:02,3,Dine-in,,136.0
5327,2026-02-24,Dinner,20,20:58,2,Dine-in,,81.5
5328,2026-02-24,Dinner,19,19:04,2,Dine-in,,77.5
5329,2026-02-24,Dinner,19,19:16,2,Dine-in,,124.5
5330,2026-02-24,Dinner,18,18:21,2,Dine-in,,42.5
5331,2026-02-24,Dinner,21,21:32,3,Dine-in,,211.5
5332,2026-02-24,Dinner,21,21:16,2,Dine-in,,127.5
5333,2026-02-24,Dinner,18,18:26,3,Dine-in,,148.0
5334,2026-02-24,Dinner,21,21:33,2,Dine-in,,109.5
5335,2026-02-24,Dinner,18,18:20,5,Dine-in,,244.0
5336,2026-02-24,Dinner,18,18:42,3,Takeaway,,162.5
5337,2026-02-24,Dinner,17,17:44,5,Dine-in,,188.0
5338,2026-02-24,Dinner,21,21:11,2,Dine-in,,62.5
5339,2026-02-24,Dinner,19,19:47,1,Dine-in,,16.0
5340,2026-02-24,Lunch,12,12:30,5,Takeaway,,222.0
5341,2026-02-24,Lunch,14,14:14,3,Dine-in,,194.0
5342,2026-02-24,Lunch,13,13:21,1,Dine-in,,11.5
5343,2026-02-24,Lunch,14,14:17,4,Dine-in,,80.5
5344,2026-02-24,Lunch,12,12:09,2,Dine-in,,108.0
5345,2026-02-25,Dinner,19,19:16,2,Takeaway,,109.0
5346,2026-02-25,Dinner,19,19:23,3,Dine-in,,187.0
5347,2026-02-25,Dinner,21,21:17,2,Dine-in,,106.5
5348,2026-02-25,Dinner,21,21:02,6,Dine-in,,242.0
5349,2026-02-25,Dinner,21,21:33,3,Dine-in,,156.0
5350,2026-02-25,Dinner,18,18:34,2,Dine-in,,80.0
5351,2026-02-25,Dinner,20,20:48,1,Dine-in,,23.5
5352,2026-02-25,Dinner,20,20:51,2,Dine-in,,119.5
5353,2026-02-25,Dinner,21,21:21,3,Dine-in,,101.5
5354,2026-02-25,Dinner,19,19:38,2,Dine-in,,58.0
5355,2026-02-25,Dinner,21,21:29,4,Dine-in,,217.5
5356,2026-02-25,Dinner,18,18:10,5,Dine-in,,273.0
5357,2026-02-25,Dinner,19,19:24,3,Dine-in,,118.5
5358,2026-02-25,Dinner,21,21:05,2,Dine-in,,70.5
5359,2026-02-25,Dinner,21,21:13,1,Dine-in,,60.0
5360,2026-02-25,Lunch,14,14:31,4,Dine-in,,260.5
5361,2026-02-25,Lunch,12,12:04,1,Dine-in,,51.0
5362,2026-02-25,Lunch,13,13:35,4,Takeaway,,182.0
5363,2026-02-25,Lunch,14,14:42,1,Dine-in,,27.5
5364,2026-02-25,Lunch,13,13:44,2,Dine-in,,84.5
5365,2026-02-25,Lunch,13,13:59,3,Dine-in,,174.5
5366,2026-02-25,Lunch,12,12:48,4,Dine-in,,261.5
5367,2026-02-26,Dinner,19,19:19,5,Dine-in,,165.5
5368,2026-02-26,Dinner,21,21:14,2,Dine-in,,154.5
5369,2026-02-26,Dinner,20,20:02,1,Dine-in,,23.0
5370,2026-02-26,Dinner,17,17:57,2,Dine-in,,102.0
5371,2026-02-26,Dinner,17,17:51,3,Dine-in,,142.5
5372,2026-02-26,Dinner,18,18:10,4,Takeaway,,248.5
5373,2026-02-26,Dinner,18,18:28,4,Dine-in,,88.5
5374,2026-02-26,Dinner,19,19:33,2,Dine-in,,95.0
5375,2026-02-26,Dinner,21,21:32,2,Takeaway,,57.5
5376,2026-02-26,Dinner,20,20:33,4,Dine-in,,133.0
5377,2026-02-26,Dinner,19,19:15,5,Dine-in,,190.5
5378,2026-02-26,Lunch,12,12:52,6,Takeaway,,315.0
5379,2026-02-26,Lunch,13,13:48,1,Dine-in,,92.5
5380,2026-02-26,Lunch,12,12:10,2,Dine-in,,106.5
5381,2026-02-26,Lunch,13,13:08,6,Dine-in,,287.0
5382,2026-02-26,Lunch,13,13:20,3,Dine-in,,107.0
5383,2026-02-27,Dinner,20,20:34,2,Dine-in,,116.0
5384,2026-02-27,Dinner,19,19:01,1,Dine-in,,55.0
5385,2026-02-27,Dinner,21,21:23,5,Dine-in,,164.5
5386,2026-02-27,Dinner,19,19:00,3,Dine-in,,136.0
5387,2026-02-27,Dinner,18,18:45,4,Dine-in,,278.0
5388,2026-02-27,Dinner,19,19:35,2,Dine-in,,54.5
5389,2026-02-27,Dinner,21,21:19,4,Dine-in,,195.0
5390,2026-02-27,Dinner,17,17:43,2,Dine-in,,114.0
5391,2026-02-27,Dinner,21,21:41,2,Takeaway,,39.5
5392,2026-02-27,Dinner,20,20:05,2,Dine-in,,109.5
5393,2026-02-27,Dinner,19,19:48,4,Dine-in,,150.0
5394,2026-02-27,Dinner,18,18:00,5,Dine-in,,198.0
5395,2026-02-27,Dinner,17,17:43,1,Dine-in,,25.0
5396,2026-02-27,Dinner,19,19:38,2,Dine-in,,73.0
5397,2026-02-27,Dinner,18,18:56,2,Dine-in,,80.5
5398,2026-02-27,Dinner,19,19:46,3,Dine-in,,88.0
5399,2026-02-27,Dinner,20,20:52,5,Dine-in,,288.0
5400,2026-02-27,Dinner,19,19:06,3,Dine-in,,192.0
5401,2026-02-27,Dinner,20,20:04,4,Dine-in,,156.5
5402,2026-02-27,Dinner,20,20:36,1,Takeaway,,58.5
5403,2026-02-27,Late,22,22:26,2,Takeaway,,92.0
5404,2026-02-27,Late,23,23:09,6,Dine-in,,295.0
5405,2026-02-27,Lunch,13,13:08,2,Dine-in,,128.0
5406,2026-02-27,Lunch,12,12:06,2,Dine-in,,107.0
5407,2026-02-27,Lunch,12,12:57,2,Dine-in,,107.5
5408,2026-02-27,Lunch,12,12:35,2,Dine-in,,135.0
5409,2026-02-27,Lunch,12,12:28,2,Dine-in,,111.5
5410,2026-02-27,Lunch,12,12:02,2,Dine-in,,48.0
5411,2026-02-27,Lunch,12,12:19,2,Dine-in,,43.0
5412,2026-02-27,Lunch,12,12:30,2,Dine-in,,69.0
5413,2026-02-27,Lunch,12,12:10,2,Dine-in,,137.0
5414,2026-02-27,Lunch,12,12:31,4,Dine-in,,250.0
5415,2026-02-27,Lunch,12,12:01,4,Dine-in,,201.0
5416,2026-02-27,Lunch,13,13:27,2,Dine-in,,79.0
5417,2026-02-28,Dinner,19,19:32,1,Dine-in,,34.0
5418,2026-02-28,Dinner,21,21:41,1,Dine-in,,40.0
5419,2026-02-28,Dinner,19,19:22,2,Dine-in,,71.5
5420,2026-02-28,Dinner,17,17:30,5,Dine-in,,139.0
5421,2026-02-28,Dinner,21,21:27,1,Dine-in,,43.0
5422,2026-02-28,Dinner,20,20:28,4,Dine-in,,272.5
5423,2026-02-28,Dinner,18,18:44,2,Dine-in,,147.0
5424,2026-02-28,Dinner,19,19:29,6,Dine-in,,221.0
5425,2026-02-28,Dinner,17,17:41,2,Dine-in,,101.5
5426,2026-02-28,Dinner,21,21:32,2,Dine-in,,70.0
5427,2026-02-28,Dinner,18,18:37,5,Dine-in,,189.0
5428,2026-02-28,Dinner,18,18:38,1,Dine-in,,24.0
5429,2026-02-28,Dinner,19,19:50,2,Dine-in,,143.5
5430,2026-02-28,Dinner,18,18:30,2,Dine-in,,145.5
5431,2026-02-28,Dinner,17,17:45,2,Dine-in,,116.0
5432,2026-02-28,Dinner,18,18:04,1,Dine-in,,61.0
5433,2026-02-28,Dinner,17,17:46,2,Dine-in,,118.0
5434,2026-02-28,Dinner,18,18:27,4,Dine-in,,121.5
5435,2026-02-28,Dinner,19,19:10,5,Dine-in,,232.0
5436,2026-02-28,Dinner,21,21:10,2,Takeaway,,98.5
5437,2026-02-28,Dinner,19,19:18,1,Dine-in,,38.5
5438,2026-02-28,Dinner,18,18:03,5,Dine-in,,197.5
5439,2026-02-28,Dinner,21,21:11,2,Dine-in,,65.0
5440,2026-02-28,Dinner,19,19:13,2,Dine-in,,50.0
5441,2026-02-28,Dinner,18,18:54,1,Dine-in,,63.5
5442,2026-02-28,Dinner,20,20:18,2,Dine-in,,94.0
5443,2026-02-28,Dinner,20,20:12,3,Dine-in,,124.5
5444,2026-02-28,Late,22,22:02,2,Dine-in,,63.0
5445,2026-02-28,Late,22,22:38,2,Dine-in,,49.5
5446,2026-02-28,Late,23,23:03,4,Dine-in,,208.0
5447,2026-02-28,Late,22,22:34,1,Dine-in,,22.5
5448,2026-02-28,Lunch,14,14:34,4,Dine-in,,148.0
5449,2026-02-28,Lunch,14,14:00,2,Dine-in,,124.5
5450,2026-02-28,Lunch,14,14:43,2,Takeaway,,128.0
5451,2026-02-28,Lunch,13,13:27,1,Dine-in,,41.0
5452,2026-02-28,Lunch,14,14:44,2,Dine-in,,143.0
5453,2026-02-28,Lunch,12,12:06,2,Dine-in,,77.0
5454,2026-02-28,Lunch,14,14:36,2,Dine-in,,70.0
5455,2026-02-28,Lunch,13,13:11,2,Dine-in,,65.0
5456,2026-02-28,Lunch,14,14:01,6,Dine-in,,312.0
5457,2026-02-28,Lunch,12,12:13,2,Takeaway,,75.0
5458,2026-02-28,Lunch,13,13:45,2,Dine-in,,115.0
5459,2026-02-28,Lunch,12,12:00,5,Dine-in,,237.0
5460,2026-02-28,Lunch,12,12:49,1,Dine-in,,26.0
5461,2026-03-01,Dinner,19,19:10,2,Dine-in,,49.0
5462,2026-03-01,Dinner,19,19:21,4,Dine-in,,118.5
5463,2026-03-01,Dinner,18,18:05,2,Dine-in,,107.0
5464,2026-03-01,Dinner,18,18:20,2,Dine-in,,79.0
5465,2026-03-01,Dinner,18,18:29,3,Dine-in,,241.5
5466,2026-03-01,Dinner,20,20:39,4,Dine-in,,141.5
5467,2026-03-01,Dinner,18,18:01,2,Dine-in,,87.5
5468,2026-03-01,Dinner,20,20:52,3,Takeaway,,157.0
5469,2026-03-01,Dinner,18,18:14,2,Dine-in,,153.0
5470,2026-03-01,Dinner,18,18:37,2,Dine-in,,147.0
5471,2026-03-01,Dinner,18,18:22,4,Dine-in,,262.0
5472,2026-03-01,Dinner,17,17:43,3,Dine-in,,168.0
5473,2026-03-01,Dinner,17,17:38,4,Dine-in,,259.0
5474,2026-03-01,Dinner,18,18:17,1,Dine-in,,57.5
5475,2026-03-01,Dinner,20,20:05,2,Dine-in,,121.0
5476,2026-03-01,Dinner,19,19:20,4,Dine-in,,173.5
5477,2026-03-01,Dinner,21,21:08,2,Dine-in,,44.0
5478,2026-03-01,Dinner,18,18:39,3,Dine-in,,123.0
5479,2026-03-01,Dinner,20,20:32,2,Dine-in,,98.5
5480,2026-03-01,Dinner,20,20:49,2,Dine-in,,97.0
5481,2026-03-01,Dinner,20,20:32,2,Dine-in,,68.0
5482,2026-03-01,Dinner,19,19:17,2,Dine-in,,45.5
5483,2026-03-01,Dinner,20,20:15,5,Dine-in,,182.5
5484,2026-03-01,Lunch,12,12:42,6,Takeaway,,250.5
5485,2026-03-01,Lunch,13,13:04,4,Dine-in,,214.0
5486,2026-03-01,Lunch,12,12:23,2,Dine-in,,99.5
5487,2026-03-01,Lunch,13,13:58,4,Dine-in,,79.0
5488,2026-03-01,Lunch,14,14:08,1,Dine-in,,110.5
5489,2026-03-01,Lunch,12,12:43,3,Dine-in,,153.5
5490,2026-03-01,Lunch,14,14:11,2,Dine-in,,28.5
5491,2026-03-01,Lunch,14,14:32,3,Dine-in,,92.5
5492,2026-03-01,Lunch,12,12:38,3,Dine-in,,114.5
5493,2026-03-03,Dinner,21,21:02,2,Dine-in,,52.5
5494,2026-03-03,Dinner,19,19:51,2,Dine-in,,38.5
5495,2026-03-03,Dinner,19,19:50,2,Dine-in,,150.0
5496,2026-03-03,Dinner,20,20:01,2,Dine-in,,89.5
5497,2026-03-03,Dinner,17,17:56,5,Dine-in,,236.0
5498,2026-03-03,Dinner,18,18:45,6,Dine-in,,186.0
5499,2026-03-03,Dinner,20,20:56,2,Dine-in,,54.5
5500,2026-03-03,Dinner,20,20:48,2,Dine-in,,97.5
5501,2026-03-03,Dinner,19,19:40,2,Dine-in,,137.0
5502,2026-03-03,Dinner,18,18:26,3,Dine-in,,112.5
5503,2026-03-03,Dinner,19,19:59,2,Dine-in,,61.0
5504,2026-03-03,Dinner,19,19:03,4,Takeaway,,162.5
5505,2026-03-03,Dinner,20,20:32,2,Takeaway,,112.0
5506,2026-03-03,Dinner,20,20:36,2,Dine-in,,56.0
5507,2026-03-03,Lunch,13,13:46,2,Dine-in,,56.5
5508,2026-03-03,Lunch,12,12:05,2,Dine-in,,83.5
5509,2026-03-03,Lunch,13,13:07,6,Takeaway,,224.0
5510,2026-03-03,Lunch,12,12:54,2,Dine-in,,124.0
5511,2026-03-03,Lunch,12,12:20,2,Dine-in,,86.0
5512,2026-03-03,Lunch,14,14:35,2,Dine-in,,23.0
5513,2026-03-03,Lunch,13,13:15,1,Dine-in,,49.0
5514,2026-03-04,Dinner,21,21:22,3,Dine-in,,119.5
5515,2026-03-04,Dinner,17,17:58,2,Dine-in,,107.0
5516,2026-03-04,Dinner,21,21:24,2,Takeaway,,143.5
5517,2026-03-04,Dinner,21,21:40,3,Dine-in,,134.5
5518,2026-03-04,Dinner,19,19:13,1,Dine-in,,63.5
5519,2026-03-04,Dinner,18,18:30,2,Dine-in,,142.0
5520,2026-03-04,Dinner,19,19:46,2,Dine-in,,45.5
5521,2026-03-04,Dinner,19,19:24,2,Dine-in,,119.5
5522,2026-03-04,Dinner,17,17:59,2,Dine-in,,108.5
5523,2026-03-04,Dinner,18,18:11,2,Dine-in,,97.0
5524,2026-03-04,Dinner,20,20:43,2,Dine-in,,114.5
5525,2026-03-04,Dinner,19,19:38,4,Dine-in,,103.5
5526,2026-03-04,Dinner,20,20:57,1,Dine-in,,28.0
5527,2026-03-04,Dinner,21,21:26,2,Dine-in,,114.0
5528,2026-03-04,Dinner,19,19:51,2,Dine-in,,31.5
5529,2026-03-04,Dinner,21,21:19,3,Dine-in,,200.5
5530,2026-03-04,Dinner,21,21:17,4,Dine-in,,213.5
5531,2026-03-04,Dinner,21,21:24,2,Dine-in,,143.5
5532,2026-03-04,Dinner,21,21:26,2,Dine-in,,65.5
5533,2026-03-04,Dinner,18,18:23,1,Dine-in,,0.0
5534,2026-03-04,Dinner,19,19:39,3,Dine-in,,207.0
5535,2026-03-04,Lunch,12,12:11,2,Takeaway,,94.5
5536,2026-03-04,Lunch,13,13:53,2,Dine-in,,71.0
5537,2026-03-04,Lunch,14,14:28,5,Dine-in,,119.5
5538,2026-03-04,Lunch,14,14:29,4,Dine-in,,156.0
5539,2026-03-04,Lunch,13,13:04,2,Dine-in,,124.0
5540,2026-03-04,Lunch,13,13:59,2,Dine-in,,106.0
5541,2026-03-04,Lunch,14,14:32,2,Dine-in,,110.5
5542,2026-03-04,Lunch,13,13:14,1,Dine-in,,44.5
5543,2026-03-05,Dinner,18,18:12,2,Takeaway,,54.0
5544,2026-03-05,Dinner,19,19:14,2,Dine-in,,77.0
5545,2026-03-05,Dinner,19,19:06,1,Dine-in,,12.0
5546,2026-03-05,Dinner,17,17:40,4,Dine-in,,192.0
5547,2026-03-05,Dinner,19,19:34,2,Dine-in,,25.5
5548,2026-03-05,Dinner,21,21:38,1,Takeaway,,32.0
5549,2026-03-05,Dinner,21,21:19,6,Takeaway,,146.5
5550,2026-03-05,Dinner,19,19:45,2,Takeaway,,55.5
5551,2026-03-05,Dinner,19,19:38,2,Dine-in,,145.5
5552,2026-03-05,Dinner,20,20:28,4,Takeaway,,149.0
5553,2026-03-05,Dinner,21,21:44,3,Dine-in,,121.5
5554,2026-03-05,Dinner,21,21:22,6,Takeaway,,184.0
5555,2026-03-05,Dinner,21,21:28,2,Dine-in,,76.0
5556,2026-03-05,Dinner,19,19:37,3,Dine-in,,66.5
5557,2026-03-05,Dinner,19,19:40,3,Dine-in,,73.0
5558,2026-03-05,Dinner,20,20:28,4,Dine-in,,231.5
5559,2026-03-05,Dinner,21,21:09,1,Dine-in,,40.0
5560,2026-03-05,Dinner,18,18:30,3,Takeaway,,121.0
5561,2026-03-05,Lunch,14,14:12,4,Dine-in,,150.0
5562,2026-03-05,Lunch,13,13:06,2,Dine-in,,115.5
5563,2026-03-05,Lunch,12,12:36,2,Dine-in,,70.0
5564,2026-03-05,Lunch,12,12:05,3,Takeaway,,133.0
5565,2026-03-05,Lunch,12,12:40,4,Dine-in,,370.5
5566,2026-03-05,Lunch,14,14:33,3,Dine-in,,83.5
5567,2026-03-05,Lunch,14,14:09,3,Dine-in,,119.5
5568,2026-03-06,Dinner,18,18:13,1,Dine-in,,68.5
5569,2026-03-06,Dinner,17,17:40,3,Dine-in,,218.5
5570,2026-03-06,Dinner,19,19:17,4,Dine-in,,183.0
5571,2026-03-06,Dinner,21,21:03,3,Dine-in,,77.5
5572,2026-03-06,Dinner,21,21:17,2,Takeaway,,120.5
5573,2026-03-06,Dinner,21,21:28,3,Dine-in,,128.0
5574,2026-03-06,Dinner,18,18:16,5,Dine-in,,348.0
5575,2026-03-06,Dinner,18,18:36,5,Dine-in,,285.0
5576,2026-03-06,Dinner,19,19:37,2,Dine-in,,77.0
5577,2026-03-06,Dinner,20,20:50,4,Dine-in,,128.5
5578,2026-03-06,Dinner,20,20:51,2,Dine-in,,48.0
5579,2026-03-06,Dinner,19,19:05,2,Dine-in,,57.5
5580,2026-03-06,Dinner,20,20:40,2,Takeaway,,84.0
5581,2026-03-06,Dinner,20,20:42,2,Dine-in,,100.0
5582,2026-03-06,Dinner,18,18:51,2,Dine-in,,57.0
5583,2026-03-06,Dinner,19,19:57,5,Dine-in,,267.5
5584,2026-03-06,Dinner,17,17:40,2,Dine-in,,33.0
5585,2026-03-06,Dinner,21,21:20,2,Takeaway,,65.0
5586,2026-03-06,Dinner,21,21:09,2,Dine-in,,29.0
5587,2026-03-06,Dinner,18,18:52,3,Takeaway,,123.5
5588,2026-03-06,Dinner,20,20:06,3,Dine-in,,162.0
5589,2026-03-06,Dinner,19,19:13,2,Dine-in,,62.0
5590,2026-03-06,Dinner,20,20:38,3,Dine-in,,93.0
5591,2026-03-06,Late,23,23:11,2,Dine-in,,120.0
5592,2026-03-06,Late,22,22:45,1,Dine-in,,42.0
5593,2026-03-06,Late,23,23:00,2,Dine-in,,92.5
5594,2026-03-06,Late,23,23:14,4,Dine-in,,322.0
5595,2026-03-06,Lunch,12,12:52,1,Dine-in,,68.0
5596,2026-03-06,Lunch,14,14:13,4,Dine-in,,256.0
5597,2026-03-06,Lunch,13,13:47,4,Takeaway,,137.5
5598,2026-03-06,Lunch,14,14:35,2,Takeaway,,138.0
5599,2026-03-06,Lunch,12,12:33,4,Dine-in,,148.5
5600,2026-03-06,Lunch,12,12:02,4,Dine-in,,291.5
5601,2026-03-06,Lunch,12,12:14,5,Dine-in,,239.5
5602,2026-03-06,Lunch,13,13:07,1,Dine-in,,16.5
5603,2026-03-06,Lunch,14,14:07,2,Takeaway,,38.0
5604,2026-03-06,Lunch,14,14:27,2,Takeaway,,54.5
5605,2026-03-07,Dinner,17,17:59,4,Dine-in,,170.5
5606,2026-03-07,Dinner,18,18:35,2,Dine-in,,149.5
5607,2026-03-07,Dinner,21,21:35,5,Dine-in,,268.5
5608,2026-03-07,Dinner,18,18:11,3,Dine-in,,193.0
5609,2026-03-07,Dinner,21,21:28,2,Dine-in,,54.5
5610,2026-03-07,Dinner,18,18:19,3,Dine-in,,147.0
5611,2026-03-07,Dinner,18,18:37,2,Takeaway,,25.0
5612,2026-03-07,Dinner,18,18:36,2,Dine-in,,41.0
5613,2026-03-07,Dinner,21,21:16,5,Dine-in,,162.0
5614,2026-03-07,Dinner,19,19:59,2,Dine-in,,105.0
5615,2026-03-07,Dinner,18,18:26,4,Takeaway,,193.5
5616,2026-03-07,Dinner,18,18:00,2,Takeaway,,84.5
5617,2026-03-07,Dinner,20,20:43,4,Dine-in,,146.0
5618,2026-03-07,Dinner,20,20:58,4,Dine-in,,255.0
5619,2026-03-07,Dinner,21,21:33,1,Dine-in,,42.5
5620,2026-03-07,Dinner,19,19:20,3,Takeaway,,99.5
5621,2026-03-07,Dinner,18,18:36,3,Dine-in,,178.0
5622,2026-03-07,Dinner,18,18:43,2,Takeaway,,205.0
5623,2026-03-07,Dinner,20,20:17,2,Dine-in,,110.0
5624,2026-03-07,Dinner,18,18:15,1,Dine-in,,30.0
5625,2026-03-07,Dinner,19,19:06,2,Dine-in,,104.0
5626,2026-03-07,Dinner,17,17:49,2,Dine-in,,48.5
5627,2026-03-07,Dinner,21,21:13,3,Dine-in,,187.5
5628,2026-03-07,Late,22,22:52,1,Dine-in,,28.0
5629,2026-03-07,Late,22,22:49,1,Dine-in,,79.5
5630,2026-03-07,Late,22,22:35,2,Dine-in,,83.5
5631,2026-03-07,Late,22,22:17,4,Dine-in,,235.0
5632,2026-03-07,Lunch,12,12:12,3,Dine-in,,324.5
5633,2026-03-07,Lunch,14,14:01,2,Dine-in,,65.5
5634,2026-03-07,Lunch,13,13:09,3,Dine-in,,150.5
5635,2026-03-07,Lunch,14,14:20,3,Dine-in,,94.0
5636,2026-03-07,Lunch,13,13:14,4,Dine-in,,135.5
5637,2026-03-07,Lunch,12,12:39,2,Dine-in,,46.0
5638,2026-03-07,Lunch,12,12:21,3,Dine-in,,77.5
5639,2026-03-07,Lunch,13,13:56,2,Dine-in,,122.0
5640,2026-03-07,Lunch,12,12:52,1,Dine-in,,73.0
5641,2026-03-07,Lunch,14,14:29,3,Dine-in,,241.0
5642,2026-03-07,Lunch,14,14:23,1,Dine-in,,59.0
5643,2026-03-08,Dinner,18,18:54,2,Takeaway,,134.5
5644,2026-03-08,Dinner,19,19:41,2,Takeaway,,47.5
5645,2026-03-08,Dinner,18,18:23,1,Dine-in,,18.5
5646,2026-03-08,Dinner,19,19:48,2,Takeaway,,134.5
5647,2026-03-08,Dinner,19,19:37,2,Dine-in,,20.5
5648,2026-03-08,Dinner,19,19:40,2,Dine-in,,104.0
5649,2026-03-08,Dinner,19,19:50,2,Takeaway,,33.0
5650,2026-03-08,Dinner,19,19:30,2,Dine-in,,118.5
5651,2026-03-08,Dinner,20,20:54,2,Takeaway,,121.0
5652,2026-03-08,Dinner,20,20:00,3,Takeaway,,246.5
5653,2026-03-08,Dinner,21,21:28,1,Dine-in,,78.0
5654,2026-03-08,Dinner,21,21:18,6,Dine-in,,326.5
5655,2026-03-08,Dinner,17,17:47,2,Dine-in,,139.5
5656,2026-03-08,Dinner,17,17:55,2,Dine-in,,49.5
5657,2026-03-08,Dinner,17,17:44,2,Dine-in,,74.5
5658,2026-03-08,Dinner,19,19:44,2,Dine-in,,137.5
5659,2026-03-08,Dinner,19,19:46,2,Dine-in,,34.5
5660,2026-03-08,Dinner,20,20:25,3,Dine-in,,140.5
5661,2026-03-08,Dinner,18,18:10,2,Dine-in,,190.5
5662,2026-03-08,Dinner,21,21:04,2,Dine-in,,85.0
5663,2026-03-08,Dinner,18,18:48,2,Takeaway,,104.0
5664,2026-03-08,Dinner,19,19:22,2,Dine-in,,103.0
5665,2026-03-08,Dinner,20,20:06,5,Takeaway,,214.5
5666,2026-03-08,Dinner,18,18:50,2,Dine-in,,83.5
5667,2026-03-08,Lunch,12,12:22,3,Dine-in,,92.5
5668,2026-03-08,Lunch,12,12:50,3,Dine-in,,81.5
5669,2026-03-08,Lunch,14,14:16,2,Dine-in,,15.0
5670,2026-03-08,Lunch,13,13:36,2,Dine-in,,92.5
5671,2026-03-08,Lunch,12,12:15,2,Dine-in,,86.5
5672,2026-03-08,Lunch,13,13:29,2,Dine-in,,68.5
5673,2026-03-08,Lunch,13,13:07,1,Takeaway,,118.5
5674,2026-03-08,Lunch,14,14:12,4,Dine-in,,159.5
5675,2026-03-08,Lunch,14,14:25,2,Dine-in,,108.5
5676,2026-03-10,Dinner,18,18:19,6,Dine-in,,266.0
5677,2026-03-10,Dinner,19,19:02,1,Dine-in,,11.0
5678,2026-03-10,Dinner,20,20:11,2,Dine-in,,69.5
5679,2026-03-10,Dinner,20,20:21,3,Dine-in,,171.5
5680,2026-03-10,Dinner,21,21:31,2,Dine-in,,96.0
5681,2026-03-10,Dinner,21,21:09,4,Dine-in,,233.0
5682,2026-03-10,Dinner,19,19:51,5,Dine-in,,183.5
5683,2026-03-10,Dinner,21,21:19,5,Takeaway,,151.0
5684,2026-03-10,Dinner,21,21:18,3,Dine-in,,149.0
5685,2026-03-10,Dinner,21,21:36,2,Dine-in,,33.5
5686,2026-03-10,Dinner,20,20:22,1,Takeaway,,36.0
5687,2026-03-10,Dinner,19,19:37,3,Dine-in,,123.0
5688,2026-03-10,Dinner,19,19:23,1,Dine-in,,35.0
5689,2026-03-10,Lunch,13,13:33,2,Dine-in,,77.5
5690,2026-03-10,Lunch,13,13:33,4,Dine-in,,199.0
5691,2026-03-10,Lunch,12,12:19,2,Takeaway,,45.0
5692,2026-03-10,Lunch,14,14:43,4,Dine-in,,156.0
5693,2026-03-10,Lunch,14,14:15,6,Takeaway,,146.0
5694,2026-03-10,Lunch,14,14:34,1,Dine-in,,9.0
5695,2026-03-11,Dinner,18,18:42,2,Dine-in,,116.0
5696,2026-03-11,Dinner,19,19:37,5,Dine-in,,261.5
5697,2026-03-11,Dinner,18,18:17,6,Dine-in,,264.0
5698,2026-03-11,Dinner,18,18:51,2,Dine-in,,92.5
5699,2026-03-11,Dinner,17,17:51,2,Dine-in,,61.0
5700,2026-03-11,Dinner,20,20:32,2,Takeaway,,129.5
5701,2026-03-11,Dinner,19,19:59,2,Takeaway,,112.5
5702,2026-03-11,Dinner,20,20:18,3,Dine-in,,152.0
5703,2026-03-11,Dinner,18,18:57,6,Takeaway,,272.5
5704,2026-03-11,Dinner,19,19:45,3,Dine-in,,103.5
5705,2026-03-11,Dinner,19,19:15,3,Dine-in,,127.5
5706,2026-03-11,Dinner,19,19:04,2,Dine-in,,67.0
5707,2026-03-11,Dinner,17,17:48,2,Dine-in,,151.0
5708,2026-03-11,Dinner,20,20:36,1,Dine-in,,7.0
5709,2026-03-11,Dinner,17,17:38,3,Dine-in,,150.0
5710,2026-03-11,Dinner,18,18:22,4,Dine-in,,276.5
5711,2026-03-11,Lunch,12,12:33,3,Dine-in,,86.0
5712,2026-03-11,Lunch,12,12:03,2,Dine-in,,91.5
5713,2026-03-11,Lunch,14,14:20,2,Dine-in,,86.0
5714,2026-03-11,Lunch,14,14:18,2,Dine-in,,48.5
5715,2026-03-11,Lunch,13,13:04,5,Dine-in,,183.0
5716,2026-03-11,Lunch,13,13:16,2,Dine-in,,58.0
5717,2026-03-11,Lunch,12,12:38,3,Dine-in,,143.5
5718,2026-03-11,Lunch,14,14:22,1,Dine-in,,21.5
5719,2026-03-12,Dinner,19,19:57,1,Dine-in,,55.5
5720,2026-03-12,Dinner,21,21:41,3,Dine-in,,223.5
5721,2026-03-12,Dinner,18,18:24,1,Dine-in,,51.0
5722,2026-03-12,Dinner,20,20:07,4,Dine-in,,149.0
5723,2026-03-12,Dinner,18,18:51,4,Dine-in,,84.5
5724,2026-03-12,Dinner,19,19:37,2,Takeaway,,111.0
5725,2026-03-12,Dinner,20,20:49,5,Dine-in,,194.5
5726,2026-03-12,Dinner,20,20:25,5,Takeaway,,217.5
5727,2026-03-12,Dinner,18,18:50,2,Takeaway,,93.0
5728,2026-03-12,Dinner,17,17:37,2,Dine-in,,74.5
5729,2026-03-12,Dinner,18,18:59,1,Dine-in,,92.5
5730,2026-03-12,Dinner,21,21:24,2,Dine-in,,50.5
5731,2026-03-12,Dinner,20,20:06,2,Dine-in,,51.5
5732,2026-03-12,Dinner,21,21:17,1,Dine-in,,28.5
5733,2026-03-12,Dinner,21,21:19,4,Dine-in,,196.0
5734,2026-03-12,Dinner,21,21:36,4,Takeaway,,146.5
5735,2026-03-12,Dinner,18,18:05,5,Dine-in,,222.5
5736,2026-03-12,Lunch,14,14:39,6,Dine-in,,233.5
5737,2026-03-12,Lunch,14,14:05,3,Dine-in,,136.5
5738,2026-03-12,Lunch,14,14:27,2,Dine-in,,117.5
5739,2026-03-12,Lunch,13,13:31,2,Dine-in,,77.0
5740,2026-03-12,Lunch,12,12:55,4,Dine-in,,96.0
5741,2026-03-12,Lunch,12,12:40,4,Dine-in,,95.5
5742,2026-03-12,Lunch,13,13:35,4,Takeaway,,128.0
5743,2026-03-13,Dinner,20,20:14,5,Takeaway,,301.0
5744,2026-03-13,Dinner,21,21:37,6,Dine-in,,262.5
5745,2026-03-13,Dinner,18,18:31,1,Dine-in,,33.5
5746,2026-03-13,Dinner,18,18:03,2,Dine-in,,72.0
5747,2026-03-13,Dinner,21,21:43,4,Dine-in,,171.0
5748,2026-03-13,Dinner,19,19:08,3,Takeaway,,137.5
5749,2026-03-13,Dinner,19,19:23,2,Dine-in,,86.0
5750,2026-03-13,Dinner,18,18:49,2,Dine-in,,150.0
5751,2026-03-13,Dinner,18,18:02,2,Takeaway,,46.5
5752,2026-03-13,Dinner,19,19:17,2,Dine-in,,70.0
5753,2026-03-13,Dinner,17,17:36,4,Dine-in,,114.5
5754,2026-03-13,Dinner,21,21:10,2,Dine-in,,106.0
5755,2026-03-13,Dinner,20,20:55,2,Dine-in,,62.0
5756,2026-03-13,Dinner,18,18:26,2,Dine-in,,15.0
5757,2026-03-13,Dinner,20,20:05,2,Takeaway,,49.0
5758,2026-03-13,Dinner,17,17:39,3,Dine-in,,138.5
5759,2026-03-13,Dinner,21,21:43,2,Dine-in,,51.0
5760,2026-03-13,Dinner,18,18:57,5,Dine-in,,230.5
5761,2026-03-13,Dinner,21,21:30,4,Dine-in,,129.0
5762,2026-03-13,Dinner,21,21:06,2,Dine-in,,81.0
5763,2026-03-13,Dinner,19,19:53,2,Dine-in,,53.0
5764,2026-03-13,Dinner,17,17:46,1,Dine-in,,27.0
5765,2026-03-13,Dinner,19,19:08,4,Dine-in,,121.0
5766,2026-03-13,Dinner,18,18:48,1,Dine-in,,74.0
5767,2026-03-13,Late,22,22:08,1,Dine-in,,142.5
5768,2026-03-13,Late,22,22:55,3,Dine-in,,106.0
5769,2026-03-13,Late,22,22:19,2,Dine-in,,68.5
5770,2026-03-13,Late,22,22:34,2,Dine-in,,36.5
5771,2026-03-13,Lunch,13,13:57,3,Dine-in,,67.5
5772,2026-03-13,Lunch,14,14:41,4,Dine-in,,143.0
5773,2026-03-13,Lunch,12,12:57,4,Dine-in,,180.5
5774,2026-03-13,Lunch,13,13:12,3,Dine-in,,107.0
5775,2026-03-13,Lunch,13,13:44,2,Dine-in,,198.5
5776,2026-03-13,Lunch,12,12:59,2,Dine-in,,65.0
5777,2026-03-13,Lunch,13,13:37,2,Dine-in,,88.0
5778,2026-03-13,Lunch,14,14:08,2,Dine-in,,48.0
5779,2026-03-13,Lunch,12,12:49,1,Dine-in,,58.5
5780,2026-03-13,Lunch,12,12:35,4,Dine-in,,143.5
5781,2026-03-13,Lunch,14,14:21,1,Dine-in,,5.5
5782,2026-03-13,Lunch,12,12:59,1,Dine-in,,34.5
5783,2026-03-13,Lunch,12,12:43,4,Dine-in,,135.0
5784,2026-03-13,Lunch,13,13:07,1,Dine-in,,76.0
5785,2026-03-14,Dinner,20,20:50,2,Takeaway,,40.0
5786,2026-03-14,Dinner,17,17:55,6,Dine-in,,228.5
5787,2026-03-14,Dinner,18,18:41,2,Dine-in,,74.0
5788,2026-03-14,Dinner,21,21:32,3,Dine-in,,46.5
5789,2026-03-14,Dinner,20,20:46,3,Dine-in,,149.5
5790,2026-03-14,Dinner,20,20:57,4,Takeaway,,180.0
5791,2026-03-14,Dinner,20,20:54,3,Dine-in,,114.5
5792,2026-03-14,Dinner,21,21:15,2,Dine-in,,79.5
5793,2026-03-14,Dinner,19,19:23,2,Dine-in,,94.5
5794,2026-03-14,Dinner,20,20:07,3,Dine-in,,233.5
5795,2026-03-14,Dinner,21,21:21,2,Dine-in,,70.0
5796,2026-03-14,Dinner,21,21:40,2,Dine-in,,68.5
5797,2026-03-14,Dinner,18,18:57,4,Dine-in,,207.0
5798,2026-03-14,Dinner,20,20:17,2,Takeaway,,94.0
5799,2026-03-14,Dinner,17,17:58,2,Dine-in,,61.0
5800,2026-03-14,Dinner,20,20:47,2,Dine-in,,99.5
5801,2026-03-14,Dinner,18,18:00,4,Dine-in,,302.5
5802,2026-03-14,Dinner,21,21:03,4,Dine-in,,117.5
5803,2026-03-14,Dinner,17,17:34,1,Dine-in,,38.5
5804,2026-03-14,Dinner,18,18:13,2,Dine-in,,25.0
5805,2026-03-14,Dinner,18,18:40,2,Dine-in,,83.0
5806,2026-03-14,Dinner,20,20:56,2,Dine-in,,40.0
5807,2026-03-14,Dinner,21,21:24,2,Dine-in,,58.5
5808,2026-03-14,Dinner,20,20:11,1,Dine-in,,72.0
5809,2026-03-14,Late,22,22:20,1,Dine-in,,51.0
5810,2026-03-14,Late,23,23:00,2,Takeaway,,131.0
5811,2026-03-14,Late,22,22:20,2,Dine-in,,37.5
5812,2026-03-14,Late,23,23:08,2,Dine-in,,87.5
5813,2026-03-14,Late,22,22:12,1,Takeaway,,34.0
5814,2026-03-14,Lunch,12,12:04,2,Dine-in,,50.5
5815,2026-03-14,Lunch,13,13:06,4,Dine-in,,187.0
5816,2026-03-14,Lunch,13,13:19,1,Dine-in,,67.5
5817,2026-03-14,Lunch,14,14:02,2,Dine-in,,64.5
5818,2026-03-14,Lunch,12,12:37,4,Dine-in,,144.0
5819,2026-03-14,Lunch,13,13:41,2,Dine-in,,80.0
5820,2026-03-14,Lunch,13,13:19,3,Dine-in,,170.5
5821,2026-03-14,Lunch,13,13:06,2,Takeaway,,42.5
5822,2026-03-14,Lunch,14,14:33,5,Takeaway,,244.5
5823,2026-03-14,Lunch,14,14:41,1,Dine-in,,88.0
5824,2026-03-14,Lunch,12,12:05,3,Takeaway,,121.5
5825,2026-03-14,Lunch,12,12:26,2,Dine-in,,81.5
5826,2026-03-14,Lunch,12,12:14,1,Dine-in,,26.0
5827,2026-03-15,Dinner,18,18:14,3,Takeaway,Mother's Day,185.35
5828,2026-03-15,Dinner,18,18:51,3,Dine-in,Mother's Day,117.7
5829,2026-03-15,Dinner,20,20:42,5,Takeaway,Mother's Day,101.75
5830,2026-03-15,Dinner,17,17:33,5,Dine-in,Mother's Day,230.45
5831,2026-03-15,Dinner,19,19:37,2,Dine-in,Mother's Day,58.85
5832,2026-03-15,Dinner,20,20:13,2,Dine-in,Mother's Day,102.85
5833,2026-03-15,Dinner,21,21:43,2,Dine-in,Mother's Day,103.95
5834,2026-03-15,Dinner,18,18:37,2,Dine-in,Mother's Day,59.4
5835,2026-03-15,Dinner,17,17:32,3,Takeaway,Mother's Day,63.8
5836,2026-03-15,Dinner,21,21:12,2,Dine-in,Mother's Day,42.9
5837,2026-03-15,Dinner,18,18:52,5,Dine-in,Mother's Day,246.4
5838,2026-03-15,Dinner,17,17:59,2,Takeaway,Mother's Day,116.6
5839,2026-03-15,Dinner,21,21:41,6,Takeaway,Mother's Day,321.75
5840,2026-03-15,Dinner,20,20:45,5,Dine-in,Mother's Day,206.8
5841,2026-03-15,Dinner,19,19:13,1,Dine-in,Mother's Day,58.85
5842,2026-03-15,Dinner,18,18:34,2,Dine-in,Mother's Day,61.05
5843,2026-03-15,Dinner,18,18:01,6,Takeaway,Mother's Day,226.05
5844,2026-03-15,Dinner,20,20:45,3,Dine-in,Mother's Day,138.05
5845,2026-03-15,Dinner,20,20:18,3,Dine-in,Mother's Day,131.45
5846,2026-03-15,Dinner,18,18:20,2,Dine-in,Mother's Day,43.45
5847,2026-03-15,Dinner,21,21:33,2,Takeaway,Mother's Day,92.4
5848,2026-03-15,Dinner,19,19:30,4,Dine-in,Mother's Day,132.0
5849,2026-03-15,Dinner,19,19:00,2,Takeaway,Mother's Day,102.85
5850,2026-03-15,Dinner,20,20:18,2,Dine-in,Mother's Day,141.9
5851,2026-03-15,Dinner,20,20:37,4,Dine-in,Mother's Day,107.25
5852,2026-03-15,Dinner,20,20:07,3,Dine-in,Mother's Day,137.5
5853,2026-03-15,Dinner,18,18:01,3,Dine-in,Mother's Day,134.2
5854,2026-03-15,Dinner,19,19:21,2,Dine-in,Mother's Day,57.2
5855,2026-03-15,Dinner,20,20:15,2,Takeaway,Mother's Day,87.45
5856,2026-03-15,Dinner,18,18:08,2,Dine-in,Mother's Day,100.65
5857,2026-03-15,Dinner,18,18:36,4,Takeaway,Mother's Day,176.0
5858,2026-03-15,Dinner,21,21:21,2,Dine-in,Mother's Day,94.05
5859,2026-03-15,Dinner,17,17:48,2,Dine-in,Mother's Day,58.85
5860,2026-03-15,Dinner,19,19:03,2,Dine-in,Mother's Day,81.4
5861,2026-03-15,Dinner,20,20:10,2,Dine-in,Mother's Day,55.0
5862,2026-03-15,Lunch,14,14:11,1,Dine-in,Mother's Day,52.8
5863,2026-03-15,Lunch,13,13:54,4,Dine-in,Mother's Day,375.65
5864,2026-03-15,Lunch,12,12:45,4,Dine-in,Mother's Day,238.15
5865,2026-03-15,Lunch,14,14:40,2,Dine-in,Mother's Day,61.6
5866,2026-03-15,Lunch,13,13:27,2,Takeaway,Mother's Day,97.35
5867,2026-03-15,Lunch,14,14:27,4,Dine-in,Mother's Day,117.7
5868,2026-03-15,Lunch,13,13:07,3,Dine-in,Mother's Day,146.3
5869,2026-03-15,Lunch,13,13:38,1,Dine-in,Mother's Day,23.1
5870,2026-03-15,Lunch,12,12:11,4,Dine-in,Mother's Day,180.95
5871,2026-03-15,Lunch,14,14:23,2,Dine-in,Mother's Day,106.15
5872,2026-03-15,Lunch,14,14:16,1,Dine-in,Mother's Day,30.8
5873,2026-03-15,Lunch,12,12:06,2,Dine-in,Mother's Day,177.65
5874,2026-03-15,Lunch,13,13:31,5,Dine-in,Mother's Day,110.0
5875,2026-03-15,Lunch,13,13:42,2,Dine-in,Mother's Day,44.0
5876,2026-03-15,Lunch,14,14:19,2,Dine-in,Mother's Day,96.25
5877,2026-03-15,Lunch,12,12:09,3,Dine-in,Mother's Day,98.45
5878,2026-03-17,Dinner,19,19:56,1,Dine-in,,24.0
5879,2026-03-17,Dinner,20,20:17,2,Dine-in,,71.5
5880,2026-03-17,Dinner,18,18:46,5,Dine-in,,194.0
5881,2026-03-17,Dinner,20,20:03,2,Dine-in,,88.0
5882,2026-03-17,Dinner,21,21:33,2,Dine-in,,95.0
5883,2026-03-17,Dinner,21,21:29,2,Dine-in,,57.0
5884,2026-03-17,Dinner,18,18:45,2,Dine-in,,81.5
5885,2026-03-17,Dinner,21,21:44,2,Dine-in,,160.0
5886,2026-03-17,Dinner,20,20:54,4,Takeaway,,182.5
5887,2026-03-17,Dinner,18,18:25,4,Dine-in,,271.5
5888,2026-03-17,Dinner,20,20:37,2,Dine-in,,131.5
5889,2026-03-17,Dinner,20,20:27,2,Dine-in,,107.5
5890,2026-03-17,Dinner,19,19:32,1,Dine-in,,27.0
5891,2026-03-17,Dinner,21,21:18,2,Dine-in,,89.5
5892,2026-03-17,Lunch,13,13:23,3,Dine-in,,87.0
5893,2026-03-17,Lunch,13,13:39,2,Dine-in,,140.5
5894,2026-03-17,Lunch,13,13:48,5,Takeaway,,197.5
5895,2026-03-17,Lunch,14,14:43,2,Dine-in,,103.0
5896,2026-03-17,Lunch,12,12:00,4,Dine-in,,214.0
5897,2026-03-17,Lunch,12,12:47,3,Dine-in,,54.0
5898,2026-03-17,Lunch,14,14:17,1,Takeaway,,19.5
5899,2026-03-17,Lunch,13,13:52,1,Dine-in,,39.0
5900,2026-03-18,Dinner,18,18:49,2,Dine-in,,81.5
5901,2026-03-18,Dinner,17,17:55,4,Dine-in,,167.0
5902,2026-03-18,Dinner,18,18:58,2,Takeaway,,110.0
5903,2026-03-18,Dinner,20,20:20,1,Dine-in,,98.5
5904,2026-03-18,Dinner,20,20:03,2,Dine-in,,52.5
5905,2026-03-18,Dinner,18,18:00,5,Dine-in,,125.0
5906,2026-03-18,Dinner,20,20:48,2,Dine-in,,172.5
5907,2026-03-18,Dinner,17,17:34,2,Dine-in,,29.5
5908,2026-03-18,Dinner,20,20:27,4,Dine-in,,247.5
5909,2026-03-18,Dinner,19,19:36,4,Dine-in,,188.0
5910,2026-03-18,Dinner,20,20:59,2,Dine-in,,118.5
5911,2026-03-18,Dinner,17,17:36,5,Dine-in,,340.5
5912,2026-03-18,Dinner,21,21:21,3,Dine-in,,96.5
5913,2026-03-18,Dinner,19,19:25,1,Dine-in,,30.5
5914,2026-03-18,Lunch,14,14:11,2,Dine-in,,15.0
5915,2026-03-18,Lunch,14,14:04,2,Dine-in,,61.5
5916,2026-03-18,Lunch,13,13:53,5,Dine-in,,255.0
5917,2026-03-18,Lunch,13,13:41,4,Dine-in,,299.0
5918,2026-03-18,Lunch,12,12:43,4,Dine-in,,231.0
5919,2026-03-18,Lunch,12,12:48,2,Takeaway,,45.0
5920,2026-03-18,Lunch,13,13:33,2,Dine-in,,119.0
5921,2026-03-19,Dinner,20,20:00,2,Dine-in,,79.0
5922,2026-03-19,Dinner,20,20:30,2,Dine-in,,44.5
5923,2026-03-19,Dinner,20,20:04,2,Dine-in,,84.0
5924,2026-03-19,Dinner,21,21:14,5,Takeaway,,234.0
5925,2026-03-19,Dinner,21,21:26,3,Dine-in,,178.0
5926,2026-03-19,Dinner,21,21:38,2,Dine-in,,51.5
5927,2026-03-19,Dinner,18,18:52,2,Dine-in,,101.0
5928,2026-03-19,Dinner,19,19:48,2,Dine-in,,68.0
5929,2026-03-19,Dinner,20,20:05,4,Dine-in,,78.5
5930,2026-03-19,Dinner,21,21:19,2,Takeaway,,38.0
5931,2026-03-19,Dinner,20,20:07,2,Dine-in,,151.0
5932,2026-03-19,Dinner,21,21:13,4,Dine-in,,229.5
5933,2026-03-19,Dinner,18,18:57,2,Dine-in,,162.5
5934,2026-03-19,Dinner,17,17:47,6,Dine-in,,234.0
5935,2026-03-19,Dinner,18,18:50,2,Dine-in,,139.0
5936,2026-03-19,Dinner,19,19:52,2,Dine-in,,74.5
5937,2026-03-19,Dinner,21,21:23,2,Dine-in,,107.5
5938,2026-03-19,Dinner,20,20:46,2,Dine-in,,42.5
5939,2026-03-19,Lunch,13,13:26,5,Dine-in,,284.0
5940,2026-03-19,Lunch,13,13:16,4,Dine-in,,140.5
5941,2026-03-19,Lunch,14,14:10,3,Dine-in,,167.5
5942,2026-03-19,Lunch,12,12:00,3,Dine-in,,223.5
5943,2026-03-19,Lunch,12,12:12,2,Dine-in,,102.5
5944,2026-03-19,Lunch,12,12:35,1,Dine-in,,63.5
5945,2026-03-19,Lunch,12,12:12,5,Dine-in,,313.5
5946,2026-03-20,Dinner,18,18:48,2,Dine-in,,56.5
5947,2026-03-20,Dinner,18,18:44,2,Takeaway,,71.5
5948,2026-03-20,Dinner,19,19:10,3,Dine-in,,84.5
5949,2026-03-20,Dinner,19,19:10,2,Dine-in,,209.5
5950,2026-03-20,Dinner,17,17:39,2,Dine-in,,73.5
5951,2026-03-20,Dinner,20,20:16,2,Dine-in,,40.0
5952,2026-03-20,Dinner,17,17:40,1,Dine-in,,9.5
5953,2026-03-20,Dinner,19,19:11,2,Takeaway,,31.0
5954,2026-03-20,Dinner,19,19:32,4,Dine-in,,170.5
5955,2026-03-20,Dinner,21,21:14,2,Takeaway,,106.0
5956,2026-03-20,Dinner,21,21:42,5,Dine-in,,319.5
5957,2026-03-20,Dinner,17,17:51,2,Dine-in,,183.0
5958,2026-03-20,Dinner,19,19:17,2,Dine-in,,84.5
5959,2026-03-20,Dinner,20,20:09,3,Dine-in,,137.5
5960,2026-03-20,Dinner,17,17:36,2,Dine-in,,69.5
5961,2026-03-20,Dinner,21,21:06,5,Dine-in,,276.0
5962,2026-03-20,Dinner,20,20:42,4,Dine-in,,209.5
5963,2026-03-20,Dinner,17,17:37,5,Dine-in,,168.5
5964,2026-03-20,Dinner,19,19:08,5,Dine-in,,276.0
5965,2026-03-20,Dinner,17,17:55,1,Dine-in,,99.5
5966,2026-03-20,Dinner,18,18:18,1,Dine-in,,65.5
5967,2026-03-20,Dinner,19,19:51,3,Dine-in,,103.5
5968,2026-03-20,Dinner,19,19:35,2,Dine-in,,51.0
5969,2026-03-20,Dinner,20,20:20,2,Dine-in,,88.5
5970,2026-03-20,Dinner,21,21:06,6,Dine-in,,343.5
5971,2026-03-20,Dinner,18,18:38,1,Dine-in,,56.5
5972,2026-03-20,Late,22,22:12,2,Dine-in,,59.5
5973,2026-03-20,Late,23,23:05,4,Dine-in,,120.5
5974,2026-03-20,Late,22,22:54,2,Dine-in,,112.0
5975,2026-03-20,Lunch,14,14:43,2,Dine-in,,162.0
5976,2026-03-20,Lunch,14,14:42,2,Dine-in,,17.0
5977,2026-03-20,Lunch,13,13:16,3,Dine-in,,144.0
5978,2026-03-20,Lunch,13,13:45,5,Dine-in,,190.5
5979,2026-03-20,Lunch,13,13:42,3,Dine-in,,174.5
5980,2026-03-20,Lunch,13,13:06,2,Dine-in,,125.0
5981,2026-03-20,Lunch,14,14:09,2,Dine-in,,57.5
5982,2026-03-20,Lunch,12,12:20,1,Dine-in,,32.0
5983,2026-03-20,Lunch,12,12:41,4,Dine-in,,98.0
5984,2026-03-21,Dinner,18,18:53,4,Dine-in,,208.0
5985,2026-03-21,Dinner,19,19:23,2,Dine-in,,116.5
5986,2026-03-21,Dinner,20,20:47,3,Dine-in,,83.0
5987,2026-03-21,Dinner,18,18:56,3,Dine-in,,105.0
5988,2026-03-21,Dinner,20,20:00,3,Dine-in,,125.0
5989,2026-03-21,Dinner,20,20:04,2,Dine-in,,135.5
5990,2026-03-21,Dinner,18,18:54,2,Dine-in,,145.0
5991,2026-03-21,Dinner,18,18:09,3,Dine-in,,147.5
5992,2026-03-21,Dinner,19,19:32,6,Takeaway,,138.5
5993,2026-03-21,Dinner,21,21:01,2,Dine-in,,94.5
5994,2026-03-21,Dinner,20,20:07,4,Dine-in,,143.0
5995,2026-03-21,Dinner,18,18:38,5,Dine-in,,355.5
5996,2026-03-21,Dinner,18,18:13,6,Dine-in,,224.0
5997,2026-03-21,Dinner,21,21:18,2,Dine-in,,82.0
5998,2026-03-21,Dinner,20,20:00,2,Dine-in,,113.5
5999,2026-03-21,Dinner,18,18:40,3,Dine-in,,161.5
6000,2026-03-21,Dinner,20,20:16,2,Dine-in,,121.0
6001,2026-03-21,Dinner,19,19:50,4,Dine-in,,180.0
6002,2026-03-21,Dinner,18,18:19,2,Dine-in,,78.5
6003,2026-03-21,Dinner,21,21:36,1,Dine-in,,18.0
6004,2026-03-21,Dinner,17,17:39,4,Dine-in,,124.0
6005,2026-03-21,Late,22,22:19,1,Dine-in,,13.0
6006,2026-03-21,Late,22,22:43,6,Dine-in,,353.0
6007,2026-03-21,Late,22,22:31,2,Dine-in,,28.5
6008,2026-03-21,Lunch,12,12:53,2,Dine-in,,94.5
6009,2026-03-21,Lunch,13,13:59,2,Dine-in,,109.0
6010,2026-03-21,Lunch,14,14:05,1,Dine-in,,38.5
6011,2026-03-21,Lunch,13,13:26,2,Dine-in,,87.0
6012,2026-03-21,Lunch,14,14:02,4,Dine-in,,191.0
6013,2026-03-21,Lunch,12,12:32,2,Dine-in,,79.5
6014,2026-03-21,Lunch,14,14:15,2,Dine-in,,86.5
6015,2026-03-21,Lunch,12,12:55,3,Dine-in,,123.5
6016,2026-03-21,Lunch,13,13:01,4,Dine-in,,186.0
6017,2026-03-21,Lunch,13,13:52,2,Dine-in,,40.5
6018,2026-03-21,Lunch,12,12:08,2,Dine-in,,44.5
6019,2026-03-21,Lunch,14,14:06,2,Dine-in,,52.5
6020,2026-03-21,Lunch,13,13:47,2,Dine-in,,44.0
6021,2026-03-21,Lunch,12,12:48,2,Dine-in,,63.0
6022,2026-03-22,Dinner,19,19:23,2,Dine-in,,22.0
6023,2026-03-22,Dinner,20,20:45,4,Dine-in,,217.0
6024,2026-03-22,Dinner,20,20:36,1,Dine-in,,45.5
6025,2026-03-22,Dinner,18,18:10,4,Dine-in,,133.5
6026,2026-03-22,Dinner,20,20:22,4,Takeaway,,81.5
6027,2026-03-22,Dinner,19,19:18,5,Dine-in,,295.5
6028,2026-03-22,Dinner,18,18:42,1,Dine-in,,26.5
6029,2026-03-22,Dinner,21,21:23,5,Dine-in,,228.5
6030,2026-03-22,Dinner,19,19:24,2,Takeaway,,139.5
6031,2026-03-22,Dinner,19,19:22,3,Dine-in,,133.0
6032,2026-03-22,Dinner,21,21:00,2,Dine-in,,95.0
6033,2026-03-22,Dinner,19,19:32,1,Takeaway,,91.5
6034,2026-03-22,Dinner,19,19:59,2,Dine-in,,65.5
6035,2026-03-22,Dinner,18,18:58,2,Dine-in,,58.0
6036,2026-03-22,Dinner,18,18:31,4,Dine-in,,228.5
6037,2026-03-22,Dinner,21,21:19,1,Dine-in,,27.5
6038,2026-03-22,Dinner,19,19:15,1,Dine-in,,35.5
6039,2026-03-22,Dinner,18,18:27,2,Dine-in,,78.0
6040,2026-03-22,Dinner,21,21:19,2,Dine-in,,121.5
6041,2026-03-22,Dinner,18,18:14,4,Dine-in,,134.0
6042,2026-03-22,Dinner,20,20:11,4,Dine-in,,225.5
6043,2026-03-22,Dinner,20,20:39,2,Dine-in,,68.0
6044,2026-03-22,Lunch,12,12:25,2,Dine-in,,32.0
6045,2026-03-22,Lunch,12,12:39,4,Dine-in,,55.0
6046,2026-03-22,Lunch,14,14:40,1,Dine-in,,17.5
6047,2026-03-22,Lunch,12,12:46,2,Dine-in,,134.0
6048,2026-03-22,Lunch,13,13:15,4,Dine-in,,111.0
6049,2026-03-22,Lunch,14,14:29,2,Takeaway,,130.5
6050,2026-03-22,Lunch,13,13:41,3,Dine-in,,149.5
6051,2026-03-22,Lunch,14,14:11,2,Dine-in,,149.0
6052,2026-03-22,Lunch,13,13:57,4,Dine-in,,114.0
6053,2026-03-22,Lunch,12,12:38,2,Takeaway,,39.5
6054,2026-03-22,Lunch,14,14:31,2,Dine-in,,45.0
6055,2026-03-24,Dinner,19,19:01,2,Dine-in,,84.0
6056,2026-03-24,Dinner,17,17:46,6,Dine-in,,256.0
6057,2026-03-24,Dinner,17,17:38,2,Dine-in,,58.5
6058,2026-03-24,Dinner,18,18:59,4,Dine-in,,176.5
6059,2026-03-24,Dinner,20,20:03,5,Dine-in,,203.0
6060,2026-03-24,Dinner,20,20:07,2,Dine-in,,177.5
6061,2026-03-24,Dinner,20,20:27,2,Takeaway,,43.0
6062,2026-03-24,Dinner,21,21:28,4,Dine-in,,147.0
6063,2026-03-24,Dinner,19,19:30,2,Dine-in,,100.5
6064,2026-03-24,Dinner,19,19:46,6,Dine-in,,318.5
6065,2026-03-24,Dinner,18,18:01,2,Dine-in,,125.5
6066,2026-03-24,Dinner,20,20:48,2,Dine-in,,59.0
6067,2026-03-24,Dinner,17,17:34,1,Dine-in,,84.5
6068,2026-03-24,Lunch,12,12:20,1,Dine-in,,35.5
6069,2026-03-24,Lunch,12,12:41,2,Dine-in,,57.5
6070,2026-03-24,Lunch,13,13:47,3,Dine-in,,148.5
6071,2026-03-24,Lunch,14,14:18,2,Dine-in,,21.0
6072,2026-03-24,Lunch,13,13:46,4,Takeaway,,111.5
6073,2026-03-24,Lunch,14,14:00,2,Dine-in,,43.0
6074,2026-03-24,Lunch,13,13:55,2,Dine-in,,133.5
6075,2026-03-24,Lunch,13,13:47,2,Dine-in,,83.5
6076,2026-03-25,Dinner,18,18:41,1,Dine-in,,140.5
6077,2026-03-25,Dinner,20,20:26,3,Dine-in,,127.0
6078,2026-03-25,Dinner,19,19:20,2,Dine-in,,143.0
6079,2026-03-25,Dinner,18,18:51,2,Dine-in,,97.5
6080,2026-03-25,Dinner,17,17:41,2,Dine-in,,57.0
6081,2026-03-25,Dinner,21,21:09,2,Dine-in,,30.5
6082,2026-03-25,Dinner,18,18:36,1,Dine-in,,37.0
6083,2026-03-25,Dinner,20,20:04,1,Dine-in,,20.5
6084,2026-03-25,Dinner,21,21:05,2,Dine-in,,119.0
6085,2026-03-25,Dinner,21,21:30,4,Dine-in,,87.5
6086,2026-03-25,Dinner,19,19:22,1,Dine-in,,49.0
6087,2026-03-25,Dinner,18,18:57,4,Dine-in,,140.0
6088,2026-03-25,Dinner,18,18:14,2,Dine-in,,163.5
6089,2026-03-25,Dinner,18,18:58,2,Dine-in,,69.5
6090,2026-03-25,Dinner,18,18:33,4,Dine-in,,130.5
6091,2026-03-25,Dinner,20,20:49,4,Dine-in,,157.5
6092,2026-03-25,Dinner,17,17:56,3,Dine-in,,201.0
6093,2026-03-25,Dinner,19,19:48,2,Takeaway,,44.5
6094,2026-03-25,Lunch,12,12:49,3,Dine-in,,149.0
6095,2026-03-25,Lunch,14,14:15,2,Takeaway,,179.0
6096,2026-03-25,Lunch,13,13:19,4,Takeaway,,132.5
6097,2026-03-25,Lunch,13,13:52,4,Dine-in,,207.5
6098,2026-03-25,Lunch,14,14:12,4,Takeaway,,166.0
6099,2026-03-25,Lunch,14,14:31,1,Takeaway,,120.0
6100,2026-03-25,Lunch,13,13:05,2,Dine-in,,59.0
6101,2026-03-25,Lunch,12,12:34,2,Dine-in,,125.5
6102,2026-03-26,Dinner,18,18:06,2,Dine-in,,41.5
6103,2026-03-26,Dinner,19,19:26,6,Dine-in,,334.0
6104,2026-03-26,Dinner,19,19:55,2,Dine-in,,121.0
6105,2026-03-26,Dinner,21,21:16,3,Dine-in,,54.0
6106,2026-03-26,Dinner,19,19:01,3,Takeaway,,72.5
6107,2026-03-26,Dinner,19,19:11,1,Dine-in,,47.0
6108,2026-03-26,Dinner,19,19:15,2,Dine-in,,73.0
6109,2026-03-26,Dinner,20,20:02,3,Dine-in,,117.0
6110,2026-03-26,Dinner,17,17:42,2,Dine-in,,70.0
6111,2026-03-26,Dinner,18,18:13,3,Dine-in,,139.5
6112,2026-03-26,Dinner,21,21:07,2,Dine-in,,3.5
6113,2026-03-26,Dinner,17,17:58,2,Takeaway,,48.0
6114,2026-03-26,Dinner,18,18:34,2,Dine-in,,30.0
6115,2026-03-26,Dinner,20,20:29,4,Dine-in,,139.0
6116,2026-03-26,Dinner,18,18:48,5,Dine-in,,208.5
6117,2026-03-26,Dinner,18,18:06,2,Takeaway,,52.0
6118,2026-03-26,Dinner,21,21:24,2,Dine-in,,31.0
6119,2026-03-26,Dinner,18,18:14,6,Dine-in,,345.5
6120,2026-03-26,Dinner,21,21:37,2,Dine-in,,107.0
6121,2026-03-26,Lunch,13,13:36,4,Dine-in,,254.0
6122,2026-03-26,Lunch,12,12:46,2,Dine-in,,29.5
6123,2026-03-26,Lunch,12,12:58,2,Dine-in,,112.5
6124,2026-03-26,Lunch,12,12:28,5,Dine-in,,220.0
6125,2026-03-26,Lunch,13,13:30,6,Dine-in,,220.5
6126,2026-03-27,Dinner,19,19:53,2,Dine-in,,166.5
6127,2026-03-27,Dinner,18,18:49,1,Dine-in,,43.0
6128,2026-03-27,Dinner,21,21:22,2,Dine-in,,118.5
6129,2026-03-27,Dinner,19,19:52,5,Dine-in,,218.0
6130,2026-03-27,Dinner,20,20:29,4,Dine-in,,138.5
6131,2026-03-27,Dinner,18,18:08,4,Dine-in,,175.5
6132,2026-03-27,Dinner,19,19:39,1,Takeaway,,52.5
6133,2026-03-27,Dinner,18,18:55,4,Takeaway,,156.5
6134,2026-03-27,Dinner,19,19:51,1,Dine-in,,31.5
6135,2026-03-27,Dinner,18,18:57,5,Dine-in,,249.5
6136,2026-03-27,Dinner,17,17:32,4,Dine-in,,203.5
6137,2026-03-27,Dinner,21,21:06,5,Dine-in,,309.0
6138,2026-03-27,Dinner,20,20:46,1,Dine-in,,17.0
6139,2026-03-27,Dinner,18,18:03,2,Dine-in,,163.0
6140,2026-03-27,Dinner,20,20:41,4,Dine-in,,196.0
6141,2026-03-27,Dinner,20,20:08,5,Dine-in,,193.0
6142,2026-03-27,Dinner,19,19:09,5,Dine-in,,301.0
6143,2026-03-27,Dinner,20,20:42,2,Dine-in,,100.0
6144,2026-03-27,Dinner,19,19:49,3,Dine-in,,132.5
6145,2026-03-27,Dinner,19,19:55,2,Dine-in,,67.0
6146,2026-03-27,Dinner,21,21:19,2,Dine-in,,71.5
6147,2026-03-27,Dinner,19,19:13,2,Dine-in,,110.0
6148,2026-03-27,Dinner,20,20:57,4,Dine-in,,235.5
6149,2026-03-27,Dinner,20,20:35,2,Dine-in,,66.5
6150,2026-03-27,Late,23,23:00,2,Dine-in,,75.5
6151,2026-03-27,Late,23,23:08,2,Dine-in,,108.0
6152,2026-03-27,Late,22,22:51,4,Dine-in,,200.0
6153,2026-03-27,Late,22,22:41,1,Dine-in,,32.0
6154,2026-03-27,Lunch,12,12:18,4,Dine-in,,188.5
6155,2026-03-27,Lunch,12,12:47,2,Dine-in,,67.0
6156,2026-03-27,Lunch,12,12:57,2,Dine-in,,65.0
6157,2026-03-27,Lunch,12,12:08,4,Dine-in,,162.5
6158,2026-03-27,Lunch,13,13:05,2,Dine-in,,74.5
6159,2026-03-27,Lunch,13,13:58,3,Dine-in,,49.5
6160,2026-03-27,Lunch,13,13:42,5,Dine-in,,407.5
6161,2026-03-27,Lunch,12,12:49,2,Dine-in,,99.0
6162,2026-03-27,Lunch,13,13:18,3,Dine-in,,76.5
6163,2026-03-27,Lunch,13,13:26,2,Dine-in,,81.0
6164,2026-03-28,Dinner,21,21:22,6,Dine-in,,296.0
6165,2026-03-28,Dinner,20,20:36,1,Dine-in,,0.0
6166,2026-03-28,Dinner,17,17:50,5,Dine-in,,247.0
6167,2026-03-28,Dinner,20,20:56,5,Dine-in,,240.0
6168,2026-03-28,Dinner,17,17:42,2,Dine-in,,75.5
6169,2026-03-28,Dinner,21,21:17,4,Dine-in,,247.5
6170,2026-03-28,Dinner,20,20:59,4,Dine-in,,169.5
6171,2026-03-28,Dinner,20,20:09,2,Dine-in,,42.5
6172,2026-03-28,Dinner,21,21:20,2,Dine-in,,59.5
6173,2026-03-28,Dinner,19,19:23,5,Dine-in,,189.5
6174,2026-03-28,Dinner,19,19:24,1,Dine-in,,29.5
6175,2026-03-28,Dinner,19,19:14,2,Dine-in,,123.0
6176,2026-03-28,Dinner,19,19:53,1,Dine-in,,52.5
6177,2026-03-28,Dinner,20,20:05,5,Dine-in,,82.5
6178,2026-03-28,Dinner,19,19:25,1,Dine-in,,73.5
6179,2026-03-28,Dinner,18,18:14,3,Dine-in,,119.5
6180,2026-03-28,Dinner,18,18:35,3,Dine-in,,48.5
6181,2026-03-28,Dinner,19,19:46,5,Dine-in,,236.5
6182,2026-03-28,Dinner,19,19:55,2,Dine-in,,90.5
6183,2026-03-28,Dinner,17,17:46,2,Dine-in,,133.0
6184,2026-03-28,Dinner,21,21:37,1,Dine-in,,114.5
6185,2026-03-28,Dinner,18,18:21,3,Dine-in,,220.5
6186,2026-03-28,Dinner,20,20:16,3,Dine-in,,103.5
6187,2026-03-28,Dinner,17,17:32,2,Dine-in,,110.5
6188,2026-03-28,Dinner,18,18:10,1,Dine-in,,80.0
6189,2026-03-28,Dinner,18,18:22,2,Dine-in,,121.5
6190,2026-03-28,Dinner,19,19:09,2,Takeaway,,77.5
6191,2026-03-28,Late,22,22:38,2,Dine-in,,65.5
6192,2026-03-28,Late,22,22:36,2,Dine-in,,18.0
6193,2026-03-28,Late,23,23:03,1,Dine-in,,35.5
6194,2026-03-28,Late,22,22:25,6,Dine-in,,321.0
6195,2026-03-28,Lunch,14,14:12,5,Dine-in,,376.0
6196,2026-03-28,Lunch,14,14:18,4,Takeaway,,143.5
6197,2026-03-28,Lunch,12,12:58,2,Dine-in,,66.0
6198,2026-03-28,Lunch,12,12:43,4,Dine-in,,230.0
6199,2026-03-28,Lunch,13,13:28,4,Dine-in,,139.0
6200,2026-03-28,Lunch,13,13:46,2,Dine-in,,186.0
6201,2026-03-28,Lunch,13,13:47,4,Dine-in,,106.5
6202,2026-03-28,Lunch,12,12:01,5,Dine-in,,245.5
6203,2026-03-28,Lunch,12,12:31,3,Dine-in,,133.0
6204,2026-03-29,Dinner,18,18:27,2,Dine-in,,92.0
6205,2026-03-29,Dinner,19,19:45,4,Dine-in,,80.0
6206,2026-03-29,Dinner,20,20:50,2,Dine-in,,137.5
6207,2026-03-29,Dinner,20,20:55,2,Dine-in,,57.0
6208,2026-03-29,Dinner,19,19:51,4,Dine-in,,99.5
6209,2026-03-29,Dinner,19,19:58,2,Dine-in,,89.5
6210,2026-03-29,Dinner,21,21:31,5,Dine-in,,221.0
6211,2026-03-29,Dinner,21,21:15,2,Dine-in,,78.5
6212,2026-03-29,Dinner,18,18:41,2,Dine-in,,30.5
6213,2026-03-29,Dinner,20,20:06,4,Dine-in,,103.5
6214,2026-03-29,Dinner,17,17:38,2,Dine-in,,76.5
6215,2026-03-29,Dinner,19,19:35,4,Dine-in,,139.5
6216,2026-03-29,Dinner,19,19:01,1,Dine-in,,8.0
6217,2026-03-29,Dinner,19,19:31,2,Dine-in,,84.0
6218,2026-03-29,Dinner,17,17:39,1,Dine-in,,109.0
6219,2026-03-29,Dinner,21,21:44,2,Dine-in,,198.0
6220,2026-03-29,Dinner,19,19:05,3,Dine-in,,79.5
6221,2026-03-29,Dinner,21,21:01,2,Dine-in,,102.5
6222,2026-03-29,Dinner,18,18:38,2,Dine-in,,43.5
6223,2026-03-29,Dinner,20,20:37,5,Dine-in,,212.0
6224,2026-03-29,Dinner,18,18:17,2,Dine-in,,150.5
6225,2026-03-29,Dinner,19,19:05,5,Dine-in,,229.5
6226,2026-03-29,Lunch,12,12:53,3,Dine-in,,193.0
6227,2026-03-29,Lunch,14,14:22,3,Takeaway,,125.0
6228,2026-03-29,Lunch,14,14:40,2,Dine-in,,43.5
6229,2026-03-29,Lunch,14,14:33,2,Dine-in,,77.5
6230,2026-03-29,Lunch,12,12:38,3,Takeaway,,143.0
6231,2026-03-29,Lunch,13,13:32,2,Dine-in,,23.0
6232,2026-03-29,Lunch,13,13:20,2,Dine-in,,187.5
6233,2026-03-29,Lunch,12,12:15,2,Dine-in,,60.0
6234,2026-03-29,Lunch,12,12:46,2,Dine-in,,54.0
6235,2026-03-29,Lunch,13,13:09,2,Dine-in,,63.5
6236,2026-03-29,Lunch,14,14:39,2,Dine-in,,90.5
6237,2026-03-29,Lunch,12,12:24,5,Dine-in,,190.0
6238,2026-03-29,Lunch,12,12:50,2,Dine-in,,103.0
6239,2026-03-29,Lunch,13,13:16,1,Dine-in,,33.5
6240,2026-03-31,Dinner,17,17:30,4,Dine-in,,155.0
6241,2026-03-31,Dinner,20,20:44,3,Dine-in,,75.5
6242,2026-03-31,Dinner,21,21:16,2,Dine-in,,99.0
6243,2026-03-31,Dinner,20,20:28,2,Dine-in,,127.5
6244,2026-03-31,Dinner,17,17:58,2,Takeaway,,106.5
6245,2026-03-31,Dinner,19,19:57,3,Dine-in,,89.0
6246,2026-03-31,Dinner,20,20:57,1,Takeaway,,97.5
6247,2026-03-31,Dinner,18,18:37,2,Dine-in,,73.5
6248,2026-03-31,Dinner,17,17:51,3,Dine-in,,96.0
6249,2026-03-31,Dinner,21,21:14,1,Dine-in,,11.0
6250,2026-03-31,Dinner,17,17:38,6,Dine-in,,321.0
6251,2026-03-31,Dinner,20,20:36,3,Dine-in,,80.0
6252,2026-03-31,Dinner,20,20:45,3,Dine-in,,124.5
6253,2026-03-31,Dinner,18,18:53,2,Dine-in,,53.0
6254,2026-03-31,Dinner,21,21:41,4,Dine-in,,145.0
6255,2026-03-31,Dinner,19,19:51,2,Dine-in,,92.0
6256,2026-03-31,Lunch,14,14:05,2,Takeaway,,141.0
6257,2026-03-31,Lunch,12,12:55,3,Dine-in,,154.0
6258,2026-03-31,Lunch,12,12:28,2,Dine-in,,47.0
6259,2026-03-31,Lunch,12,12:30,2,Takeaway,,68.0
6260,2026-03-31,Lunch,13,13:29,5,Dine-in,,168.5
6261,2026-03-31,Lunch,14,14:41,3,Dine-in,,134.5
6262,2026-03-31,Lunch,13,13:59,1,Dine-in,,11.0
6263,2026-04-01,Dinner,20,20:45,2,Dine-in,,134.0
6264,2026-04-01,Dinner,20,20:44,4,Dine-in,,182.5
6265,2026-04-01,Dinner,19,19:51,5,Dine-in,,251.5
6266,2026-04-01,Dinner,18,18:58,2,Dine-in,,60.5
6267,2026-04-01,Dinner,18,18:13,5,Dine-in,,204.5
6268,2026-04-01,Dinner,20,20:13,2,Takeaway,,48.5
6269,2026-04-01,Dinner,17,17:35,4,Dine-in,,190.0
6270,2026-04-01,Dinner,18,18:11,4,Takeaway,,288.5
6271,2026-04-01,Dinner,21,21:31,2,Dine-in,,131.0
6272,2026-04-01,Dinner,19,19:09,4,Dine-in,,107.5
6273,2026-04-01,Dinner,17,17:39,3,Dine-in,,102.0
6274,2026-04-01,Dinner,19,19:57,2,Dine-in,,101.5
6275,2026-04-01,Dinner,18,18:00,2,Dine-in,,118.0
6276,2026-04-01,Dinner,21,21:05,4,Takeaway,,160.5
6277,2026-04-01,Dinner,20,20:26,2,Dine-in,,76.5
6278,2026-04-01,Lunch,13,13:31,2,Takeaway,,115.5
6279,2026-04-01,Lunch,13,13:54,4,Takeaway,,262.0
6280,2026-04-01,Lunch,13,13:25,4,Dine-in,,127.5
6281,2026-04-01,Lunch,14,14:23,3,Dine-in,,162.5
6282,2026-04-01,Lunch,13,13:21,2,Dine-in,,103.0
6283,2026-04-01,Lunch,14,14:35,4,Dine-in,,190.0
6284,2026-04-02,Dinner,19,19:45,4,Dine-in,,286.0
6285,2026-04-02,Dinner,19,19:02,6,Dine-in,,180.0
6286,2026-04-02,Dinner,20,20:59,1,Dine-in,,58.5
6287,2026-04-02,Dinner,20,20:51,1,Dine-in,,0.0
6288,2026-04-02,Dinner,17,17:36,5,Dine-in,,264.0
6289,2026-04-02,Dinner,19,19:28,1,Dine-in,,19.5
6290,2026-04-02,Dinner,19,19:13,2,Dine-in,,116.5
6291,2026-04-02,Dinner,19,19:02,3,Dine-in,,135.0
6292,2026-04-02,Dinner,21,21:35,4,Dine-in,,139.0
6293,2026-04-02,Dinner,18,18:10,4,Takeaway,,125.5
6294,2026-04-02,Dinner,21,21:44,4,Dine-in,,179.5
6295,2026-04-02,Dinner,18,18:22,2,Dine-in,,170.5
6296,2026-04-02,Dinner,20,20:20,1,Dine-in,,47.5
6297,2026-04-02,Dinner,17,17:58,5,Dine-in,,213.5
6298,2026-04-02,Dinner,18,18:44,1,Dine-in,,49.5
6299,2026-04-02,Dinner,19,19:49,5,Dine-in,,202.5
6300,2026-04-02,Dinner,18,18:19,4,Dine-in,,134.5
6301,2026-04-02,Lunch,14,14:16,2,Dine-in,,145.0
6302,2026-04-02,Lunch,14,14:27,3,Dine-in,,43.5
6303,2026-04-02,Lunch,14,14:38,2,Dine-in,,86.5
6304,2026-04-02,Lunch,14,14:41,2,Dine-in,,51.5
6305,2026-04-02,Lunch,14,14:30,2,Takeaway,,73.5
6306,2026-04-02,Lunch,12,12:35,4,Dine-in,,86.5
6307,2026-04-02,Lunch,12,12:00,2,Dine-in,,145.0
6308,2026-04-02,Lunch,13,13:54,1,Dine-in,,35.5
6309,2026-04-02,Lunch,14,14:24,2,Dine-in,,90.0
6310,2026-04-02,Lunch,12,12:44,2,Dine-in,,14.0
6311,2026-04-02,Lunch,13,13:34,2,Dine-in,,72.5
6312,2026-04-03,Dinner,20,20:58,2,Dine-in,,103.0
6313,2026-04-03,Dinner,19,19:01,4,Dine-in,,145.5
6314,2026-04-03,Dinner,20,20:39,3,Dine-in,,71.0
6315,2026-04-03,Dinner,19,19:19,4,Dine-in,,92.5
6316,2026-04-03,Dinner,18,18:40,1,Dine-in,,29.5
6317,2026-04-03,Dinner,20,20:08,4,Dine-in,,194.0
6318,2026-04-03,Dinner,17,17:49,2,Dine-in,,84.5
6319,2026-04-03,Dinner,18,18:29,2,Takeaway,,169.5
6320,2026-04-03,Dinner,20,20:58,5,Takeaway,,218.0
6321,2026-04-03,Dinner,19,19:00,5,Takeaway,,141.5
6322,2026-04-03,Dinner,21,21:43,1,Takeaway,,13.5
6323,2026-04-03,Dinner,21,21:14,6,Dine-in,,243.0
6324,2026-04-03,Dinner,21,21:29,2,Dine-in,,127.0
6325,2026-04-03,Dinner,18,18:05,2,Dine-in,,77.0
6326,2026-04-03,Dinner,20,20:11,1,Dine-in,,10.5
6327,2026-04-03,Dinner,19,19:15,4,Dine-in,,189.5
6328,2026-04-03,Dinner,19,19:59,5,Takeaway,,240.0
6329,2026-04-03,Dinner,18,18:54,2,Dine-in,,72.5
6330,2026-04-03,Dinner,21,21:08,2,Dine-in,,44.0
6331,2026-04-03,Late,22,22:52,2,Dine-in,,157.5
6332,2026-04-03,Late,22,22:50,5,Dine-in,,304.5
6333,2026-04-03,Lunch,12,12:53,2,Dine-in,,33.0
6334,2026-04-03,Lunch,13,13:16,5,Dine-in,,116.0
6335,2026-04-03,Lunch,12,12:41,2,Dine-in,,125.0
6336,2026-04-03,Lunch,14,14:35,3,Dine-in,,143.0
6337,2026-04-03,Lunch,13,13:49,2,Dine-in,,92.0
6338,2026-04-03,Lunch,12,12:05,3,Dine-in,,86.5
6339,2026-04-03,Lunch,12,12:22,2,Dine-in,,83.0
6340,2026-04-03,Lunch,12,12:04,2,Takeaway,,66.5
6341,2026-04-03,Lunch,14,14:42,3,Dine-in,,136.0
6342,2026-04-03,Lunch,12,12:11,1,Dine-in,,81.5
6343,2026-04-03,Lunch,12,12:43,2,Dine-in,,192.0
6344,2026-04-03,Lunch,12,12:07,2,Dine-in,,117.5
6345,2026-04-04,Dinner,18,18:21,4,Dine-in,,253.0
6346,2026-04-04,Dinner,20,20:56,2,Takeaway,,105.5
6347,2026-04-04,Dinner,20,20:00,1,Dine-in,,7.5
6348,2026-04-04,Dinner,18,18:00,2,Dine-in,,30.5
6349,2026-04-04,Dinner,18,18:37,4,Dine-in,,115.0
6350,2026-04-04,Dinner,18,18:32,3,Dine-in,,147.0
6351,2026-04-04,Dinner,18,18:07,6,Dine-in,,244.5
6352,2026-04-04,Dinner,17,17:52,5,Dine-in,,301.0
6353,2026-04-04,Dinner,21,21:17,2,Dine-in,,63.0
6354,2026-04-04,Dinner,20,20:23,2,Dine-in,,34.5
6355,2026-04-04,Dinner,18,18:34,2,Dine-in,,133.0
6356,2026-04-04,Dinner,19,19:02,2,Dine-in,,74.5
6357,2026-04-04,Dinner,21,21:22,2,Dine-in,,75.5
6358,2026-04-04,Dinner,19,19:07,3,Takeaway,,72.0
6359,2026-04-04,Dinner,17,17:55,4,Takeaway,,76.5
6360,2026-04-04,Dinner,18,18:39,1,Dine-in,,52.5
6361,2026-04-04,Dinner,18,18:08,5,Dine-in,,173.5
6362,2026-04-04,Dinner,20,20:14,1,Dine-in,,45.5
6363,2026-04-04,Dinner,20,20:15,5,Dine-in,,257.0
6364,2026-04-04,Dinner,19,19:36,1,Dine-in,,21.5
6365,2026-04-04,Dinner,21,21:30,4,Takeaway,,177.0
6366,2026-04-04,Dinner,19,19:55,1,Dine-in,,22.0
6367,2026-04-04,Dinner,19,19:48,1,Takeaway,,34.0
6368,2026-04-04,Dinner,19,19:50,4,Dine-in,,135.0
6369,2026-04-04,Dinner,20,20:39,2,Dine-in,,110.0
6370,2026-04-04,Dinner,18,18:02,2,Dine-in,,175.0
6371,2026-04-04,Dinner,18,18:47,2,Dine-in,,67.5
6372,2026-04-04,Late,22,22:56,2,Dine-in,,86.0
6373,2026-04-04,Late,22,22:11,1,Dine-in,,67.0
6374,2026-04-04,Late,22,22:13,5,Dine-in,,228.5
6375,2026-04-04,Late,22,22:54,2,Dine-in,,107.0
6376,2026-04-04,Lunch,13,13:14,6,Dine-in,,367.5
6377,2026-04-04,Lunch,13,13:31,5,Dine-in,,325.5
6378,2026-04-04,Lunch,13,13:41,2,Dine-in,,80.5
6379,2026-04-04,Lunch,12,12:50,4,Dine-in,,231.0
6380,2026-04-04,Lunch,12,12:01,2,Dine-in,,110.0
6381,2026-04-04,Lunch,14,14:23,4,Dine-in,,207.5
6382,2026-04-04,Lunch,12,12:52,2,Dine-in,,63.5
6383,2026-04-04,Lunch,14,14:01,6,Takeaway,,209.0
6384,2026-04-05,Dinner,20,20:05,5,Dine-in,Easter Sunday,184.25
6385,2026-04-05,Dinner,20,20:07,2,Dine-in,Easter Sunday,115.5
6386,2026-04-05,Dinner,19,19:18,3,Dine-in,Easter Sunday,78.1
6387,2026-04-05,Dinner,19,19:31,5,Dine-in,Easter Sunday,267.3
6388,2026-04-05,Dinner,19,19:27,2,Dine-in,Easter Sunday,33.55
6389,2026-04-05,Dinner,20,20:33,2,Takeaway,Easter Sunday,138.05
6390,2026-04-05,Dinner,21,21:27,5,Dine-in,Easter Sunday,311.85
6391,2026-04-05,Dinner,21,21:11,2,Dine-in,Easter Sunday,86.35
6392,2026-04-05,Dinner,20,20:44,6,Dine-in,Easter Sunday,276.65
6393,2026-04-05,Dinner,18,18:02,4,Dine-in,Easter Sunday,349.8
6394,2026-04-05,Dinner,19,19:20,2,Dine-in,Easter Sunday,77.0
6395,2026-04-05,Dinner,18,18:09,2,Dine-in,Easter Sunday,75.9
6396,2026-04-05,Dinner,21,21:33,6,Dine-in,Easter Sunday,382.25
6397,2026-04-05,Dinner,18,18:49,4,Dine-in,Easter Sunday,101.2
6398,2026-04-05,Dinner,17,17:44,2,Dine-in,Easter Sunday,178.2
6399,2026-04-05,Dinner,19,19:20,5,Dine-in,Easter Sunday,114.4
6400,2026-04-05,Dinner,18,18:15,6,Takeaway,Easter Sunday,226.05
6401,2026-04-05,Dinner,19,19:22,2,Dine-in,Easter Sunday,100.65
6402,2026-04-05,Dinner,19,19:37,2,Dine-in,Easter Sunday,205.7
6403,2026-04-05,Dinner,19,19:03,6,Dine-in,Easter Sunday,205.7
6404,2026-04-05,Dinner,19,19:06,5,Dine-in,Easter Sunday,268.4
6405,2026-04-05,Dinner,20,20:45,4,Dine-in,Easter Sunday,95.7
6406,2026-04-05,Dinner,20,20:04,2,Dine-in,Easter Sunday,85.8
6407,2026-04-05,Dinner,20,20:48,2,Dine-in,Easter Sunday,103.4
6408,2026-04-05,Dinner,18,18:20,2,Dine-in,Easter Sunday,79.75
6409,2026-04-05,Dinner,21,21:11,2,Dine-in,Easter Sunday,55.0
6410,2026-04-05,Lunch,12,12:24,4,Dine-in,Easter Sunday,140.25
6411,2026-04-05,Lunch,12,12:39,4,Dine-in,Easter Sunday,132.0
6412,2026-04-05,Lunch,13,13:12,2,Dine-in,Easter Sunday,30.25
6413,2026-04-05,Lunch,14,14:14,1,Takeaway,Easter Sunday,74.25
6414,2026-04-05,Lunch,14,14:15,4,Dine-in,Easter Sunday,158.4
6415,2026-04-05,Lunch,12,12:53,3,Dine-in,Easter Sunday,182.05
6416,2026-04-05,Lunch,13,13:58,2,Dine-in,Easter Sunday,160.6
6417,2026-04-05,Lunch,14,14:30,4,Dine-in,Easter Sunday,185.35
6418,2026-04-05,Lunch,13,13:57,1,Dine-in,Easter Sunday,17.6
6419,2026-04-05,Lunch,14,14:10,2,Dine-in,Easter Sunday,79.2
6420,2026-04-05,Lunch,14,14:31,2,Dine-in,Easter Sunday,119.35
6421,2026-04-05,Lunch,14,14:14,5,Dine-in,Easter Sunday,196.9
6422,2026-04-05,Lunch,13,13:45,2,Dine-in,Easter Sunday,105.6
6423,2026-04-05,Lunch,12,12:00,2,Dine-in,Easter Sunday,196.35
6424,2026-04-05,Lunch,13,13:52,3,Dine-in,Easter Sunday,98.45
6425,2026-04-05,Lunch,12,12:37,1,Dine-in,Easter Sunday,113.3
6426,2026-04-05,Lunch,13,13:56,3,Dine-in,Easter Sunday,108.35
6427,2026-04-07,Dinner,18,18:51,2,Dine-in,,81.5
6428,2026-04-07,Dinner,17,17:53,3,Dine-in,,203.0
6429,2026-04-07,Dinner,18,18:41,2,Dine-in,,41.0
6430,2026-04-07,Dinner,19,19:55,1,Takeaway,,28.5
6431,2026-04-07,Dinner,20,20:40,4,Dine-in,,136.5
6432,2026-04-07,Dinner,18,18:35,2,Dine-in,,31.5
6433,2026-04-07,Dinner,18,18:55,2,Dine-in,,140.5
6434,2026-04-07,Dinner,18,18:44,2,Dine-in,,68.5
6435,2026-04-07,Dinner,18,18:23,4,Dine-in,,166.5
6436,2026-04-07,Dinner,19,19:35,3,Dine-in,,57.0
6437,2026-04-07,Dinner,21,21:42,2,Dine-in,,39.0
6438,2026-04-07,Dinner,20,20:15,2,Dine-in,,115.0
6439,2026-04-07,Dinner,21,21:13,2,Takeaway,,62.5
6440,2026-04-07,Dinner,19,19:23,2,Dine-in,,48.0
6441,2026-04-07,Dinner,20,20:04,6,Dine-in,,258.5
6442,2026-04-07,Dinner,17,17:59,3,Dine-in,,83.0
6443,2026-04-07,Lunch,14,14:07,1,Dine-in,,39.5
6444,2026-04-07,Lunch,12,12:56,4,Takeaway,,85.5
6445,2026-04-07,Lunch,12,12:02,2,Dine-in,,15.5
6446,2026-04-07,Lunch,14,14:28,2,Dine-in,,120.0
6447,2026-04-07,Lunch,12,12:29,4,Dine-in,,157.5
6448,2026-04-07,Lunch,13,13:48,2,Dine-in,,59.5
6449,2026-04-07,Lunch,12,12:35,1,Dine-in,,75.0
6450,2026-04-07,Lunch,13,13:35,1,Dine-in,,90.0
6451,2026-04-08,Dinner,21,21:33,1,Dine-in,,16.0
6452,2026-04-08,Dinner,18,18:27,4,Dine-in,,150.0
6453,2026-04-08,Dinner,19,19:48,1,Dine-in,,45.5
6454,2026-04-08,Dinner,18,18:58,6,Takeaway,,311.0
6455,2026-04-08,Dinner,17,17:55,2,Dine-in,,123.0
6456,2026-04-08,Dinner,19,19:40,2,Takeaway,,39.5
6457,2026-04-08,Dinner,19,19:46,2,Dine-in,,131.0
6458,2026-04-08,Dinner,20,20:26,3,Dine-in,,92.5
6459,2026-04-08,Dinner,18,18:56,2,Dine-in,,88.0
6460,2026-04-08,Dinner,17,17:42,2,Dine-in,,30.5
6461,2026-04-08,Dinner,19,19:27,2,Dine-in,,130.5
6462,2026-04-08,Dinner,19,19:50,2,Dine-in,,76.5
6463,2026-04-08,Dinner,18,18:37,3,Dine-in,,168.0
6464,2026-04-08,Dinner,18,18:35,5,Dine-in,,162.5
6465,2026-04-08,Dinner,18,18:25,2,Dine-in,,168.5
6466,2026-04-08,Dinner,17,17:49,5,Dine-in,,223.0
6467,2026-04-08,Lunch,12,12:13,2,Takeaway,,82.5
6468,2026-04-08,Lunch,12,12:39,4,Dine-in,,216.5
6469,2026-04-08,Lunch,13,13:14,2,Dine-in,,152.5
6470,2026-04-08,Lunch,12,12:18,6,Dine-in,,180.0
6471,2026-04-08,Lunch,12,12:01,1,Dine-in,,16.0
6472,2026-04-08,Lunch,12,12:32,2,Dine-in,,76.5
6473,2026-04-08,Lunch,13,13:37,2,Dine-in,,25.5
6474,2026-04-08,Lunch,13,13:04,1,Dine-in,,62.5
6475,2026-04-09,Dinner,20,20:58,2,Dine-in,,57.0
6476,2026-04-09,Dinner,17,17:44,2,Dine-in,,91.5
6477,2026-04-09,Dinner,19,19:34,4,Dine-in,,92.5
6478,2026-04-09,Dinner,19,19:14,4,Dine-in,,158.0
6479,2026-04-09,Dinner,18,18:42,1,Dine-in,,104.5
6480,2026-04-09,Dinner,21,21:26,3,Dine-in,,177.5
6481,2026-04-09,Dinner,17,17:49,1,Dine-in,,40.5
6482,2026-04-09,Dinner,21,21:10,5,Dine-in,,227.5
6483,2026-04-09,Dinner,21,21:20,1,Takeaway,,39.5
6484,2026-04-09,Dinner,21,21:23,3,Takeaway,,162.0
6485,2026-04-09,Dinner,17,17:52,2,Dine-in,,49.0
6486,2026-04-09,Dinner,19,19:05,4,Dine-in,,155.0
6487,2026-04-09,Dinner,19,19:59,2,Dine-in,,94.5
6488,2026-04-09,Dinner,18,18:37,2,Dine-in,,80.0
6489,2026-04-09,Dinner,17,17:49,1,Dine-in,,21.0
6490,2026-04-09,Dinner,20,20:33,2,Dine-in,,8.5
6491,2026-04-09,Dinner,21,21:13,2,Dine-in,,147.0
6492,2026-04-09,Dinner,19,19:01,4,Dine-in,,178.5
6493,2026-04-09,Dinner,18,18:07,1,Takeaway,,16.5
6494,2026-04-09,Dinner,17,17:53,1,Dine-in,,52.0
6495,2026-04-09,Dinner,20,20:11,2,Dine-in,,97.0
6496,2026-04-09,Dinner,21,21:15,5,Takeaway,,173.0
6497,2026-04-09,Lunch,13,13:05,4,Dine-in,,159.5
6498,2026-04-09,Lunch,13,13:44,2,Dine-in,,110.0
6499,2026-04-09,Lunch,12,12:09,1,Dine-in,,42.5
6500,2026-04-09,Lunch,13,13:13,2,Dine-in,,77.0
6501,2026-04-09,Lunch,12,12:06,5,Dine-in,,148.0
6502,2026-04-09,Lunch,14,14:18,2,Dine-in,,106.5
6503,2026-04-09,Lunch,12,12:10,2,Dine-in,,26.5
6504,2026-04-09,Lunch,14,14:24,2,Dine-in,,108.0
6505,2026-04-09,Lunch,13,13:38,4,Dine-in,,231.5
6506,2026-04-10,Dinner,21,21:24,3,Takeaway,,145.5
6507,2026-04-10,Dinner,18,18:53,2,Takeaway,,58.5
6508,2026-04-10,Dinner,18,18:53,2,Dine-in,,57.0
6509,2026-04-10,Dinner,18,18:27,1,Dine-in,,38.0
6510,2026-04-10,Dinner,20,20:14,1,Dine-in,,32.5
6511,2026-04-10,Dinner,20,20:13,5,Dine-in,,189.5
6512,2026-04-10,Dinner,19,19:38,2,Dine-in,,52.0
6513,2026-04-10,Dinner,19,19:45,2,Dine-in,,17.0
6514,2026-04-10,Dinner,18,18:49,2,Dine-in,,72.5
6515,2026-04-10,Dinner,21,21:32,4,Dine-in,,176.0
6516,2026-04-10,Dinner,18,18:09,2,Dine-in,,57.5
6517,2026-04-10,Dinner,18,18:41,2,Dine-in,,20.5
6518,2026-04-10,Dinner,18,18:24,3,Dine-in,,58.5
6519,2026-04-10,Dinner,17,17:59,2,Dine-in,,177.5
6520,2026-04-10,Dinner,19,19:54,3,Takeaway,,69.5
6521,2026-04-10,Dinner,18,18:32,1,Dine-in,,79.0
6522,2026-04-10,Dinner,21,21:01,6,Takeaway,,340.0
6523,2026-04-10,Dinner,18,18:36,6,Dine-in,,257.0
6524,2026-04-10,Dinner,17,17:40,2,Dine-in,,137.0
6525,2026-04-10,Dinner,18,18:08,2,Dine-in,,11.0
6526,2026-04-10,Dinner,17,17:39,5,Dine-in,,127.0
6527,2026-04-10,Dinner,18,18:35,2,Dine-in,,45.5
6528,2026-04-10,Dinner,21,21:05,5,Dine-in,,243.0
6529,2026-04-10,Dinner,21,21:07,2,Dine-in,,69.5
6530,2026-04-10,Dinner,20,20:14,5,Dine-in,,296.5
6531,2026-04-10,Dinner,21,21:13,3,Dine-in,,84.0
6532,2026-04-10,Late,22,22:38,6,Dine-in,,338.0
6533,2026-04-10,Late,22,22:05,2,Dine-in,,48.5
6534,2026-04-10,Lunch,14,14:37,4,Dine-in,,160.5
6535,2026-04-10,Lunch,12,12:05,1,Dine-in,,32.5
6536,2026-04-10,Lunch,13,13:07,5,Takeaway,,354.0
6537,2026-04-10,Lunch,13,13:31,2,Dine-in,,135.5
6538,2026-04-10,Lunch,13,13:27,3,Dine-in,,114.0
6539,2026-04-10,Lunch,14,14:28,2,Takeaway,,45.5
6540,2026-04-10,Lunch,13,13:13,2,Dine-in,,109.5
6541,2026-04-10,Lunch,14,14:38,2,Dine-in,,10.5
6542,2026-04-10,Lunch,13,13:56,2,Dine-in,,61.5
6543,2026-04-10,Lunch,14,14:00,3,Dine-in,,156.0
6544,2026-04-10,Lunch,12,12:03,2,Dine-in,,175.5
6545,2026-04-10,Lunch,12,12:32,2,Dine-in,,64.0
6546,2026-04-11,Dinner,19,19:30,1,Takeaway,,0.0
6547,2026-04-11,Dinner,20,20:50,3,Dine-in,,148.0
6548,2026-04-11,Dinner,17,17:49,3,Dine-in,,106.5
6549,2026-04-11,Dinner,18,18:16,2,Dine-in,,81.5
6550,2026-04-11,Dinner,20,20:56,2,Dine-in,,134.0
6551,2026-04-11,Dinner,20,20:54,2,Takeaway,,58.5
6552,2026-04-11,Dinner,18,18:26,1,Takeaway,,16.5
6553,2026-04-11,Dinner,20,20:33,2,Dine-in,,26.5
6554,2026-04-11,Dinner,17,17:45,2,Dine-in,,76.5
6555,2026-04-11,Dinner,19,19:31,2,Dine-in,,135.5
6556,2026-04-11,Dinner,20,20:26,4,Takeaway,,152.0
6557,2026-04-11,Dinner,20,20:48,3,Takeaway,,83.0
6558,2026-04-11,Dinner,21,21:42,2,Dine-in,,43.0
6559,2026-04-11,Dinner,21,21:33,5,Dine-in,,146.5
6560,2026-04-11,Dinner,20,20:21,2,Dine-in,,121.0
6561,2026-04-11,Dinner,20,20:20,5,Takeaway,,185.5
6562,2026-04-11,Dinner,20,20:57,2,Dine-in,,49.0
6563,2026-04-11,Dinner,18,18:36,2,Dine-in,,43.0
6564,2026-04-11,Dinner,17,17:58,1,Takeaway,,16.5
6565,2026-04-11,Dinner,20,20:54,2,Dine-in,,61.5
6566,2026-04-11,Dinner,19,19:48,2,Takeaway,,36.0
6567,2026-04-11,Dinner,20,20:48,1,Dine-in,,14.0
6568,2026-04-11,Dinner,17,17:51,3,Dine-in,,60.5
6569,2026-04-11,Dinner,21,21:37,2,Dine-in,,43.0
6570,2026-04-11,Dinner,21,21:23,2,Dine-in,,79.0
6571,2026-04-11,Dinner,18,18:03,4,Dine-in,,126.5
6572,2026-04-11,Dinner,20,20:41,3,Dine-in,,127.5
6573,2026-04-11,Dinner,20,20:50,2,Takeaway,,89.5
6574,2026-04-11,Dinner,20,20:56,2,Takeaway,,35.5
6575,2026-04-11,Dinner,20,20:27,2,Dine-in,,40.0
6576,2026-04-11,Dinner,18,18:53,3,Dine-in,,224.5
6577,2026-04-11,Dinner,20,20:26,3,Takeaway,,173.5
6578,2026-04-11,Dinner,18,18:13,2,Dine-in,,55.0
6579,2026-04-11,Dinner,21,21:36,4,Dine-in,,310.0
6580,2026-04-11,Dinner,19,19:07,5,Takeaway,,83.5
6581,2026-04-11,Dinner,21,21:41,3,Dine-in,,214.0
6582,2026-04-11,Dinner,17,17:34,4,Dine-in,,258.5
6583,2026-04-11,Dinner,19,19:54,1,Dine-in,,3.5
6584,2026-04-11,Dinner,20,20:41,1,Dine-in,,29.5
6585,2026-04-11,Late,22,22:32,4,Dine-in,,131.0
6586,2026-04-11,Late,22,22:22,5,Takeaway,,209.0
6587,2026-04-11,Late,22,22:31,1,Dine-in,,98.5
6588,2026-04-11,Lunch,13,13:16,2,Dine-in,,108.5
6589,2026-04-11,Lunch,13,13:12,4,Dine-in,,158.5
6590,2026-04-11,Lunch,14,14:30,2,Dine-in,,61.5
6591,2026-04-11,Lunch,14,14:20,2,Dine-in,,70.0
6592,2026-04-11,Lunch,13,13:27,2,Dine-in,,72.0
6593,2026-04-11,Lunch,13,13:37,2,Dine-in,,68.0
6594,2026-04-11,Lunch,12,12:58,2,Dine-in,,59.5
6595,2026-04-11,Lunch,12,12:23,4,Dine-in,,108.0
6596,2026-04-11,Lunch,13,13:48,2,Dine-in,,120.5
6597,2026-04-11,Lunch,13,13:27,2,Dine-in,,51.0
6598,2026-04-11,Lunch,13,13:29,2,Dine-in,,96.0
6599,2026-04-11,Lunch,14,14:33,4,Dine-in,,148.5
6600,2026-04-11,Lunch,14,14:11,4,Dine-in,,151.5
6601,2026-04-11,Lunch,12,12:59,1,Takeaway,,67.0
6602,2026-04-12,Dinner,18,18:11,2,Dine-in,,32.0
6603,2026-04-12,Dinner,20,20:24,2,Dine-in,,35.0
6604,2026-04-12,Dinner,19,19:17,4,Dine-in,,190.5
6605,2026-04-12,Dinner,20,20:56,2,Dine-in,,84.0
6606,2026-04-12,Dinner,17,17:39,2,Dine-in,,84.0
6607,2026-04-12,Dinner,20,20:14,4,Dine-in,,148.0
6608,2026-04-12,Dinner,19,19:28,3,Dine-in,,126.5
6609,2026-04-12,Dinner,21,21:13,4,Dine-in,,228.5
6610,2026-04-12,Dinner,20,20:36,4,Takeaway,,162.0
6611,2026-04-12,Dinner,18,18:41,2,Dine-in,,120.5
6612,2026-04-12,Dinner,17,17:55,4,Dine-in,,179.0
6613,2026-04-12,Dinner,17,17:33,2,Dine-in,,87.5
6614,2026-04-12,Dinner,17,17:34,1,Dine-in,,11.0
6615,2026-04-12,Dinner,18,18:44,1,Dine-in,,37.5
6616,2026-04-12,Dinner,20,20:08,3,Dine-in,,101.5
6617,2026-04-12,Dinner,17,17:52,3,Dine-in,,114.5
6618,2026-04-12,Dinner,20,20:42,2,Dine-in,,76.0
6619,2026-04-12,Dinner,18,18:06,1,Dine-in,,22.0
6620,2026-04-12,Dinner,20,20:27,2,Dine-in,,55.5
6621,2026-04-12,Dinner,17,17:32,3,Dine-in,,108.0
6622,2026-04-12,Dinner,20,20:02,1,Dine-in,,45.0
6623,2026-04-12,Dinner,18,18:36,1,Dine-in,,82.0
6624,2026-04-12,Dinner,19,19:17,3,Dine-in,,80.0
6625,2026-04-12,Dinner,18,18:23,2,Dine-in,,57.5
6626,2026-04-12,Dinner,20,20:39,4,Dine-in,,127.0
6627,2026-04-12,Dinner,20,20:35,1,Dine-in,,61.0
6628,2026-04-12,Lunch,14,14:09,6,Dine-in,,249.5
6629,2026-04-12,Lunch,13,13:15,5,Takeaway,,183.5
6630,2026-04-12,Lunch,14,14:20,5,Takeaway,,234.0
6631,2026-04-12,Lunch,14,14:44,2,Dine-in,,89.5
6632,2026-04-12,Lunch,14,14:13,2,Takeaway,,120.0
6633,2026-04-12,Lunch,14,14:02,5,Dine-in,,194.5
6634,2026-04-12,Lunch,12,12:01,5,Takeaway,,177.0
6635,2026-04-12,Lunch,12,12:39,3,Dine-in,,107.0
6636,2026-04-14,Dinner,18,18:30,1,Takeaway,,20.5
6637,2026-04-14,Dinner,19,19:56,2,Dine-in,,76.0
6638,2026-04-14,Dinner,19,19:40,2,Dine-in,,82.0
6639,2026-04-14,Dinner,18,18:54,2,Dine-in,,39.0
6640,2026-04-14,Dinner,19,19:09,4,Dine-in,,96.0
6641,2026-04-14,Dinner,21,21:07,2,Dine-in,,92.0
6642,2026-04-14,Dinner,17,17:35,2,Dine-in,,144.0
6643,2026-04-14,Dinner,21,21:05,5,Dine-in,,229.0
6644,2026-04-14,Dinner,21,21:07,2,Dine-in,,172.0
6645,2026-04-14,Dinner,18,18:01,1,Dine-in,,102.0
6646,2026-04-14,Dinner,21,21:07,2,Dine-in,,84.0
6647,2026-04-14,Dinner,19,19:42,3,Dine-in,,178.0
6648,2026-04-14,Dinner,19,19:46,2,Takeaway,,108.5
6649,2026-04-14,Dinner,21,21:23,1,Dine-in,,37.5
6650,2026-04-14,Dinner,20,20:14,1,Dine-in,,51.0
6651,2026-04-14,Dinner,21,21:34,4,Takeaway,,184.5
6652,2026-04-14,Dinner,17,17:55,2,Dine-in,,240.0
6653,2026-04-14,Dinner,18,18:23,3,Dine-in,,327.5
6654,2026-04-14,Lunch,12,12:40,2,Dine-in,,105.0
6655,2026-04-14,Lunch,12,12:48,4,Dine-in,,150.5
6656,2026-04-14,Lunch,14,14:40,2,Dine-in,,93.5
6657,2026-04-14,Lunch,13,13:29,2,Dine-in,,123.5
6658,2026-04-14,Lunch,12,12:24,2,Dine-in,,86.0
6659,2026-04-14,Lunch,12,12:29,2,Takeaway,,119.0
6660,2026-04-14,Lunch,14,14:34,2,Dine-in,,87.0
6661,2026-04-14,Lunch,12,12:49,4,Dine-in,,107.0
6662,2026-04-15,Dinner,18,18:25,3,Dine-in,,136.5
6663,2026-04-15,Dinner,18,18:07,2,Dine-in,,147.0
6664,2026-04-15,Dinner,20,20:40,4,Dine-in,,183.0
6665,2026-04-15,Dinner,21,21:36,3,Takeaway,,126.0
6666,2026-04-15,Dinner,20,20:46,2,Dine-in,,33.0
6667,2026-04-15,Dinner,20,20:58,2,Dine-in,,78.0
6668,2026-04-15,Dinner,20,20:40,2,Takeaway,,81.5
6669,2026-04-15,Dinner,18,18:34,2,Dine-in,,134.0
6670,2026-04-15,Dinner,21,21:41,3,Takeaway,,191.5
6671,2026-04-15,Dinner,18,18:23,2,Dine-in,,74.0
6672,2026-04-15,Dinner,18,18:19,4,Dine-in,,178.5
6673,2026-04-15,Dinner,18,18:38,5,Dine-in,,224.5
6674,2026-04-15,Dinner,18,18:44,4,Dine-in,,120.5
6675,2026-04-15,Dinner,19,19:49,4,Dine-in,,148.0
6676,2026-04-15,Lunch,13,13:38,1,Dine-in,,29.0
6677,2026-04-15,Lunch,12,12:22,4,Dine-in,,166.0
6678,2026-04-15,Lunch,13,13:12,2,Dine-in,,115.0
6679,2026-04-15,Lunch,13,13:40,1,Dine-in,,0.0
6680,2026-04-15,Lunch,13,13:45,2,Dine-in,,86.0
6681,2026-04-15,Lunch,12,12:54,5,Dine-in,,197.0
6682,2026-04-15,Lunch,12,12:17,2,Takeaway,,117.5
6683,2026-04-15,Lunch,12,12:09,1,Dine-in,,42.0
6684,2026-04-15,Lunch,14,14:30,3,Dine-in,,145.0
6685,2026-04-16,Dinner,18,18:12,3,Dine-in,,186.5
6686,2026-04-16,Dinner,20,20:51,6,Dine-in,,189.0
6687,2026-04-16,Dinner,19,19:00,5,Takeaway,,138.0
6688,2026-04-16,Dinner,18,18:52,6,Dine-in,,228.5
6689,2026-04-16,Dinner,18,18:47,6,Takeaway,,346.0
6690,2026-04-16,Dinner,20,20:35,2,Dine-in,,104.0
6691,2026-04-16,Dinner,21,21:15,2,Dine-in,,113.0
6692,2026-04-16,Dinner,18,18:18,3,Dine-in,,72.0
6693,2026-04-16,Dinner,20,20:27,2,Dine-in,,69.5
6694,2026-04-16,Dinner,18,18:46,2,Dine-in,,43.0
6695,2026-04-16,Dinner,20,20:29,5,Dine-in,,209.5
6696,2026-04-16,Dinner,17,17:49,2,Dine-in,,83.5
6697,2026-04-16,Dinner,19,19:20,2,Dine-in,,69.0
6698,2026-04-16,Dinner,18,18:20,1,Dine-in,,54.0
6699,2026-04-16,Lunch,14,14:08,2,Dine-in,,92.0
6700,2026-04-16,Lunch,14,14:42,2,Dine-in,,57.5
6701,2026-04-16,Lunch,13,13:31,1,Dine-in,,36.5
6702,2026-04-16,Lunch,13,13:28,2,Dine-in,,72.5
6703,2026-04-16,Lunch,14,14:06,4,Dine-in,,180.5
6704,2026-04-16,Lunch,13,13:42,2,Dine-in,,77.5
6705,2026-04-16,Lunch,12,12:18,3,Dine-in,,23.0
6706,2026-04-16,Lunch,12,12:11,4,Dine-in,,139.0
6707,2026-04-16,Lunch,13,13:53,2,Dine-in,,52.5
6708,2026-04-16,Lunch,13,13:33,2,Dine-in,,46.0
6709,2026-04-16,Lunch,13,13:09,1,Dine-in,,19.0
6710,2026-04-17,Dinner,17,17:39,2,Dine-in,,122.5
6711,2026-04-17,Dinner,21,21:09,2,Dine-in,,58.5
6712,2026-04-17,Dinner,18,18:04,4,Dine-in,,204.0
6713,2026-04-17,Dinner,20,20:15,3,Dine-in,,158.5
6714,2026-04-17,Dinner,21,21:02,1,Dine-in,,45.0
6715,2026-04-17,Dinner,19,19:35,4,Dine-in,,141.0
6716,2026-04-17,Dinner,21,21:35,2,Dine-in,,88.0
6717,2026-04-17,Dinner,19,19:58,4,Dine-in,,242.5
6718,2026-04-17,Dinner,19,19:54,2,Dine-in,,52.5
6719,2026-04-17,Dinner,20,20:34,4,Dine-in,,220.5
6720,2026-04-17,Dinner,21,21:35,2,Dine-in,,58.0
6721,2026-04-17,Dinner,18,18:08,3,Dine-in,,96.0
6722,2026-04-17,Dinner,19,19:27,4,Dine-in,,153.5
6723,2026-04-17,Dinner,19,19:36,2,Dine-in,,153.5
6724,2026-04-17,Dinner,19,19:15,2,Takeaway,,68.0
6725,2026-04-17,Dinner,18,18:47,2,Dine-in,,88.5
6726,2026-04-17,Dinner,21,21:39,2,Dine-in,,36.5
6727,2026-04-17,Dinner,20,20:04,4,Dine-in,,193.5
6728,2026-04-17,Dinner,21,21:39,5,Dine-in,,234.5
6729,2026-04-17,Dinner,21,21:27,4,Dine-in,,180.5
6730,2026-04-17,Dinner,20,20:29,6,Dine-in,,286.0
6731,2026-04-17,Dinner,18,18:31,2,Dine-in,,113.0
6732,2026-04-17,Dinner,19,19:08,2,Dine-in,,181.5
6733,2026-04-17,Dinner,19,19:19,5,Dine-in,,304.0
6734,2026-04-17,Dinner,19,19:42,2,Dine-in,,82.5
6735,2026-04-17,Late,22,22:04,5,Dine-in,,200.0
6736,2026-04-17,Late,23,23:14,2,Dine-in,,140.0
6737,2026-04-17,Late,22,22:31,2,Dine-in,,6.5
6738,2026-04-17,Lunch,12,12:08,4,Dine-in,,151.5
6739,2026-04-17,Lunch,14,14:16,2,Dine-in,,38.0
6740,2026-04-17,Lunch,14,14:12,1,Dine-in,,57.0
6741,2026-04-17,Lunch,13,13:03,2,Dine-in,,34.0
6742,2026-04-17,Lunch,14,14:08,1,Dine-in,,19.5
6743,2026-04-17,Lunch,12,12:02,5,Dine-in,,160.0
6744,2026-04-17,Lunch,13,13:04,2,Dine-in,,112.5
6745,2026-04-17,Lunch,12,12:30,4,Dine-in,,208.0
6746,2026-04-17,Lunch,12,12:43,5,Dine-in,,323.5
6747,2026-04-17,Lunch,14,14:17,2,Dine-in,,26.5
6748,2026-04-17,Lunch,12,12:37,2,Dine-in,,65.5
6749,2026-04-17,Lunch,13,13:16,2,Dine-in,,28.5
6750,2026-04-17,Lunch,12,12:01,2,Dine-in,,173.5
6751,2026-04-18,Dinner,21,21:37,1,Dine-in,,27.5
6752,2026-04-18,Dinner,17,17:41,4,Takeaway,,67.5
6753,2026-04-18,Dinner,19,19:10,3,Dine-in,,179.5
6754,2026-04-18,Dinner,20,20:27,2,Dine-in,,88.5
6755,2026-04-18,Dinner,21,21:35,2,Dine-in,,69.0
6756,2026-04-18,Dinner,17,17:49,4,Dine-in,,153.5
6757,2026-04-18,Dinner,18,18:04,2,Dine-in,,97.5
6758,2026-04-18,Dinner,21,21:17,3,Dine-in,,69.5
6759,2026-04-18,Dinner,17,17:30,5,Takeaway,,148.0
6760,2026-04-18,Dinner,20,20:30,2,Dine-in,,41.5
6761,2026-04-18,Dinner,18,18:00,2,Dine-in,,77.0
6762,2026-04-18,Dinner,21,21:40,2,Dine-in,,47.5
6763,2026-04-18,Dinner,17,17:45,5,Takeaway,,204.0
6764,2026-04-18,Dinner,19,19:10,3,Dine-in,,100.0
6765,2026-04-18,Dinner,18,18:58,6,Dine-in,,225.5
6766,2026-04-18,Dinner,18,18:24,2,Dine-in,,66.5
6767,2026-04-18,Dinner,18,18:22,3,Dine-in,,98.0
6768,2026-04-18,Dinner,20,20:28,4,Dine-in,,205.0
6769,2026-04-18,Dinner,18,18:12,2,Dine-in,,50.0
6770,2026-04-18,Dinner,18,18:26,4,Dine-in,,78.0
6771,2026-04-18,Dinner,19,19:27,4,Dine-in,,199.5
6772,2026-04-18,Dinner,18,18:57,4,Dine-in,,296.0
6773,2026-04-18,Dinner,20,20:49,2,Dine-in,,60.5
6774,2026-04-18,Dinner,17,17:53,3,Dine-in,,108.0
6775,2026-04-18,Dinner,20,20:08,3,Dine-in,,147.0
6776,2026-04-18,Dinner,20,20:51,2,Dine-in,,74.0
6777,2026-04-18,Dinner,19,19:18,1,Dine-in,,32.5
6778,2026-04-18,Late,22,22:44,2,Dine-in,,85.0
6779,2026-04-18,Late,22,22:47,2,Takeaway,,153.5
6780,2026-04-18,Late,22,22:29,3,Dine-in,,63.5
6781,2026-04-18,Late,22,22:34,2,Dine-in,,64.5
6782,2026-04-18,Late,22,22:44,1,Takeaway,,54.5
6783,2026-04-18,Lunch,12,12:57,2,Dine-in,,71.0
6784,2026-04-18,Lunch,13,13:00,4,Dine-in,,101.5
6785,2026-04-18,Lunch,13,13:37,4,Takeaway,,169.5
6786,2026-04-18,Lunch,12,12:25,2,Dine-in,,46.5
6787,2026-04-18,Lunch,13,13:50,2,Dine-in,,43.0
6788,2026-04-18,Lunch,12,12:03,2,Dine-in,,120.0
6789,2026-04-18,Lunch,14,14:40,1,Dine-in,,27.0
6790,2026-04-18,Lunch,12,12:38,2,Dine-in,,77.0
6791,2026-04-18,Lunch,13,13:57,2,Takeaway,,50.0
6792,2026-04-18,Lunch,12,12:59,2,Dine-in,,65.0
6793,2026-04-18,Lunch,12,12:47,3,Dine-in,,204.0
6794,2026-04-18,Lunch,12,12:42,2,Takeaway,,109.0
6795,2026-04-18,Lunch,12,12:54,1,Dine-in,,10.5
6796,2026-04-18,Lunch,13,13:59,4,Takeaway,,125.5
6797,2026-04-18,Lunch,13,13:04,1,Dine-in,,58.0
6798,2026-04-19,Dinner,17,17:48,4,Dine-in,,137.0
6799,2026-04-19,Dinner,19,19:30,2,Dine-in,,103.5
6800,2026-04-19,Dinner,21,21:10,2,Takeaway,,31.5
6801,2026-04-19,Dinner,17,17:44,2,Dine-in,,70.0
6802,2026-04-19,Dinner,18,18:40,2,Dine-in,,128.5
6803,2026-04-19,Dinner,21,21:10,2,Dine-in,,188.0
6804,2026-04-19,Dinner,19,19:03,2,Dine-in,,146.5
6805,2026-04-19,Dinner,20,20:14,6,Dine-in,,282.0
6806,2026-04-19,Dinner,20,20:45,2,Dine-in,,162.0
6807,2026-04-19,Dinner,17,17:55,2,Dine-in,,119.0
6808,2026-04-19,Dinner,17,17:46,3,Dine-in,,133.5
6809,2026-04-19,Dinner,17,17:46,4,Dine-in,,213.0
6810,2026-04-19,Dinner,20,20:13,3,Dine-in,,91.5
6811,2026-04-19,Dinner,17,17:57,1,Dine-in,,39.5
6812,2026-04-19,Dinner,20,20:22,1,Dine-in,,8.5
6813,2026-04-19,Dinner,19,19:53,2,Takeaway,,59.5
6814,2026-04-19,Dinner,19,19:47,1,Dine-in,,55.5
6815,2026-04-19,Dinner,18,18:28,2,Dine-in,,78.0
6816,2026-04-19,Dinner,19,19:25,6,Dine-in,,195.5
6817,2026-04-19,Dinner,18,18:54,2,Dine-in,,37.0
6818,2026-04-19,Lunch,13,13:59,2,Dine-in,,56.0
6819,2026-04-19,Lunch,12,12:30,4,Dine-in,,135.0
6820,2026-04-19,Lunch,13,13:25,4,Dine-in,,226.0
6821,2026-04-19,Lunch,13,13:05,3,Dine-in,,37.0
6822,2026-04-19,Lunch,13,13:12,2,Dine-in,,58.0
6823,2026-04-19,Lunch,14,14:07,6,Dine-in,,285.0
6824,2026-04-19,Lunch,13,13:25,5,Dine-in,,178.5
6825,2026-04-19,Lunch,12,12:50,4,Dine-in,,177.5
6826,2026-04-19,Lunch,13,13:32,2,Takeaway,,116.5
6827,2026-04-21,Dinner,17,17:47,4,Dine-in,,236.5
6828,2026-04-21,Dinner,19,19:10,4,Dine-in,,79.0
6829,2026-04-21,Dinner,19,19:17,2,Dine-in,,73.0
6830,2026-04-21,Dinner,20,20:35,5,Dine-in,,213.0
6831,2026-04-21,Dinner,21,21:11,2,Dine-in,,81.5
6832,2026-04-21,Dinner,17,17:45,2,Dine-in,,110.0
6833,2026-04-21,Dinner,19,19:21,3,Takeaway,,117.5
6834,2026-04-21,Dinner,18,18:26,5,Dine-in,,164.5
6835,2026-04-21,Dinner,17,17:57,4,Dine-in,,224.0
6836,2026-04-21,Dinner,20,20:38,2,Dine-in,,78.0
6837,2026-04-21,Lunch,13,13:13,2,Takeaway,,102.0
6838,2026-04-21,Lunch,12,12:47,1,Takeaway,,16.5
6839,2026-04-21,Lunch,12,12:41,3,Dine-in,,74.0
6840,2026-04-21,Lunch,14,14:20,2,Dine-in,,45.5
6841,2026-04-21,Lunch,14,14:16,2,Dine-in,,147.0
6842,2026-04-21,Lunch,14,14:09,2,Dine-in,,119.0
6843,2026-04-21,Lunch,12,12:32,2,Dine-in,,82.5
6844,2026-04-21,Lunch,14,14:04,2,Dine-in,,64.0
6845,2026-04-21,Lunch,13,13:36,1,Dine-in,,14.5
6846,2026-04-21,Lunch,14,14:02,1,Dine-in,,16.0
6847,2026-04-22,Dinner,20,20:56,2,Dine-in,,59.5
6848,2026-04-22,Dinner,17,17:48,3,Takeaway,,156.0
6849,2026-04-22,Dinner,20,20:37,3,Dine-in,,210.5
6850,2026-04-22,Dinner,21,21:36,4,Dine-in,,143.0
6851,2026-04-22,Dinner,20,20:36,2,Dine-in,,96.0
6852,2026-04-22,Dinner,19,19:17,4,Takeaway,,216.0
6853,2026-04-22,Dinner,19,19:23,2,Takeaway,,62.0
6854,2026-04-22,Dinner,19,19:36,2,Dine-in,,152.0
6855,2026-04-22,Dinner,20,20:11,2,Dine-in,,154.0
6856,2026-04-22,Dinner,18,18:23,2,Dine-in,,60.5
6857,2026-04-22,Dinner,19,19:38,1,Takeaway,,43.5
6858,2026-04-22,Dinner,18,18:33,4,Dine-in,,274.5
6859,2026-04-22,Dinner,20,20:38,3,Dine-in,,130.0
6860,2026-04-22,Dinner,20,20:04,3,Takeaway,,126.0
6861,2026-04-22,Dinner,21,21:06,3,Dine-in,,147.0
6862,2026-04-22,Dinner,19,19:10,2,Dine-in,,61.0
6863,2026-04-22,Dinner,18,18:50,1,Takeaway,,16.0
6864,2026-04-22,Dinner,21,21:08,2,Dine-in,,32.5
6865,2026-04-22,Dinner,21,21:42,5,Dine-in,,189.0
6866,2026-04-22,Dinner,18,18:12,2,Dine-in,,73.5
6867,2026-04-22,Lunch,13,13:16,5,Dine-in,,174.0
6868,2026-04-22,Lunch,13,13:46,2,Takeaway,,171.0
6869,2026-04-22,Lunch,12,12:05,1,Dine-in,,68.5
6870,2026-04-22,Lunch,12,12:08,2,Dine-in,,83.5
6871,2026-04-22,Lunch,12,12:45,1,Dine-in,,42.5
6872,2026-04-22,Lunch,14,14:04,2,Dine-in,,19.5
6873,2026-04-22,Lunch,14,14:15,3,Dine-in,,98.0
6874,2026-04-22,Lunch,12,12:39,2,Dine-in,,88.5
6875,2026-04-23,Dinner,18,18:56,3,Dine-in,,134.5
6876,2026-04-23,Dinner,21,21:35,2,Dine-in,,127.5
6877,2026-04-23,Dinner,20,20:20,2,Dine-in,,109.0
6878,2026-04-23,Dinner,20,20:11,2,Dine-in,,34.0
6879,2026-04-23,Dinner,18,18:30,3,Dine-in,,126.5
6880,2026-04-23,Dinner,18,18:01,2,Dine-in,,53.5
6881,2026-04-23,Dinner,20,20:39,2,Dine-in,,134.5
6882,2026-04-23,Dinner,19,19:40,3,Dine-in,,112.0
6883,2026-04-23,Dinner,21,21:21,1,Dine-in,,67.5
6884,2026-04-23,Dinner,19,19:18,5,Dine-in,,273.0
6885,2026-04-23,Dinner,20,20:58,2,Dine-in,,74.0
6886,2026-04-23,Dinner,17,17:53,2,Takeaway,,136.0
6887,2026-04-23,Dinner,18,18:35,5,Dine-in,,290.0
6888,2026-04-23,Dinner,18,18:08,2,Takeaway,,61.0
6889,2026-04-23,Dinner,20,20:56,2,Dine-in,,22.5
6890,2026-04-23,Dinner,18,18:47,3,Dine-in,,122.5
6891,2026-04-23,Dinner,21,21:32,2,Dine-in,,100.5
6892,2026-04-23,Dinner,19,19:07,2,Dine-in,,71.0
6893,2026-04-23,Dinner,20,20:42,2,Dine-in,,37.5
6894,2026-04-23,Lunch,14,14:20,2,Dine-in,,40.0
6895,2026-04-23,Lunch,12,12:37,1,Dine-in,,15.5
6896,2026-04-23,Lunch,13,13:11,2,Dine-in,,108.5
6897,2026-04-23,Lunch,13,13:02,2,Dine-in,,57.5
6898,2026-04-23,Lunch,12,12:09,3,Dine-in,,121.5
6899,2026-04-23,Lunch,14,14:09,2,Dine-in,,204.0
6900,2026-04-23,Lunch,12,12:14,5,Dine-in,,109.0
6901,2026-04-23,Lunch,12,12:31,2,Dine-in,,112.0
6902,2026-04-23,Lunch,14,14:32,1,Dine-in,,17.0
6903,2026-04-23,Lunch,13,13:55,5,Dine-in,,182.5
6904,2026-04-23,Lunch,12,12:40,1,Dine-in,,38.0
6905,2026-04-24,Dinner,17,17:39,3,Dine-in,,62.5
6906,2026-04-24,Dinner,21,21:22,5,Takeaway,,181.0
6907,2026-04-24,Dinner,19,19:22,2,Dine-in,,84.0
6908,2026-04-24,Dinner,20,20:18,2,Dine-in,,132.0
6909,2026-04-24,Dinner,20,20:43,2,Dine-in,,83.0
6910,2026-04-24,Dinner,21,21:36,3,Takeaway,,104.0
6911,2026-04-24,Dinner,18,18:58,2,Dine-in,,99.0
6912,2026-04-24,Dinner,18,18:01,2,Dine-in,,31.0
6913,2026-04-24,Dinner,17,17:48,2,Dine-in,,45.0
6914,2026-04-24,Dinner,21,21:00,2,Dine-in,,47.0
6915,2026-04-24,Dinner,17,17:47,3,Takeaway,,130.5
6916,2026-04-24,Dinner,18,18:44,3,Dine-in,,125.0
6917,2026-04-24,Dinner,20,20:45,3,Dine-in,,79.5
6918,2026-04-24,Dinner,19,19:54,1,Takeaway,,34.5
6919,2026-04-24,Dinner,18,18:27,6,Takeaway,,316.5
6920,2026-04-24,Dinner,20,20:30,6,Dine-in,,276.5
6921,2026-04-24,Dinner,21,21:11,1,Dine-in,,42.0
6922,2026-04-24,Late,23,23:05,2,Dine-in,,57.5
6923,2026-04-24,Late,23,23:04,2,Dine-in,,58.5
6924,2026-04-24,Late,22,22:09,2,Dine-in,,84.0
6925,2026-04-24,Late,22,22:49,1,Dine-in,,21.0
6926,2026-04-24,Late,22,22:32,1,Dine-in,,43.5
6927,2026-04-24,Lunch,12,12:55,2,Dine-in,,46.5
6928,2026-04-24,Lunch,12,12:23,3,Dine-in,,145.0
6929,2026-04-24,Lunch,12,12:57,2,Dine-in,,42.5
6930,2026-04-24,Lunch,14,14:34,6,Dine-in,,210.0
6931,2026-04-24,Lunch,14,14:26,2,Dine-in,,117.0
6932,2026-04-24,Lunch,14,14:08,2,Dine-in,,178.5
6933,2026-04-24,Lunch,12,12:34,1,Dine-in,,18.0
6934,2026-04-24,Lunch,12,12:22,2,Dine-in,,90.5
6935,2026-04-24,Lunch,13,13:52,4,Dine-in,,109.5
6936,2026-04-24,Lunch,13,13:15,2,Takeaway,,52.0
6937,2026-04-24,Lunch,13,13:30,1,Takeaway,,11.0
6938,2026-04-25,Dinner,18,18:36,4,Dine-in,,187.0
6939,2026-04-25,Dinner,19,19:42,1,Dine-in,,45.0
6940,2026-04-25,Dinner,20,20:03,5,Dine-in,,242.5
6941,2026-04-25,Dinner,19,19:01,2,Dine-in,,89.5
6942,2026-04-25,Dinner,17,17:32,4,Dine-in,,212.5
6943,2026-04-25,Dinner,18,18:35,2,Dine-in,,57.5
6944,2026-04-25,Dinner,21,21:15,3,Dine-in,,120.5
6945,2026-04-25,Dinner,18,18:57,2,Dine-in,,137.0
6946,2026-04-25,Dinner,21,21:37,2,Dine-in,,36.5
6947,2026-04-25,Dinner,18,18:40,1,Dine-in,,5.0
6948,2026-04-25,Dinner,18,18:30,2,Dine-in,,55.0
6949,2026-04-25,Dinner,19,19:32,3,Dine-in,,168.0
6950,2026-04-25,Dinner,21,21:26,1,Dine-in,,96.0
6951,2026-04-25,Dinner,17,17:44,2,Dine-in,,69.5
6952,2026-04-25,Dinner,21,21:13,2,Dine-in,,67.0
6953,2026-04-25,Dinner,17,17:47,4,Dine-in,,116.0
6954,2026-04-25,Dinner,17,17:33,5,Dine-in,,132.5
6955,2026-04-25,Dinner,21,21:42,5,Dine-in,,261.0
6956,2026-04-25,Dinner,19,19:42,2,Dine-in,,39.0
6957,2026-04-25,Dinner,19,19:39,2,Takeaway,,54.0
6958,2026-04-25,Dinner,19,19:40,5,Dine-in,,239.0
6959,2026-04-25,Dinner,20,20:37,6,Dine-in,,231.0
6960,2026-04-25,Dinner,19,19:34,1,Dine-in,,19.5
6961,2026-04-25,Dinner,18,18:51,5,Dine-in,,218.0
6962,2026-04-25,Dinner,20,20:28,6,Dine-in,,122.5
6963,2026-04-25,Dinner,17,17:33,2,Dine-in,,116.0
6964,2026-04-25,Dinner,17,17:35,1,Dine-in,,0.0
6965,2026-04-25,Late,22,22:43,2,Dine-in,,114.0
6966,2026-04-25,Late,22,22:54,3,Dine-in,,61.5
6967,2026-04-25,Late,23,23:08,2,Dine-in,,111.0
6968,2026-04-25,Late,23,23:13,2,Dine-in,,209.5
6969,2026-04-25,Lunch,12,12:55,6,Dine-in,,423.0
6970,2026-04-25,Lunch,14,14:02,2,Takeaway,,90.0
6971,2026-04-25,Lunch,14,14:44,2,Dine-in,,124.5
6972,2026-04-25,Lunch,13,13:08,4,Dine-in,,167.5
6973,2026-04-25,Lunch,13,13:51,3,Dine-in,,140.0
6974,2026-04-25,Lunch,12,12:58,3,Dine-in,,88.0
6975,2026-04-25,Lunch,14,14:24,5,Takeaway,,267.5
6976,2026-04-25,Lunch,12,12:32,4,Takeaway,,245.0
6977,2026-04-25,Lunch,14,14:34,3,Takeaway,,137.0
6978,2026-04-25,Lunch,13,13:44,5,Dine-in,,283.5
6979,2026-04-25,Lunch,13,13:05,5,Dine-in,,184.5
6980,2026-04-25,Lunch,13,13:00,2,Dine-in,,53.5
6981,2026-04-26,Dinner,17,17:42,3,Dine-in,,211.0
6982,2026-04-26,Dinner,18,18:03,4,Dine-in,,163.0
6983,2026-04-26,Dinner,21,21:37,4,Dine-in,,205.0
6984,2026-04-26,Dinner,20,20:46,2,Dine-in,,109.0
6985,2026-04-26,Dinner,19,19:48,4,Takeaway,,194.0
6986,2026-04-26,Dinner,21,21:43,2,Dine-in,,73.5
6987,2026-04-26,Dinner,20,20:34,2,Dine-in,,72.5
6988,2026-04-26,Dinner,20,20:27,4,Dine-in,,189.0
6989,2026-04-26,Dinner,20,20:52,2,Dine-in,,99.5
6990,2026-04-26,Dinner,20,20:41,1,Dine-in,,70.5
6991,2026-04-26,Dinner,20,20:50,4,Dine-in,,177.5
6992,2026-04-26,Dinner,21,21:40,2,Dine-in,,85.5
6993,2026-04-26,Dinner,19,19:59,1,Dine-in,,118.0
6994,2026-04-26,Dinner,19,19:01,1,Dine-in,,60.0
6995,2026-04-26,Dinner,19,19:43,6,Dine-in,,316.0
6996,2026-04-26,Dinner,17,17:44,6,Dine-in,,194.0
6997,2026-04-26,Dinner,19,19:30,3,Dine-in,,122.0
6998,2026-04-26,Dinner,21,21:27,2,Dine-in,,69.5
6999,2026-04-26,Lunch,12,12:17,2,Dine-in,,56.0
7000,2026-04-26,Lunch,14,14:22,2,Dine-in,,63.5
7001,2026-04-26,Lunch,14,14:03,4,Takeaway,,266.5
7002,2026-04-26,Lunch,13,13:41,2,Dine-in,,53.0
7003,2026-04-26,Lunch,12,12:01,3,Dine-in,,53.5
7004,2026-04-26,Lunch,13,13:02,5,Dine-in,,154.0
7005,2026-04-26,Lunch,12,12:49,2,Dine-in,,134.5
7006,2026-04-26,Lunch,14,14:19,2,Takeaway,,76.5
7007,2026-04-26,Lunch,14,14:37,4,Dine-in,,235.0
7008,2026-04-26,Lunch,13,13:23,2,Dine-in,,92.5
7009,2026-04-26,Lunch,12,12:52,2,Dine-in,,113.0
7010,2026-04-28,Dinner,21,21:22,1,Dine-in,,0.0
7011,2026-04-28,Dinner,21,21:19,2,Takeaway,,66.0
7012,2026-04-28,Dinner,17,17:43,2,Dine-in,,88.0
7013,2026-04-28,Dinner,17,17:50,2,Dine-in,,78.0
7014,2026-04-28,Dinner,20,20:02,2,Dine-in,,100.0
7015,2026-04-28,Dinner,19,19:30,4,Dine-in,,172.0
7016,2026-04-28,Dinner,20,20:35,2,Dine-in,,91.0
7017,2026-04-28,Dinner,18,18:10,2,Takeaway,,60.0
7018,2026-04-28,Dinner,20,20:51,2,Takeaway,,95.0
7019,2026-04-28,Dinner,18,18:05,3,Dine-in,,132.5
7020,2026-04-28,Dinner,19,19:25,2,Takeaway,,44.0
7021,2026-04-28,Dinner,19,19:14,1,Takeaway,,62.0
7022,2026-04-28,Dinner,17,17:47,2,Dine-in,,88.5
7023,2026-04-28,Dinner,18,18:40,2,Dine-in,,159.0
7024,2026-04-28,Dinner,17,17:41,2,Dine-in,,54.5
7025,2026-04-28,Dinner,20,20:35,2,Dine-in,,56.0
7026,2026-04-28,Dinner,18,18:35,2,Dine-in,,161.5
7027,2026-04-28,Dinner,21,21:02,2,Dine-in,,63.5
7028,2026-04-28,Dinner,19,19:53,4,Dine-in,,146.0
7029,2026-04-28,Lunch,12,12:01,2,Dine-in,,33.0
7030,2026-04-28,Lunch,14,14:40,2,Dine-in,,115.0
7031,2026-04-28,Lunch,13,13:34,1,Dine-in,,25.5
7032,2026-04-28,Lunch,12,12:18,4,Dine-in,,116.5
7033,2026-04-28,Lunch,14,14:33,3,Takeaway,,74.0
7034,2026-04-28,Lunch,13,13:11,2,Dine-in,,103.5
7035,2026-04-28,Lunch,14,14:14,3,Dine-in,,109.5
7036,2026-04-28,Lunch,13,13:16,1,Dine-in,,10.0
7037,2026-04-29,Dinner,19,19:21,2,Takeaway,,46.0
7038,2026-04-29,Dinner,17,17:40,6,Takeaway,,276.0
7039,2026-04-29,Dinner,20,20:09,2,Dine-in,,66.5
7040,2026-04-29,Dinner,20,20:12,6,Dine-in,,299.0
7041,2026-04-29,Dinner,17,17:55,1,Takeaway,,14.0
7042,2026-04-29,Dinner,21,21:40,2,Dine-in,,63.0
7043,2026-04-29,Dinner,18,18:27,3,Dine-in,,194.5
7044,2026-04-29,Dinner,21,21:14,2,Dine-in,,79.0
7045,2026-04-29,Dinner,18,18:56,3,Dine-in,,130.5
7046,2026-04-29,Dinner,19,19:03,1,Dine-in,,31.5
7047,2026-04-29,Dinner,18,18:53,5,Dine-in,,324.0
7048,2026-04-29,Dinner,19,19:07,2,Dine-in,,102.5
7049,2026-04-29,Dinner,21,21:29,3,Dine-in,,22.5
7050,2026-04-29,Dinner,17,17:46,4,Dine-in,,110.0
7051,2026-04-29,Dinner,20,20:49,2,Dine-in,,119.5
7052,2026-04-29,Dinner,19,19:38,2,Dine-in,,165.5
7053,2026-04-29,Dinner,19,19:36,1,Dine-in,,15.0
7054,2026-04-29,Dinner,20,20:39,2,Dine-in,,133.5
7055,2026-04-29,Lunch,13,13:23,1,Dine-in,,3.5
7056,2026-04-29,Lunch,12,12:41,4,Dine-in,,174.5
7057,2026-04-29,Lunch,14,14:06,2,Dine-in,,195.5
7058,2026-04-29,Lunch,14,14:09,3,Dine-in,,119.5
7059,2026-04-29,Lunch,12,12:38,6,Dine-in,,226.5
7060,2026-04-29,Lunch,12,12:52,2,Dine-in,,89.0
7061,2026-04-29,Lunch,13,13:08,3,Dine-in,,178.0
7062,2026-04-30,Dinner,19,19:26,2,Dine-in,,78.0
7063,2026-04-30,Dinner,20,20:19,4,Dine-in,,159.5
7064,2026-04-30,Dinner,21,21:16,2,Dine-in,,83.5
7065,2026-04-30,Dinner,21,21:23,2,Dine-in,,73.5
7066,2026-04-30,Dinner,21,21:02,1,Dine-in,,81.0
7067,2026-04-30,Dinner,18,18:31,6,Dine-in,,278.0
7068,2026-04-30,Dinner,18,18:30,2,Dine-in,,58.0
7069,2026-04-30,Dinner,18,18:35,4,Dine-in,,126.0
7070,2026-04-30,Dinner,19,19:20,3,Dine-in,,98.0
7071,2026-04-30,Dinner,21,21:33,3,Dine-in,,154.0
7072,2026-04-30,Dinner,20,20:26,2,Takeaway,,58.5
7073,2026-04-30,Dinner,20,20:10,4,Dine-in,,125.0
7074,2026-04-30,Dinner,21,21:01,5,Dine-in,,211.5
7075,2026-04-30,Dinner,21,21:40,2,Dine-in,,139.5
7076,2026-04-30,Dinner,18,18:52,2,Dine-in,,91.0
7077,2026-04-30,Dinner,18,18:19,2,Dine-in,,65.0
7078,2026-04-30,Dinner,17,17:55,6,Takeaway,,238.0
7079,2026-04-30,Dinner,21,21:35,2,Dine-in,,81.5
7080,2026-04-30,Lunch,12,12:47,2,Takeaway,,173.5
7081,2026-04-30,Lunch,13,13:04,5,Dine-in,,93.0
7082,2026-04-30,Lunch,13,13:25,2,Dine-in,,87.0
7083,2026-04-30,Lunch,13,13:22,3,Dine-in,,162.5
7084,2026-04-30,Lunch,13,13:22,1,Dine-in,,40.5
7085,2026-04-30,Lunch,12,12:12,3,Dine-in,,217.5
7086,2026-04-30,Lunch,12,12:04,4,Dine-in,,175.5
7087,2026-04-30,Lunch,13,13:05,2,Takeaway,,87.0
7088,2026-04-30,Lunch,12,12:21,2,Dine-in,,52.5
7089,2026-05-01,Dinner,19,19:36,4,Dine-in,,123.0
7090,2026-05-01,Dinner,19,19:54,2,Dine-in,,73.5
7091,2026-05-01,Dinner,18,18:37,3,Dine-in,,149.0
7092,2026-05-01,Dinner,17,17:48,5,Dine-in,,169.5
7093,2026-05-01,Dinner,19,19:20,2,Dine-in,,91.5
7094,2026-05-01,Dinner,20,20:12,3,Dine-in,,93.0
7095,2026-05-01,Dinner,19,19:46,2,Takeaway,,25.5
7096,2026-05-01,Dinner,19,19:47,2,Dine-in,,130.0
7097,2026-05-01,Dinner,21,21:27,2,Dine-in,,151.0
7098,2026-05-01,Dinner,21,21:25,2,Dine-in,,41.0
7099,2026-05-01,Dinner,18,18:08,3,Dine-in,,68.0
7100,2026-05-01,Dinner,17,17:48,4,Dine-in,,170.5
7101,2026-05-01,Dinner,17,17:56,2,Dine-in,,175.0
7102,2026-05-01,Dinner,20,20:40,5,Dine-in,,235.0
7103,2026-05-01,Dinner,19,19:14,2,Dine-in,,114.0
7104,2026-05-01,Dinner,18,18:24,4,Dine-in,,174.0
7105,2026-05-01,Dinner,17,17:45,3,Dine-in,,207.5
7106,2026-05-01,Dinner,19,19:54,2,Dine-in,,93.0
7107,2026-05-01,Dinner,18,18:03,3,Takeaway,,84.0
7108,2026-05-01,Dinner,19,19:17,4,Dine-in,,191.5
7109,2026-05-01,Dinner,18,18:40,3,Dine-in,,199.5
7110,2026-05-01,Dinner,18,18:40,3,Dine-in,,88.0
7111,2026-05-01,Dinner,19,19:43,2,Dine-in,,230.5
7112,2026-05-01,Dinner,17,17:45,2,Dine-in,,105.0
7113,2026-05-01,Dinner,21,21:13,2,Takeaway,,105.0
7114,2026-05-01,Dinner,18,18:22,4,Dine-in,,210.5
7115,2026-05-01,Dinner,20,20:00,2,Takeaway,,49.0
7116,2026-05-01,Late,23,23:10,2,Dine-in,,61.0
7117,2026-05-01,Late,23,23:05,2,Dine-in,,124.5
7118,2026-05-01,Late,22,22:34,2,Dine-in,,129.0
7119,2026-05-01,Late,22,22:39,3,Dine-in,,154.5
7120,2026-05-01,Late,22,22:04,1,Takeaway,,109.0
7121,2026-05-01,Lunch,12,12:57,3,Dine-in,,50.5
7122,2026-05-01,Lunch,14,14:11,2,Dine-in,,209.5
7123,2026-05-01,Lunch,12,12:56,3,Dine-in,,123.5
7124,2026-05-01,Lunch,12,12:33,4,Takeaway,,92.5
7125,2026-05-01,Lunch,14,14:02,2,Dine-in,,154.0
7126,2026-05-01,Lunch,12,12:43,4,Dine-in,,218.5
7127,2026-05-01,Lunch,14,14:11,2,Takeaway,,82.5
7128,2026-05-01,Lunch,12,12:49,1,Takeaway,,36.0
7129,2026-05-01,Lunch,13,13:14,2,Dine-in,,110.5
7130,2026-05-01,Lunch,12,12:54,2,Dine-in,,106.0
7131,2026-05-01,Lunch,14,14:00,2,Dine-in,,88.5
7132,2026-05-01,Lunch,13,13:37,3,Dine-in,,350.0
7133,2026-05-02,Dinner,18,18:02,2,Dine-in,,174.5
7134,2026-05-02,Dinner,18,18:50,4,Dine-in,,82.0
7135,2026-05-02,Dinner,18,18:08,5,Dine-in,,157.0
7136,2026-05-02,Dinner,17,17:33,2,Dine-in,,69.5
7137,2026-05-02,Dinner,20,20:11,3,Dine-in,,106.0
7138,2026-05-02,Dinner,17,17:41,2,Dine-in,,103.0
7139,2026-05-02,Dinner,20,20:36,5,Takeaway,,274.5
7140,2026-05-02,Dinner,21,21:08,1,Dine-in,,105.0
7141,2026-05-02,Dinner,17,17:41,2,Dine-in,,62.5
7142,2026-05-02,Dinner,18,18:03,2,Dine-in,,130.5
7143,2026-05-02,Dinner,19,19:09,1,Dine-in,,15.5
7144,2026-05-02,Dinner,17,17:57,2,Takeaway,,62.0
7145,2026-05-02,Dinner,18,18:04,6,Dine-in,,290.0
7146,2026-05-02,Dinner,19,19:05,2,Dine-in,,77.0
7147,2026-05-02,Dinner,18,18:20,2,Dine-in,,50.5
7148,2026-05-02,Dinner,21,21:26,4,Dine-in,,208.0
7149,2026-05-02,Dinner,18,18:12,4,Takeaway,,128.0
7150,2026-05-02,Dinner,18,18:13,4,Dine-in,,272.5
7151,2026-05-02,Dinner,19,19:26,5,Dine-in,,314.0
7152,2026-05-02,Dinner,19,19:36,1,Dine-in,,62.0
7153,2026-05-02,Dinner,20,20:56,3,Takeaway,,158.0
7154,2026-05-02,Dinner,19,19:11,3,Dine-in,,189.5
7155,2026-05-02,Dinner,20,20:55,2,Takeaway,,149.5
7156,2026-05-02,Dinner,19,19:11,2,Dine-in,,37.0
7157,2026-05-02,Dinner,19,19:24,2,Dine-in,,67.5
7158,2026-05-02,Dinner,18,18:27,1,Dine-in,,96.5
7159,2026-05-02,Late,23,23:04,4,Takeaway,,149.0
7160,2026-05-02,Late,22,22:52,5,Dine-in,,299.5
7161,2026-05-02,Late,23,23:03,2,Dine-in,,174.5
7162,2026-05-02,Lunch,12,12:36,2,Dine-in,,84.0
7163,2026-05-02,Lunch,13,13:45,4,Dine-in,,103.0
7164,2026-05-02,Lunch,13,13:30,3,Takeaway,,83.0
7165,2026-05-02,Lunch,12,12:32,2,Dine-in,,45.5
7166,2026-05-02,Lunch,14,14:06,4,Dine-in,,190.5
7167,2026-05-02,Lunch,12,12:54,2,Dine-in,,34.5
7168,2026-05-02,Lunch,12,12:54,1,Dine-in,,40.5
7169,2026-05-02,Lunch,14,14:27,2,Dine-in,,87.0
7170,2026-05-02,Lunch,12,12:54,1,Dine-in,,30.0
7171,2026-05-02,Lunch,13,13:34,2,Dine-in,,47.5
7172,2026-05-02,Lunch,13,13:14,3,Dine-in,,190.5
7173,2026-05-02,Lunch,13,13:59,2,Dine-in,,55.5
7174,2026-05-02,Lunch,13,13:09,1,Takeaway,,20.5
7175,2026-05-02,Lunch,13,13:14,4,Dine-in,,196.0
7176,2026-05-03,Dinner,21,21:21,2,Dine-in,,41.0
7177,2026-05-03,Dinner,21,21:40,2,Dine-in,,55.0
7178,2026-05-03,Dinner,18,18:02,2,Dine-in,,66.0
7179,2026-05-03,Dinner,21,21:42,4,Dine-in,,196.5
7180,2026-05-03,Dinner,20,20:27,4,Takeaway,,129.0
7181,2026-05-03,Dinner,21,21:22,2,Dine-in,,47.0
7182,2026-05-03,Dinner,18,18:00,3,Dine-in,,101.0
7183,2026-05-03,Dinner,18,18:42,2,Dine-in,,63.0
7184,2026-05-03,Dinner,17,17:39,2,Dine-in,,39.5
7185,2026-05-03,Dinner,18,18:28,2,Dine-in,,28.5
7186,2026-05-03,Dinner,18,18:22,2,Dine-in,,126.0
7187,2026-05-03,Dinner,21,21:14,2,Dine-in,,164.5
7188,2026-05-03,Dinner,20,20:56,5,Dine-in,,177.0
7189,2026-05-03,Dinner,18,18:34,2,Dine-in,,43.5
7190,2026-05-03,Dinner,20,20:34,2,Dine-in,,69.5
7191,2026-05-03,Dinner,21,21:30,2,Dine-in,,48.0
7192,2026-05-03,Dinner,17,17:56,2,Dine-in,,106.5
7193,2026-05-03,Dinner,18,18:45,2,Dine-in,,94.5
7194,2026-05-03,Dinner,19,19:03,2,Dine-in,,66.5
7195,2026-05-03,Dinner,20,20:23,3,Dine-in,,161.0
7196,2026-05-03,Dinner,20,20:34,3,Dine-in,,155.5
7197,2026-05-03,Dinner,19,19:49,2,Takeaway,,104.0
7198,2026-05-03,Dinner,17,17:36,2,Dine-in,,61.5
7199,2026-05-03,Dinner,21,21:41,4,Dine-in,,297.0
7200,2026-05-03,Dinner,18,18:41,2,Dine-in,,3.5
7201,2026-05-03,Dinner,20,20:29,4,Dine-in,,94.0
7202,2026-05-03,Dinner,19,19:10,2,Dine-in,,133.5
7203,2026-05-03,Dinner,21,21:31,4,Dine-in,,218.0
7204,2026-05-03,Dinner,19,19:55,1,Dine-in,,13.5
7205,2026-05-03,Lunch,12,12:14,1,Dine-in,,14.5
7206,2026-05-03,Lunch,14,14:38,4,Dine-in,,77.0
7207,2026-05-03,Lunch,12,12:03,2,Dine-in,,77.0
7208,2026-05-03,Lunch,13,13:54,2,Dine-in,,74.5
7209,2026-05-03,Lunch,14,14:34,4,Dine-in,,209.0
7210,2026-05-03,Lunch,13,13:22,2,Takeaway,,100.5
7211,2026-05-03,Lunch,14,14:20,6,Dine-in,,222.5
7212,2026-05-03,Lunch,12,12:40,5,Dine-in,,110.0
7213,2026-05-03,Lunch,12,12:30,3,Dine-in,,126.5
7214,2026-05-05,Dinner,21,21:02,4,Takeaway,,175.0
7215,2026-05-05,Dinner,21,21:29,4,Dine-in,,282.5
7216,2026-05-05,Dinner,18,18:02,4,Takeaway,,156.5
7217,2026-05-05,Dinner,17,17:34,5,Dine-in,,233.5
7218,2026-05-05,Dinner,19,19:39,2,Dine-in,,116.0
7219,2026-05-05,Dinner,20,20:36,2,Takeaway,,125.5
7220,2026-05-05,Dinner,20,20:01,1,Dine-in,,51.0
7221,2026-05-05,Dinner,17,17:44,2,Dine-in,,92.5
7222,2026-05-05,Dinner,21,21:07,2,Takeaway,,110.5
7223,2026-05-05,Dinner,17,17:37,5,Dine-in,,241.5
7224,2026-05-05,Dinner,20,20:31,2,Dine-in,,55.0
7225,2026-05-05,Dinner,21,21:24,4,Dine-in,,130.0
7226,2026-05-05,Dinner,21,21:31,3,Dine-in,,121.0
7227,2026-05-05,Dinner,19,19:43,2,Dine-in,,64.5
7228,2026-05-05,Dinner,18,18:16,5,Dine-in,,142.0
7229,2026-05-05,Dinner,21,21:02,1,Dine-in,,111.5
7230,2026-05-05,Lunch,12,12:58,4,Dine-in,,117.0
7231,2026-05-05,Lunch,13,13:22,1,Dine-in,,85.0
7232,2026-05-05,Lunch,14,14:20,5,Dine-in,,168.5
7233,2026-05-05,Lunch,13,13:37,2,Dine-in,,111.0
7234,2026-05-05,Lunch,12,12:36,3,Dine-in,,165.0
7235,2026-05-05,Lunch,14,14:31,2,Dine-in,,54.5
7236,2026-05-05,Lunch,14,14:29,2,Dine-in,,108.5
7237,2026-05-06,Dinner,18,18:33,2,Dine-in,,74.5
7238,2026-05-06,Dinner,19,19:10,2,Dine-in,,77.0
7239,2026-05-06,Dinner,18,18:53,6,Dine-in,,248.5
7240,2026-05-06,Dinner,18,18:44,3,Dine-in,,115.0
7241,2026-05-06,Dinner,21,21:33,3,Dine-in,,79.5
7242,2026-05-06,Dinner,20,20:16,2,Dine-in,,84.0
7243,2026-05-06,Dinner,21,21:40,4,Dine-in,,172.5
7244,2026-05-06,Dinner,21,21:32,3,Dine-in,,134.0
7245,2026-05-06,Dinner,21,21:38,2,Dine-in,,106.0
7246,2026-05-06,Dinner,19,19:37,2,Dine-in,,118.0
7247,2026-05-06,Dinner,18,18:41,3,Dine-in,,176.5
7248,2026-05-06,Dinner,18,18:01,2,Dine-in,,102.5
7249,2026-05-06,Dinner,21,21:08,4,Takeaway,,189.0
7250,2026-05-06,Dinner,19,19:17,5,Dine-in,,216.0
7251,2026-05-06,Dinner,17,17:48,3,Dine-in,,174.5
7252,2026-05-06,Dinner,18,18:37,2,Dine-in,,94.5
7253,2026-05-06,Lunch,14,14:40,4,Dine-in,,191.0
7254,2026-05-06,Lunch,13,13:42,5,Dine-in,,164.0
7255,2026-05-06,Lunch,13,13:38,1,Dine-in,,9.0
7256,2026-05-06,Lunch,12,12:31,5,Dine-in,,246.5
7257,2026-05-06,Lunch,12,12:43,4,Dine-in,,169.0
7258,2026-05-06,Lunch,13,13:24,3,Dine-in,,127.0
7259,2026-05-07,Dinner,17,17:58,3,Dine-in,,237.0
7260,2026-05-07,Dinner,21,21:37,2,Takeaway,,120.0
7261,2026-05-07,Dinner,20,20:20,3,Dine-in,,98.0
7262,2026-05-07,Dinner,18,18:07,1,Takeaway,,151.5
7263,2026-05-07,Dinner,18,18:22,5,Dine-in,,167.0
7264,2026-05-07,Dinner,17,17:39,2,Dine-in,,64.5
7265,2026-05-07,Dinner,17,17:55,2,Takeaway,,83.5
7266,2026-05-07,Dinner,17,17:50,1,Dine-in,,64.5
7267,2026-05-07,Dinner,19,19:20,1,Takeaway,,68.5
7268,2026-05-07,Dinner,18,18:23,1,Dine-in,,126.0
7269,2026-05-07,Dinner,17,17:50,5,Takeaway,,118.0
7270,2026-05-07,Dinner,20,20:38,3,Dine-in,,148.0
7271,2026-05-07,Dinner,21,21:25,2,Dine-in,,29.0
7272,2026-05-07,Dinner,17,17:40,3,Dine-in,,191.0
7273,2026-05-07,Dinner,20,20:12,2,Dine-in,,96.0
7274,2026-05-07,Dinner,21,21:32,5,Takeaway,,206.5
7275,2026-05-07,Dinner,21,21:41,3,Dine-in,,171.0
7276,2026-05-07,Dinner,18,18:18,4,Dine-in,,221.5
7277,2026-05-07,Dinner,19,19:13,1,Dine-in,,71.5
7278,2026-05-07,Dinner,20,20:16,2,Dine-in,,65.5
7279,2026-05-07,Lunch,14,14:33,2,Dine-in,,45.0
7280,2026-05-07,Lunch,14,14:13,3,Dine-in,,79.0
7281,2026-05-07,Lunch,14,14:00,1,Dine-in,,3.5
7282,2026-05-07,Lunch,14,14:23,4,Dine-in,,173.0
7283,2026-05-07,Lunch,14,14:00,2,Takeaway,,144.0
7284,2026-05-07,Lunch,12,12:42,2,Takeaway,,87.0
7285,2026-05-07,Lunch,14,14:06,1,Dine-in,,78.0
7286,2026-05-07,Lunch,13,13:46,5,Dine-in,,220.0
7287,2026-05-07,Lunch,12,12:16,2,Dine-in,,57.5
7288,2026-05-07,Lunch,13,13:43,3,Takeaway,,171.0
7289,2026-05-07,Lunch,13,13:52,3,Dine-in,,148.0
7290,2026-05-08,Dinner,19,19:15,2,Dine-in,,61.0
7291,2026-05-08,Dinner,17,17:45,4,Dine-in,,204.5
7292,2026-05-08,Dinner,20,20:44,2,Dine-in,,130.5
7293,2026-05-08,Dinner,20,20:26,5,Dine-in,,182.5
7294,2026-05-08,Dinner,19,19:25,1,Dine-in,,47.5
7295,2026-05-08,Dinner,20,20:23,3,Dine-in,,253.0
7296,2026-05-08,Dinner,18,18:57,6,Dine-in,,193.0
7297,2026-05-08,Dinner,21,21:32,2,Dine-in,,86.0
7298,2026-05-08,Dinner,17,17:53,2,Takeaway,,85.5
7299,2026-05-08,Dinner,18,18:22,3,Dine-in,,144.5
7300,2026-05-08,Dinner,18,18:02,5,Dine-in,,176.0
7301,2026-05-08,Dinner,19,19:38,5,Dine-in,,169.5
7302,2026-05-08,Dinner,19,19:02,2,Dine-in,,136.0
7303,2026-05-08,Dinner,18,18:20,2,Dine-in,,137.0
7304,2026-05-08,Dinner,19,19:40,1,Dine-in,,40.0
7305,2026-05-08,Dinner,18,18:30,3,Takeaway,,50.5
7306,2026-05-08,Dinner,19,19:29,2,Dine-in,,110.5
7307,2026-05-08,Dinner,20,20:15,2,Dine-in,,25.0
7308,2026-05-08,Dinner,18,18:59,2,Dine-in,,77.0
7309,2026-05-08,Dinner,18,18:42,2,Dine-in,,99.0
7310,2026-05-08,Dinner,19,19:27,3,Dine-in,,34.0
7311,2026-05-08,Dinner,19,19:02,2,Takeaway,,143.5
7312,2026-05-08,Dinner,18,18:17,2,Dine-in,,89.0
7313,2026-05-08,Dinner,19,19:37,2,Dine-in,,61.0
7314,2026-05-08,Dinner,19,19:20,2,Dine-in,,60.0
7315,2026-05-08,Late,22,22:30,3,Dine-in,,232.0
7316,2026-05-08,Late,22,22:06,4,Dine-in,,135.0
7317,2026-05-08,Late,23,23:09,1,Dine-in,,74.5
7318,2026-05-08,Late,23,23:01,1,Dine-in,,40.5
7319,2026-05-08,Lunch,12,12:37,4,Dine-in,,149.0
7320,2026-05-08,Lunch,12,12:28,2,Dine-in,,110.0
7321,2026-05-08,Lunch,12,12:19,4,Dine-in,,187.5
7322,2026-05-08,Lunch,14,14:15,2,Dine-in,,107.5
7323,2026-05-08,Lunch,14,14:13,2,Takeaway,,103.5
7324,2026-05-08,Lunch,14,14:04,2,Dine-in,,112.5
7325,2026-05-08,Lunch,13,13:54,5,Takeaway,,374.0
7326,2026-05-08,Lunch,14,14:34,2,Dine-in,,97.0
7327,2026-05-08,Lunch,13,13:41,5,Dine-in,,155.5
7328,2026-05-08,Lunch,14,14:11,1,Dine-in,,90.0
7329,2026-05-09,Dinner,17,17:36,2,Takeaway,,50.0
7330,2026-05-09,Dinner,20,20:41,2,Dine-in,,77.0
7331,2026-05-09,Dinner,17,17:48,2,Dine-in,,104.0
7332,2026-05-09,Dinner,19,19:01,4,Dine-in,,194.5
7333,2026-05-09,Dinner,20,20:37,2,Dine-in,,118.0
7334,2026-05-09,Dinner,21,21:17,2,Takeaway,,114.0
7335,2026-05-09,Dinner,21,21:31,2,Dine-in,,120.0
7336,2026-05-09,Dinner,19,19:55,2,Dine-in,,78.0
7337,2026-05-09,Dinner,18,18:18,4,Takeaway,,110.5
7338,2026-05-09,Dinner,21,21:03,2,Dine-in,,102.5
7339,2026-05-09,Dinner,21,21:35,5,Dine-in,,181.0
7340,2026-05-09,Dinner,17,17:48,5,Takeaway,,178.0
7341,2026-05-09,Dinner,20,20:41,5,Dine-in,,293.0
7342,2026-05-09,Dinner,21,21:31,2,Dine-in,,146.0
7343,2026-05-09,Dinner,18,18:39,2,Dine-in,,65.0
7344,2026-05-09,Dinner,18,18:43,5,Dine-in,,271.0
7345,2026-05-09,Dinner,19,19:33,2,Dine-in,,38.0
7346,2026-05-09,Dinner,18,18:28,2,Dine-in,,115.0
7347,2026-05-09,Dinner,19,19:36,5,Takeaway,,144.0
7348,2026-05-09,Dinner,19,19:53,2,Dine-in,,87.0
7349,2026-05-09,Dinner,21,21:30,5,Dine-in,,226.5
7350,2026-05-09,Dinner,19,19:49,2,Dine-in,,71.5
7351,2026-05-09,Dinner,18,18:49,2,Dine-in,,77.5
7352,2026-05-09,Dinner,18,18:53,2,Dine-in,,50.0
7353,2026-05-09,Dinner,20,20:00,1,Dine-in,,19.0
7354,2026-05-09,Dinner,19,19:41,4,Dine-in,,318.5
7355,2026-05-09,Dinner,21,21:39,2,Dine-in,,55.0
7356,2026-05-09,Dinner,21,21:03,2,Dine-in,,75.5
7357,2026-05-09,Dinner,20,20:43,4,Dine-in,,157.5
7358,2026-05-09,Dinner,19,19:51,1,Dine-in,,56.0
7359,2026-05-09,Late,23,23:13,3,Dine-in,,150.5
7360,2026-05-09,Late,22,22:02,2,Takeaway,,89.5
7361,2026-05-09,Late,22,22:00,3,Dine-in,,99.0
7362,2026-05-09,Late,23,23:05,2,Takeaway,,27.5
7363,2026-05-09,Lunch,14,14:03,2,Dine-in,,79.0
7364,2026-05-09,Lunch,13,13:34,5,Dine-in,,166.5
7365,2026-05-09,Lunch,14,14:11,2,Takeaway,,26.5
7366,2026-05-09,Lunch,12,12:45,3,Dine-in,,197.5
7367,2026-05-09,Lunch,12,12:02,3,Dine-in,,127.0
7368,2026-05-09,Lunch,13,13:14,2,Dine-in,,117.5
7369,2026-05-09,Lunch,13,13:30,1,Dine-in,,41.0
7370,2026-05-09,Lunch,13,13:58,3,Takeaway,,97.0
7371,2026-05-09,Lunch,12,12:07,2,Dine-in,,123.0
7372,2026-05-09,Lunch,13,13:28,1,Dine-in,,26.0
7373,2026-05-09,Lunch,14,14:29,4,Dine-in,,171.0
7374,2026-05-09,Lunch,14,14:05,2,Dine-in,,101.0
7375,2026-05-09,Lunch,13,13:04,1,Dine-in,,107.0
7376,2026-05-10,Dinner,18,18:06,1,Takeaway,,14.0
7377,2026-05-10,Dinner,20,20:37,1,Dine-in,,59.0
7378,2026-05-10,Dinner,19,19:43,4,Dine-in,,154.5
7379,2026-05-10,Dinner,18,18:19,3,Dine-in,,96.0
7380,2026-05-10,Dinner,18,18:24,4,Dine-in,,147.5
7381,2026-05-10,Dinner,17,17:58,2,Dine-in,,151.0
7382,2026-05-10,Dinner,18,18:34,2,Dine-in,,96.5
7383,2026-05-10,Dinner,18,18:24,2,Dine-in,,55.0
7384,2026-05-10,Dinner,17,17:53,3,Dine-in,,296.5
7385,2026-05-10,Dinner,20,20:29,1,Dine-in,,44.0
7386,2026-05-10,Dinner,20,20:54,5,Takeaway,,342.0
7387,2026-05-10,Dinner,18,18:46,4,Dine-in,,184.5
7388,2026-05-10,Dinner,20,20:34,2,Dine-in,,142.0
7389,2026-05-10,Dinner,18,18:27,3,Dine-in,,100.0
7390,2026-05-10,Dinner,17,17:50,1,Dine-in,,27.0
7391,2026-05-10,Dinner,19,19:02,2,Dine-in,,51.0
7392,2026-05-10,Dinner,20,20:34,2,Dine-in,,66.5
7393,2026-05-10,Dinner,21,21:39,2,Dine-in,,64.5
7394,2026-05-10,Dinner,18,18:13,4,Dine-in,,190.5
7395,2026-05-10,Dinner,18,18:07,1,Dine-in,,70.0
7396,2026-05-10,Lunch,13,13:32,2,Dine-in,,76.0
7397,2026-05-10,Lunch,12,12:56,2,Dine-in,,55.0
7398,2026-05-10,Lunch,13,13:15,6,Takeaway,,213.0
7399,2026-05-10,Lunch,13,13:53,2,Takeaway,,96.0
7400,2026-05-10,Lunch,12,12:51,2,Dine-in,,42.0
7401,2026-05-10,Lunch,13,13:44,2,Dine-in,,53.0
7402,2026-05-10,Lunch,12,12:36,3,Dine-in,,145.0
7403,2026-05-10,Lunch,13,13:43,2,Dine-in,,96.0
7404,2026-05-10,Lunch,14,14:06,2,Dine-in,,84.5
7405,2026-05-10,Lunch,12,12:06,2,Dine-in,,45.0
7406,2026-05-10,Lunch,14,14:42,2,Dine-in,,84.0
7407,2026-05-10,Lunch,14,14:12,3,Dine-in,,208.0
7408,2026-05-10,Lunch,12,12:20,2,Takeaway,,62.5
7409,2026-05-10,Lunch,12,12:22,1,Dine-in,,58.0
7410,2026-05-12,Dinner,20,20:56,2,Dine-in,,99.5
7411,2026-05-12,Dinner,19,19:09,5,Dine-in,,196.5
7412,2026-05-12,Dinner,20,20:45,3,Dine-in,,198.0
7413,2026-05-12,Dinner,19,19:04,2,Dine-in,,67.5
7414,2026-05-12,Dinner,18,18:53,1,Dine-in,,23.5
7415,2026-05-12,Dinner,21,21:39,2,Takeaway,,23.5
7416,2026-05-12,Dinner,19,19:24,2,Takeaway,,41.0
7417,2026-05-12,Dinner,20,20:03,3,Takeaway,,120.0
7418,2026-05-12,Dinner,21,21:33,2,Takeaway,,70.5
7419,2026-05-12,Dinner,21,21:20,4,Dine-in,,156.0
7420,2026-05-12,Dinner,19,19:08,4,Dine-in,,212.0
7421,2026-05-12,Dinner,18,18:49,1,Dine-in,,44.0
7422,2026-05-12,Dinner,20,20:56,2,Dine-in,,105.0
7423,2026-05-12,Dinner,20,20:11,2,Dine-in,,180.0
7424,2026-05-12,Lunch,14,14:21,3,Dine-in,,78.0
7425,2026-05-12,Lunch,12,12:29,2,Dine-in,,19.0
7426,2026-05-12,Lunch,12,12:36,4,Dine-in,,226.5
7427,2026-05-12,Lunch,14,14:23,2,Dine-in,,80.5
7428,2026-05-12,Lunch,12,12:51,2,Takeaway,,65.0
7429,2026-05-12,Lunch,14,14:03,2,Takeaway,,75.0
7430,2026-05-12,Lunch,13,13:30,2,Dine-in,,154.5
7431,2026-05-12,Lunch,13,13:09,1,Takeaway,,53.0
7432,2026-05-13,Dinner,17,17:56,4,Dine-in,,92.5
7433,2026-05-13,Dinner,18,18:13,6,Dine-in,,240.0
7434,2026-05-13,Dinner,18,18:03,2,Dine-in,,66.5
7435,2026-05-13,Dinner,18,18:32,3,Dine-in,,283.0
7436,2026-05-13,Dinner,21,21:17,4,Takeaway,,254.0
7437,2026-05-13,Dinner,18,18:16,3,Dine-in,,122.0
7438,2026-05-13,Dinner,18,18:06,4,Dine-in,,145.0
7439,2026-05-13,Dinner,18,18:11,2,Dine-in,,183.0
7440,2026-05-13,Dinner,18,18:31,3,Dine-in,,129.0
7441,2026-05-13,Dinner,17,17:51,2,Dine-in,,100.5
7442,2026-05-13,Dinner,19,19:07,4,Dine-in,,212.5
7443,2026-05-13,Dinner,18,18:50,3,Dine-in,,150.5
7444,2026-05-13,Dinner,18,18:36,3,Dine-in,,204.0
7445,2026-05-13,Dinner,18,18:36,2,Dine-in,,58.0
7446,2026-05-13,Dinner,21,21:40,3,Dine-in,,89.0
7447,2026-05-13,Lunch,12,12:58,5,Dine-in,,138.5
7448,2026-05-13,Lunch,14,14:09,3,Dine-in,,88.5
7449,2026-05-13,Lunch,14,14:38,2,Dine-in,,76.0
7450,2026-05-13,Lunch,14,14:14,2,Dine-in,,17.0
7451,2026-05-13,Lunch,12,12:39,4,Dine-in,,242.5
7452,2026-05-13,Lunch,14,14:03,3,Takeaway,,67.0
7453,2026-05-13,Lunch,13,13:32,1,Dine-in,,16.0
7454,2026-05-14,Dinner,19,19:53,4,Dine-in,,149.5
7455,2026-05-14,Dinner,19,19:49,2,Dine-in,,129.0
7456,2026-05-14,Dinner,21,21:12,5,Takeaway,,244.0
7457,2026-05-14,Dinner,20,20:01,3,Dine-in,,50.5
7458,2026-05-14,Dinner,20,20:56,2,Dine-in,,97.5
7459,2026-05-14,Dinner,21,21:37,3,Dine-in,,68.0
7460,2026-05-14,Dinner,19,19:22,1,Dine-in,,45.0
7461,2026-05-14,Dinner,20,20:28,3,Dine-in,,114.5
7462,2026-05-14,Dinner,18,18:48,2,Dine-in,,157.0
7463,2026-05-14,Dinner,19,19:43,4,Dine-in,,225.5
7464,2026-05-14,Dinner,19,19:27,1,Dine-in,,75.0
7465,2026-05-14,Dinner,17,17:54,3,Dine-in,,66.0
7466,2026-05-14,Dinner,18,18:05,4,Dine-in,,207.5
7467,2026-05-14,Dinner,17,17:46,2,Dine-in,,48.0
7468,2026-05-14,Dinner,18,18:11,2,Dine-in,,66.5
7469,2026-05-14,Dinner,21,21:12,2,Takeaway,,34.0
7470,2026-05-14,Dinner,17,17:49,1,Dine-in,,96.0
7471,2026-05-14,Dinner,18,18:12,2,Takeaway,,62.0
7472,2026-05-14,Dinner,19,19:24,2,Dine-in,,38.5
7473,2026-05-14,Dinner,20,20:37,3,Dine-in,,254.0
7474,2026-05-14,Lunch,14,14:17,2,Dine-in,,91.5
7475,2026-05-14,Lunch,14,14:35,2,Dine-in,,53.0
7476,2026-05-14,Lunch,12,12:05,2,Dine-in,,158.5
7477,2026-05-14,Lunch,14,14:09,6,Takeaway,,211.0
7478,2026-05-14,Lunch,13,13:50,2,Dine-in,,94.5
7479,2026-05-14,Lunch,12,12:40,2,Dine-in,,147.0
7480,2026-05-14,Lunch,12,12:45,3,Dine-in,,221.0
7481,2026-05-14,Lunch,14,14:10,2,Dine-in,,175.5
7482,2026-05-14,Lunch,13,13:42,3,Dine-in,,241.0
7483,2026-05-15,Dinner,21,21:13,3,Dine-in,,141.0
7484,2026-05-15,Dinner,20,20:19,5,Dine-in,,191.0
7485,2026-05-15,Dinner,20,20:01,2,Dine-in,,53.0
7486,2026-05-15,Dinner,18,18:24,3,Dine-in,,181.5
7487,2026-05-15,Dinner,19,19:29,1,Dine-in,,34.0
7488,2026-05-15,Dinner,18,18:22,2,Takeaway,,115.5
7489,2026-05-15,Dinner,21,21:00,2,Dine-in,,42.5
7490,2026-05-15,Dinner,19,19:07,5,Takeaway,,212.5
7491,2026-05-15,Dinner,18,18:54,1,Dine-in,,74.0
7492,2026-05-15,Dinner,20,20:51,2,Dine-in,,87.5
7493,2026-05-15,Dinner,20,20:59,1,Takeaway,,52.5
7494,2026-05-15,Dinner,18,18:08,2,Dine-in,,93.5
7495,2026-05-15,Dinner,21,21:01,2,Dine-in,,67.5
7496,2026-05-15,Dinner,18,18:50,2,Dine-in,,88.5
7497,2026-05-15,Dinner,20,20:22,5,Dine-in,,277.5
7498,2026-05-15,Dinner,21,21:02,5,Dine-in,,187.5
7499,2026-05-15,Dinner,21,21:43,2,Takeaway,,106.5
7500,2026-05-15,Dinner,19,19:32,2,Dine-in,,108.5
7501,2026-05-15,Dinner,18,18:06,2,Dine-in,,104.5
7502,2026-05-15,Dinner,20,20:35,5,Dine-in,,117.5
7503,2026-05-15,Dinner,17,17:52,2,Dine-in,,94.0
7504,2026-05-15,Dinner,20,20:11,4,Dine-in,,194.5
7505,2026-05-15,Dinner,21,21:27,4,Dine-in,,110.0
7506,2026-05-15,Dinner,18,18:43,3,Dine-in,,155.5
7507,2026-05-15,Dinner,18,18:22,4,Dine-in,,242.0
7508,2026-05-15,Dinner,21,21:03,1,Takeaway,,48.5
7509,2026-05-15,Late,22,22:41,3,Takeaway,,109.0
7510,2026-05-15,Late,22,22:06,5,Dine-in,,192.0
7511,2026-05-15,Lunch,12,12:16,2,Dine-in,,157.0
7512,2026-05-15,Lunch,14,14:05,2,Dine-in,,97.0
7513,2026-05-15,Lunch,13,13:49,4,Dine-in,,179.5
7514,2026-05-15,Lunch,12,12:49,2,Dine-in,,46.0
7515,2026-05-15,Lunch,12,12:54,5,Dine-in,,173.0
7516,2026-05-15,Lunch,14,14:31,1,Dine-in,,14.0
7517,2026-05-15,Lunch,13,13:07,2,Dine-in,,97.5
7518,2026-05-15,Lunch,13,13:06,3,Dine-in,,138.5
7519,2026-05-15,Lunch,12,12:58,3,Takeaway,,50.0
7520,2026-05-15,Lunch,12,12:53,5,Takeaway,,180.0
7521,2026-05-15,Lunch,13,13:08,2,Dine-in,,116.5
7522,2026-05-15,Lunch,13,13:42,1,Dine-in,,11.5
7523,2026-05-16,Dinner,17,17:34,4,Dine-in,,197.0
7524,2026-05-16,Dinner,20,20:40,2,Dine-in,,21.5
7525,2026-05-16,Dinner,17,17:49,5,Dine-in,,317.5
7526,2026-05-16,Dinner,19,19:24,6,Dine-in,,338.0
7527,2026-05-16,Dinner,19,19:10,3,Dine-in,,118.0
7528,2026-05-16,Dinner,17,17:39,5,Dine-in,,189.0
7529,2026-05-16,Dinner,17,17:45,2,Takeaway,,70.0
7530,2026-05-16,Dinner,19,19:56,4,Dine-in,,201.5
7531,2026-05-16,Dinner,19,19:59,2,Dine-in,,45.0
7532,2026-05-16,Dinner,17,17:40,4,Dine-in,,98.5
7533,2026-05-16,Dinner,19,19:26,4,Dine-in,,161.0
7534,2026-05-16,Dinner,20,20:45,2,Takeaway,,86.5
7535,2026-05-16,Dinner,19,19:31,5,Takeaway,,164.0
7536,2026-05-16,Dinner,18,18:12,5,Dine-in,,261.5
7537,2026-05-16,Dinner,17,17:33,2,Dine-in,,108.0
7538,2026-05-16,Dinner,20,20:44,2,Dine-in,,100.0
7539,2026-05-16,Dinner,20,20:15,1,Dine-in,,59.5
7540,2026-05-16,Dinner,20,20:28,1,Takeaway,,53.0
7541,2026-05-16,Dinner,20,20:24,2,Dine-in,,167.0
7542,2026-05-16,Dinner,17,17:50,2,Dine-in,,61.5
7543,2026-05-16,Dinner,19,19:28,2,Takeaway,,102.0
7544,2026-05-16,Dinner,19,19:54,2,Dine-in,,69.5
7545,2026-05-16,Dinner,20,20:23,5,Dine-in,,214.5
7546,2026-05-16,Dinner,19,19:59,2,Dine-in,,66.5
7547,2026-05-16,Dinner,18,18:49,2,Dine-in,,171.0
7548,2026-05-16,Dinner,20,20:37,4,Dine-in,,243.0
7549,2026-05-16,Dinner,20,20:38,3,Dine-in,,146.5
7550,2026-05-16,Dinner,18,18:50,1,Dine-in,,93.5
7551,2026-05-16,Late,22,22:21,1,Dine-in,,101.5
7552,2026-05-16,Late,22,22:24,5,Takeaway,,199.0
7553,2026-05-16,Late,22,22:07,2,Dine-in,,43.0
7554,2026-05-16,Late,22,22:08,3,Takeaway,,98.0
7555,2026-05-16,Lunch,13,13:55,2,Dine-in,,107.0
7556,2026-05-16,Lunch,13,13:55,4,Dine-in,,203.0
7557,2026-05-16,Lunch,12,12:41,5,Dine-in,,171.5
7558,2026-05-16,Lunch,14,14:42,4,Takeaway,,133.0
7559,2026-05-16,Lunch,14,14:37,4,Dine-in,,166.5
7560,2026-05-16,Lunch,13,13:44,2,Takeaway,,78.5
7561,2026-05-16,Lunch,14,14:35,2,Dine-in,,88.5
7562,2026-05-16,Lunch,14,14:08,2,Dine-in,,160.5
7563,2026-05-16,Lunch,13,13:51,2,Dine-in,,65.5
7564,2026-05-16,Lunch,13,13:06,6,Takeaway,,154.0
7565,2026-05-16,Lunch,13,13:40,2,Dine-in,,80.5
7566,2026-05-16,Lunch,13,13:58,2,Dine-in,,34.0
7567,2026-05-16,Lunch,12,12:29,2,Dine-in,,29.5
7568,2026-05-17,Dinner,20,20:10,4,Dine-in,,179.5
7569,2026-05-17,Dinner,19,19:18,2,Dine-in,,217.0
7570,2026-05-17,Dinner,21,21:23,3,Dine-in,,133.5
7571,2026-05-17,Dinner,20,20:54,3,Dine-in,,86.5
7572,2026-05-17,Dinner,21,21:08,2,Dine-in,,30.0
7573,2026-05-17,Dinner,19,19:34,2,Takeaway,,108.5
7574,2026-05-17,Dinner,19,19:25,4,Dine-in,,227.0
7575,2026-05-17,Dinner,19,19:59,2,Dine-in,,70.0
7576,2026-05-17,Dinner,20,20:08,2,Dine-in,,161.0
7577,2026-05-17,Dinner,19,19:44,1,Dine-in,,16.0
7578,2026-05-17,Dinner,17,17:40,3,Dine-in,,229.5
7579,2026-05-17,Dinner,17,17:37,4,Dine-in,,117.0
7580,2026-05-17,Dinner,21,21:31,1,Dine-in,,23.5
7581,2026-05-17,Dinner,20,20:02,3,Dine-in,,93.5
7582,2026-05-17,Dinner,20,20:08,3,Dine-in,,116.0
7583,2026-05-17,Dinner,19,19:24,2,Dine-in,,150.0
7584,2026-05-17,Dinner,21,21:10,2,Dine-in,,52.0
7585,2026-05-17,Dinner,17,17:59,6,Dine-in,,150.5
7586,2026-05-17,Dinner,20,20:58,4,Dine-in,,153.0
7587,2026-05-17,Dinner,19,19:15,2,Dine-in,,88.0
7588,2026-05-17,Dinner,18,18:42,1,Dine-in,,25.5
7589,2026-05-17,Dinner,19,19:21,4,Takeaway,,188.5
7590,2026-05-17,Dinner,18,18:29,4,Dine-in,,125.5
7591,2026-05-17,Dinner,20,20:08,2,Dine-in,,190.0
7592,2026-05-17,Lunch,12,12:29,2,Dine-in,,93.5
7593,2026-05-17,Lunch,14,14:25,3,Dine-in,,101.0
7594,2026-05-17,Lunch,13,13:20,5,Dine-in,,202.5
7595,2026-05-17,Lunch,12,12:16,2,Dine-in,,148.0
7596,2026-05-17,Lunch,12,12:13,2,Dine-in,,63.0
7597,2026-05-17,Lunch,13,13:52,2,Dine-in,,84.0
7598,2026-05-17,Lunch,13,13:46,2,Dine-in,,76.0
7599,2026-05-17,Lunch,12,12:13,3,Dine-in,,91.5
7600,2026-05-17,Lunch,14,14:41,3,Dine-in,,46.5
7601,2026-05-17,Lunch,14,14:09,1,Takeaway,,54.0
7602,2026-05-17,Lunch,14,14:20,2,Dine-in,,95.5
7603,2026-05-17,Lunch,14,14:03,3,Dine-in,,142.0
7604,2026-05-17,Lunch,13,13:28,1,Dine-in,,51.5
7605,2026-05-19,Dinner,17,17:45,2,Dine-in,,90.0
7606,2026-05-19,Dinner,20,20:22,4,Dine-in,,335.5
7607,2026-05-19,Dinner,21,21:06,2,Dine-in,,130.5
7608,2026-05-19,Dinner,21,21:03,4,Dine-in,,157.5
7609,2026-05-19,Dinner,17,17:44,2,Takeaway,,56.5
7610,2026-05-19,Dinner,18,18:06,1,Dine-in,,33.5
7611,2026-05-19,Dinner,19,19:58,2,Dine-in,,95.5
7612,2026-05-19,Dinner,18,18:36,4,Dine-in,,187.0
7613,2026-05-19,Dinner,17,17:36,4,Dine-in,,109.0
7614,2026-05-19,Dinner,19,19:55,2,Dine-in,,42.5
7615,2026-05-19,Dinner,19,19:32,2,Dine-in,,92.0
7616,2026-05-19,Dinner,18,18:03,4,Dine-in,,128.5
7617,2026-05-19,Dinner,20,20:20,2,Dine-in,,74.5
7618,2026-05-19,Dinner,18,18:30,2,Takeaway,,41.5
7619,2026-05-19,Dinner,18,18:41,2,Dine-in,,78.5
7620,2026-05-19,Dinner,21,21:14,3,Takeaway,,53.0
7621,2026-05-19,Lunch,12,12:43,2,Dine-in,,109.5
7622,2026-05-19,Lunch,13,13:47,2,Dine-in,,41.0
7623,2026-05-19,Lunch,14,14:04,2,Dine-in,,110.5
7624,2026-05-19,Lunch,13,13:44,2,Takeaway,,106.0
7625,2026-05-19,Lunch,13,13:29,2,Dine-in,,126.0
7626,2026-05-19,Lunch,13,13:28,2,Takeaway,,49.0
7627,2026-05-19,Lunch,14,14:41,2,Dine-in,,69.0
7628,2026-05-19,Lunch,13,13:12,5,Dine-in,,96.5
7629,2026-05-19,Lunch,12,12:54,1,Dine-in,,22.5
7630,2026-05-19,Lunch,13,13:11,2,Dine-in,,20.0
7631,2026-05-19,Lunch,13,13:00,1,Dine-in,,40.0
7632,2026-05-20,Dinner,19,19:57,4,Dine-in,,146.5
7633,2026-05-20,Dinner,20,20:59,2,Dine-in,,58.5
7634,2026-05-20,Dinner,19,19:16,1,Dine-in,,20.0
7635,2026-05-20,Dinner,18,18:02,1,Dine-in,,101.5
7636,2026-05-20,Dinner,21,21:44,1,Dine-in,,39.5
7637,2026-05-20,Dinner,19,19:38,2,Dine-in,,99.0
7638,2026-05-20,Dinner,18,18:28,2,Takeaway,,98.5
7639,2026-05-20,Dinner,19,19:40,1,Dine-in,,67.0
7640,2026-05-20,Dinner,20,20:04,4,Takeaway,,220.0
7641,2026-05-20,Dinner,17,17:42,4,Dine-in,,272.5
7642,2026-05-20,Dinner,17,17:38,6,Takeaway,,306.5
7643,2026-05-20,Dinner,21,21:31,1,Takeaway,,0.0
7644,2026-05-20,Dinner,18,18:11,2,Dine-in,,226.0
7645,2026-05-20,Dinner,19,19:01,2,Takeaway,,128.5
7646,2026-05-20,Dinner,18,18:31,1,Dine-in,,21.5
7647,2026-05-20,Dinner,20,20:21,2,Dine-in,,58.0
7648,2026-05-20,Dinner,21,21:17,2,Dine-in,,98.5
7649,2026-05-20,Dinner,20,20:01,4,Dine-in,,224.5
7650,2026-05-20,Dinner,20,20:29,1,Dine-in,,64.0
7651,2026-05-20,Lunch,14,14:07,2,Takeaway,,117.5
7652,2026-05-20,Lunch,13,13:59,3,Dine-in,,86.5
7653,2026-05-20,Lunch,12,12:29,4,Dine-in,,200.0
7654,2026-05-20,Lunch,14,14:29,3,Dine-in,,121.5
7655,2026-05-20,Lunch,12,12:32,4,Dine-in,,259.5
7656,2026-05-20,Lunch,13,13:41,5,Dine-in,,228.0
7657,2026-05-21,Dinner,21,21:32,5,Dine-in,,329.0
7658,2026-05-21,Dinner,18,18:30,2,Dine-in,,82.0
7659,2026-05-21,Dinner,19,19:45,2,Dine-in,,50.5
7660,2026-05-21,Dinner,20,20:03,2,Dine-in,,72.5
7661,2026-05-21,Dinner,18,18:11,5,Takeaway,,252.0
7662,2026-05-21,Dinner,18,18:34,2,Dine-in,,69.0
7663,2026-05-21,Dinner,20,20:55,2,Dine-in,,47.5
7664,2026-05-21,Dinner,19,19:12,3,Dine-in,,198.5
7665,2026-05-21,Dinner,20,20:01,3,Dine-in,,60.0
7666,2026-05-21,Dinner,18,18:44,4,Dine-in,,163.5
7667,2026-05-21,Dinner,17,17:58,2,Dine-in,,56.0
7668,2026-05-21,Dinner,20,20:59,1,Takeaway,,51.5
7669,2026-05-21,Dinner,19,19:43,2,Dine-in,,64.0
7670,2026-05-21,Dinner,18,18:10,2,Dine-in,,53.0
7671,2026-05-21,Dinner,21,21:04,2,Dine-in,,55.0
7672,2026-05-21,Dinner,19,19:04,1,Dine-in,,39.0
7673,2026-05-21,Dinner,19,19:36,4,Dine-in,,181.0
7674,2026-05-21,Dinner,17,17:56,2,Takeaway,,37.5
7675,2026-05-21,Lunch,12,12:11,2,Dine-in,,129.0
7676,2026-05-21,Lunch,13,13:33,2,Dine-in,,46.5
7677,2026-05-21,Lunch,12,12:35,2,Takeaway,,61.5
7678,2026-05-21,Lunch,13,13:42,2,Dine-in,,45.0
7679,2026-05-21,Lunch,13,13:47,2,Dine-in,,73.0
7680,2026-05-21,Lunch,14,14:02,1,Dine-in,,17.5
7681,2026-05-21,Lunch,13,13:31,3,Dine-in,,207.0
7682,2026-05-21,Lunch,14,14:39,3,Dine-in,,183.5
7683,2026-05-21,Lunch,13,13:02,5,Dine-in,,336.5
7684,2026-05-22,Dinner,19,19:47,1,Dine-in,,12.0
7685,2026-05-22,Dinner,18,18:45,2,Dine-in,,47.0
7686,2026-05-22,Dinner,18,18:35,2,Dine-in,,75.5
7687,2026-05-22,Dinner,20,20:44,3,Dine-in,,155.0
7688,2026-05-22,Dinner,17,17:59,2,Dine-in,,81.0
7689,2026-05-22,Dinner,21,21:27,1,Dine-in,,46.0
7690,2026-05-22,Dinner,18,18:02,5,Dine-in,,293.5
7691,2026-05-22,Dinner,19,19:11,5,Dine-in,,254.0
7692,2026-05-22,Dinner,19,19:28,6,Dine-in,,188.5
7693,2026-05-22,Dinner,21,21:23,4,Dine-in,,166.0
7694,2026-05-22,Dinner,18,18:53,4,Dine-in,,178.0
7695,2026-05-22,Dinner,20,20:40,4,Dine-in,,242.0
7696,2026-05-22,Dinner,20,20:30,2,Dine-in,,85.0
7697,2026-05-22,Dinner,19,19:27,2,Dine-in,,52.5
7698,2026-05-22,Dinner,19,19:12,2,Dine-in,,44.0
7699,2026-05-22,Dinner,20,20:28,3,Dine-in,,50.0
7700,2026-05-22,Dinner,20,20:25,4,Dine-in,,297.0
7701,2026-05-22,Dinner,20,20:55,1,Dine-in,,61.5
7702,2026-05-22,Dinner,20,20:31,2,Dine-in,,124.0
7703,2026-05-22,Dinner,17,17:46,2,Dine-in,,63.0
7704,2026-05-22,Dinner,19,19:45,3,Dine-in,,163.0
7705,2026-05-22,Dinner,18,18:04,2,Dine-in,,82.5
7706,2026-05-22,Dinner,18,18:17,2,Dine-in,,28.0
7707,2026-05-22,Dinner,21,21:20,3,Dine-in,,104.5
7708,2026-05-22,Dinner,21,21:38,3,Takeaway,,292.5
7709,2026-05-22,Late,22,22:37,5,Dine-in,,175.0
7710,2026-05-22,Late,22,22:16,1,Dine-in,,31.0
7711,2026-05-22,Late,22,22:14,3,Takeaway,,106.0
7712,2026-05-22,Lunch,12,12:15,2,Dine-in,,49.0
7713,2026-05-22,Lunch,12,12:13,4,Dine-in,,174.5
7714,2026-05-22,Lunch,13,13:00,3,Dine-in,,237.5
7715,2026-05-22,Lunch,13,13:42,2,Dine-in,,31.5
7716,2026-05-22,Lunch,13,13:01,3,Dine-in,,84.5
7717,2026-05-22,Lunch,13,13:54,2,Dine-in,,72.0
7718,2026-05-22,Lunch,13,13:32,3,Dine-in,,61.5
7719,2026-05-22,Lunch,12,12:28,1,Dine-in,,19.5
7720,2026-05-22,Lunch,13,13:57,4,Dine-in,,234.0
7721,2026-05-22,Lunch,14,14:04,2,Dine-in,,63.0
7722,2026-05-22,Lunch,14,14:38,2,Dine-in,,72.5
7723,2026-05-22,Lunch,13,13:01,2,Dine-in,,60.5
7724,2026-05-23,Dinner,19,19:54,2,Dine-in,,163.5
7725,2026-05-23,Dinner,21,21:43,5,Dine-in,,179.0
7726,2026-05-23,Dinner,21,21:19,4,Dine-in,,165.5
7727,2026-05-23,Dinner,20,20:41,4,Dine-in,,171.0
7728,2026-05-23,Dinner,18,18:12,2,Dine-in,,36.0
7729,2026-05-23,Dinner,20,20:13,2,Dine-in,,77.0
7730,2026-05-23,Dinner,19,19:49,4,Dine-in,,225.0
7731,2026-05-23,Dinner,17,17:50,3,Dine-in,,74.5
7732,2026-05-23,Dinner,18,18:07,5,Dine-in,,211.5
7733,2026-05-23,Dinner,18,18:25,4,Dine-in,,108.5
7734,2026-05-23,Dinner,21,21:29,2,Dine-in,,69.5
7735,2026-05-23,Dinner,17,17:40,3,Takeaway,,136.5
7736,2026-05-23,Dinner,19,19:02,1,Dine-in,,45.5
7737,2026-05-23,Dinner,19,19:16,2,Dine-in,,71.0
7738,2026-05-23,Dinner,19,19:48,4,Dine-in,,78.0
7739,2026-05-23,Dinner,21,21:20,2,Dine-in,,136.0
7740,2026-05-23,Dinner,18,18:44,1,Dine-in,,126.0
7741,2026-05-23,Dinner,19,19:04,2,Dine-in,,123.0
7742,2026-05-23,Dinner,17,17:51,2,Dine-in,,83.0
7743,2026-05-23,Dinner,21,21:32,3,Dine-in,,167.0
7744,2026-05-23,Dinner,20,20:23,1,Dine-in,,20.0
7745,2026-05-23,Dinner,21,21:32,5,Dine-in,,196.5
7746,2026-05-23,Dinner,17,17:45,3,Takeaway,,121.0
7747,2026-05-23,Dinner,19,19:07,1,Dine-in,,28.5
7748,2026-05-23,Dinner,18,18:25,4,Dine-in,,99.5
7749,2026-05-23,Dinner,18,18:54,2,Takeaway,,131.5
7750,2026-05-23,Late,22,22:59,2,Dine-in,,94.0
7751,2026-05-23,Late,22,22:21,3,Dine-in,,198.0
7752,2026-05-23,Late,22,22:16,2,Dine-in,,50.0
7753,2026-05-23,Late,22,22:46,2,Dine-in,,139.0
7754,2026-05-23,Late,23,23:14,2,Dine-in,,160.0
7755,2026-05-23,Lunch,12,12:26,6,Dine-in,,280.0
7756,2026-05-23,Lunch,12,12:56,2,Dine-in,,106.5
7757,2026-05-23,Lunch,12,12:53,6,Dine-in,,260.5
7758,2026-05-23,Lunch,14,14:25,2,Dine-in,,228.0
7759,2026-05-23,Lunch,14,14:26,2,Dine-in,,103.5
7760,2026-05-23,Lunch,12,12:31,2,Takeaway,,93.0
7761,2026-05-23,Lunch,12,12:05,2,Dine-in,,147.0
7762,2026-05-23,Lunch,13,13:19,5,Dine-in,,165.0
7763,2026-05-23,Lunch,13,13:46,5,Dine-in,,252.5
7764,2026-05-23,Lunch,13,13:08,5,Dine-in,,209.0
7765,2026-05-24,Dinner,17,17:51,5,Dine-in,,194.5
7766,2026-05-24,Dinner,19,19:58,4,Dine-in,,96.5
7767,2026-05-24,Dinner,17,17:42,1,Dine-in,,11.0
7768,2026-05-24,Dinner,18,18:08,3,Dine-in,,117.0
7769,2026-05-24,Dinner,18,18:13,4,Takeaway,,151.0
7770,2026-05-24,Dinner,20,20:34,5,Dine-in,,241.5
7771,2026-05-24,Dinner,21,21:00,1,Dine-in,,29.5
7772,2026-05-24,Dinner,21,21:03,3,Dine-in,,92.5
7773,2026-05-24,Dinner,20,20:34,5,Dine-in,,155.5
7774,2026-05-24,Dinner,18,18:37,2,Dine-in,,89.5
7775,2026-05-24,Dinner,19,19:42,2,Dine-in,,94.0
7776,2026-05-24,Dinner,19,19:42,2,Dine-in,,65.5
7777,2026-05-24,Dinner,21,21:26,2,Takeaway,,126.0
7778,2026-05-24,Dinner,18,18:56,4,Dine-in,,215.5
7779,2026-05-24,Dinner,19,19:04,2,Dine-in,,163.5
7780,2026-05-24,Dinner,18,18:02,2,Dine-in,,96.5
7781,2026-05-24,Dinner,19,19:12,4,Takeaway,,183.0
7782,2026-05-24,Dinner,19,19:26,5,Dine-in,,160.5
7783,2026-05-24,Dinner,19,19:07,3,Takeaway,,113.0
7784,2026-05-24,Dinner,18,18:33,2,Dine-in,,76.0
7785,2026-05-24,Dinner,18,18:27,2,Dine-in,,35.5
7786,2026-05-24,Lunch,13,13:48,6,Dine-in,,286.5
7787,2026-05-24,Lunch,14,14:26,4,Dine-in,,120.5
7788,2026-05-24,Lunch,12,12:36,2,Takeaway,,71.5
7789,2026-05-24,Lunch,13,13:10,3,Dine-in,,146.5
7790,2026-05-24,Lunch,14,14:33,2,Dine-in,,122.0
7791,2026-05-24,Lunch,13,13:12,2,Dine-in,,71.0
7792,2026-05-24,Lunch,14,14:37,2,Dine-in,,36.0
7793,2026-05-24,Lunch,14,14:03,2,Dine-in,,68.5
7794,2026-05-24,Lunch,14,14:00,3,Dine-in,,99.0
7795,2026-05-24,Lunch,12,12:54,3,Dine-in,,195.5
7796,2026-05-24,Lunch,13,13:25,1,Takeaway,,66.0
7797,2026-05-24,Lunch,13,13:07,2,Dine-in,,58.5
7798,2026-05-26,Dinner,18,18:52,2,Dine-in,,94.0
7799,2026-05-26,Dinner,20,20:25,5,Dine-in,,246.5
7800,2026-05-26,Dinner,21,21:25,1,Dine-in,,78.0
7801,2026-05-26,Dinner,18,18:39,2,Takeaway,,62.5
7802,2026-05-26,Dinner,19,19:38,2,Dine-in,,92.5
7803,2026-05-26,Dinner,20,20:54,4,Dine-in,,97.0
7804,2026-05-26,Dinner,20,20:06,4,Takeaway,,97.0
7805,2026-05-26,Dinner,18,18:34,1,Dine-in,,0.0
7806,2026-05-26,Dinner,19,19:40,2,Dine-in,,94.5
7807,2026-05-26,Dinner,18,18:41,2,Dine-in,,166.0
7808,2026-05-26,Dinner,17,17:43,6,Dine-in,,147.0
7809,2026-05-26,Dinner,18,18:51,4,Takeaway,,144.5
7810,2026-05-26,Dinner,18,18:26,5,Dine-in,,226.5
7811,2026-05-26,Dinner,19,19:25,2,Dine-in,,65.0
7812,2026-05-26,Dinner,21,21:34,2,Dine-in,,97.5
7813,2026-05-26,Lunch,12,12:21,5,Dine-in,,166.0
7814,2026-05-26,Lunch,13,13:45,2,Dine-in,,50.5
7815,2026-05-26,Lunch,14,14:30,1,Dine-in,,50.5
7816,2026-05-26,Lunch,12,12:05,2,Dine-in,,32.0
7817,2026-05-26,Lunch,13,13:52,2,Dine-in,,59.5
7818,2026-05-26,Lunch,14,14:18,2,Dine-in,,107.5
7819,2026-05-26,Lunch,12,12:48,4,Dine-in,,234.0
7820,2026-05-27,Dinner,19,19:53,1,Dine-in,,18.0
7821,2026-05-27,Dinner,20,20:08,2,Dine-in,,86.0
7822,2026-05-27,Dinner,20,20:27,6,Dine-in,,267.5
7823,2026-05-27,Dinner,20,20:11,2,Dine-in,,138.0
7824,2026-05-27,Dinner,19,19:16,2,Dine-in,,113.5
7825,2026-05-27,Dinner,18,18:19,2,Dine-in,,166.0
7826,2026-05-27,Dinner,19,19:45,2,Dine-in,,136.5
7827,2026-05-27,Dinner,19,19:40,2,Dine-in,,95.5
7828,2026-05-27,Dinner,18,18:42,2,Dine-in,,44.5
7829,2026-05-27,Dinner,18,18:32,4,Dine-in,,200.5
7830,2026-05-27,Dinner,18,18:11,5,Dine-in,,114.0
7831,2026-05-27,Dinner,18,18:17,6,Dine-in,,270.5
7832,2026-05-27,Dinner,17,17:44,4,Dine-in,,322.5
7833,2026-05-27,Lunch,13,13:33,5,Dine-in,,192.5
7834,2026-05-27,Lunch,12,12:47,4,Dine-in,,224.0
7835,2026-05-27,Lunch,13,13:30,4,Dine-in,,168.5
7836,2026-05-27,Lunch,13,13:31,2,Dine-in,,40.0
7837,2026-05-27,Lunch,14,14:04,4,Dine-in,,122.5
7838,2026-05-27,Lunch,12,12:41,2,Dine-in,,53.0
7839,2026-05-27,Lunch,13,13:04,1,Dine-in,,37.0
7840,2026-05-28,Dinner,20,20:47,2,Dine-in,,146.0
7841,2026-05-28,Dinner,20,20:04,3,Takeaway,,198.0
7842,2026-05-28,Dinner,21,21:20,5,Takeaway,,233.0
7843,2026-05-28,Dinner,21,21:11,2,Dine-in,,171.0
7844,2026-05-28,Dinner,18,18:26,5,Takeaway,,274.5
7845,2026-05-28,Dinner,20,20:27,1,Takeaway,,62.5
7846,2026-05-28,Dinner,18,18:14,2,Takeaway,,99.5
7847,2026-05-28,Dinner,17,17:30,4,Dine-in,,202.0
7848,2026-05-28,Dinner,19,19:52,2,Takeaway,,38.0
7849,2026-05-28,Dinner,18,18:37,2,Dine-in,,80.0
7850,2026-05-28,Dinner,20,20:18,2,Dine-in,,86.5
7851,2026-05-28,Dinner,19,19:56,3,Dine-in,,158.5
7852,2026-05-28,Dinner,18,18:36,5,Dine-in,,179.5
7853,2026-05-28,Dinner,20,20:44,2,Dine-in,,79.5
7854,2026-05-28,Dinner,18,18:57,1,Dine-in,,14.0
7855,2026-05-28,Dinner,20,20:33,2,Dine-in,,121.5
7856,2026-05-28,Dinner,20,20:18,2,Dine-in,,104.0
7857,2026-05-28,Dinner,17,17:50,4,Dine-in,,173.0
7858,2026-05-28,Dinner,17,17:40,1,Dine-in,,22.5
7859,2026-05-28,Dinner,18,18:52,2,Takeaway,,240.5
7860,2026-05-28,Dinner,18,18:17,2,Dine-in,,114.0
7861,2026-05-28,Lunch,14,14:05,4,Dine-in,,146.0
7862,2026-05-28,Lunch,13,13:51,5,Takeaway,,243.0
7863,2026-05-28,Lunch,12,12:25,2,Dine-in,,114.5
7864,2026-05-28,Lunch,12,12:44,2,Dine-in,,129.5
7865,2026-05-28,Lunch,12,12:33,2,Takeaway,,81.5
7866,2026-05-28,Lunch,12,12:39,5,Dine-in,,285.0
7867,2026-05-28,Lunch,14,14:41,2,Takeaway,,64.0
7868,2026-05-28,Lunch,13,13:41,2,Takeaway,,23.5
7869,2026-05-29,Dinner,20,20:15,1,Takeaway,,19.0
7870,2026-05-29,Dinner,17,17:33,4,Dine-in,,116.5
7871,2026-05-29,Dinner,21,21:38,2,Dine-in,,50.5
7872,2026-05-29,Dinner,17,17:57,5,Dine-in,,142.0
7873,2026-05-29,Dinner,20,20:15,2,Dine-in,,72.0
7874,2026-05-29,Dinner,20,20:48,2,Dine-in,,99.5
7875,2026-05-29,Dinner,17,17:45,2,Dine-in,,45.0
7876,2026-05-29,Dinner,18,18:36,2,Takeaway,,56.5
7877,2026-05-29,Dinner,20,20:20,2,Dine-in,,18.0
7878,2026-05-29,Dinner,21,21:38,2,Dine-in,,46.5
7879,2026-05-29,Dinner,17,17:43,6,Dine-in,,181.0
7880,2026-05-29,Dinner,19,19:47,2,Dine-in,,84.5
7881,2026-05-29,Dinner,20,20:34,4,Dine-in,,153.0
7882,2026-05-29,Dinner,19,19:38,5,Dine-in,,193.0
7883,2026-05-29,Dinner,19,19:41,4,Dine-in,,139.5
7884,2026-05-29,Dinner,20,20:32,1,Dine-in,,19.0
7885,2026-05-29,Dinner,17,17:32,2,Dine-in,,130.5
7886,2026-05-29,Dinner,19,19:58,5,Dine-in,,148.0
7887,2026-05-29,Dinner,17,17:36,4,Dine-in,,184.0
7888,2026-05-29,Dinner,20,20:26,4,Dine-in,,194.5
7889,2026-05-29,Dinner,19,19:57,4,Dine-in,,147.0
7890,2026-05-29,Dinner,19,19:40,3,Dine-in,,120.5
7891,2026-05-29,Dinner,18,18:59,4,Dine-in,,124.0
7892,2026-05-29,Late,22,22:00,5,Dine-in,,197.5
7893,2026-05-29,Late,22,22:50,2,Dine-in,,126.5
7894,2026-05-29,Late,22,22:27,1,Dine-in,,15.0
7895,2026-05-29,Lunch,12,12:18,4,Dine-in,,194.5
7896,2026-05-29,Lunch,14,14:36,2,Dine-in,,96.5
7897,2026-05-29,Lunch,14,14:25,2,Takeaway,,84.0
7898,2026-05-29,Lunch,13,13:42,2,Dine-in,,109.0
7899,2026-05-29,Lunch,13,13:06,2,Takeaway,,133.0
7900,2026-05-29,Lunch,13,13:32,3,Dine-in,,194.0
7901,2026-05-29,Lunch,14,14:11,2,Dine-in,,109.5
7902,2026-05-29,Lunch,14,14:25,5,Dine-in,,175.5
7903,2026-05-29,Lunch,13,13:14,2,Dine-in,,178.0
7904,2026-05-29,Lunch,13,13:02,2,Dine-in,,130.0
7905,2026-05-29,Lunch,12,12:15,2,Dine-in,,63.0
7906,2026-05-29,Lunch,14,14:40,1,Dine-in,,50.5
7907,2026-05-30,Dinner,20,20:59,3,Dine-in,,116.5
7908,2026-05-30,Dinner,17,17:37,2,Dine-in,,122.5
7909,2026-05-30,Dinner,18,18:52,4,Dine-in,,139.0
7910,2026-05-30,Dinner,19,19:37,2,Dine-in,,69.5
7911,2026-05-30,Dinner,17,17:31,4,Dine-in,,171.5
7912,2026-05-30,Dinner,20,20:42,2,Dine-in,,57.0
7913,2026-05-30,Dinner,18,18:10,2,Dine-in,,131.5
7914,2026-05-30,Dinner,21,21:34,6,Takeaway,,281.0
7915,2026-05-30,Dinner,17,17:56,6,Dine-in,,207.0
7916,2026-05-30,Dinner,21,21:31,4,Dine-in,,137.0
7917,2026-05-30,Dinner,21,21:32,3,Dine-in,,141.0
7918,2026-05-30,Dinner,21,21:17,2,Dine-in,,98.0
7919,2026-05-30,Dinner,20,20:09,2,Dine-in,,87.5
7920,2026-05-30,Dinner,21,21:08,3,Dine-in,,80.5
7921,2026-05-30,Dinner,21,21:02,2,Dine-in,,182.5
7922,2026-05-30,Dinner,18,18:19,4,Dine-in,,113.0
7923,2026-05-30,Dinner,21,21:20,2,Dine-in,,93.5
7924,2026-05-30,Dinner,18,18:24,1,Dine-in,,80.0
7925,2026-05-30,Dinner,19,19:39,2,Takeaway,,107.5
7926,2026-05-30,Dinner,20,20:16,3,Dine-in,,78.0
7927,2026-05-30,Dinner,21,21:15,2,Dine-in,,9.0
7928,2026-05-30,Dinner,18,18:01,4,Dine-in,,179.5
7929,2026-05-30,Dinner,18,18:00,2,Dine-in,,81.0
7930,2026-05-30,Dinner,20,20:06,5,Dine-in,,280.5
7931,2026-05-30,Dinner,21,21:25,2,Dine-in,,44.5
7932,2026-05-30,Dinner,20,20:55,2,Takeaway,,93.5
7933,2026-05-30,Dinner,21,21:10,1,Dine-in,,59.0
7934,2026-05-30,Dinner,19,19:26,2,Dine-in,,87.0
7935,2026-05-30,Dinner,20,20:31,2,Dine-in,,97.0
7936,2026-05-30,Dinner,20,20:38,2,Dine-in,,71.0
7937,2026-05-30,Dinner,21,21:30,1,Dine-in,,101.0
7938,2026-05-30,Dinner,20,20:39,2,Dine-in,,101.5
7939,2026-05-30,Dinner,21,21:38,2,Dine-in,,75.0
7940,2026-05-30,Dinner,20,20:50,1,Dine-in,,9.0
7941,2026-05-30,Late,22,22:49,5,Dine-in,,133.0
7942,2026-05-30,Late,22,22:29,2,Dine-in,,182.5
7943,2026-05-30,Late,22,22:38,3,Dine-in,,171.0
7944,2026-05-30,Lunch,14,14:12,2,Takeaway,,66.5
7945,2026-05-30,Lunch,12,12:21,2,Takeaway,,183.5
7946,2026-05-30,Lunch,14,14:42,2,Takeaway,,93.0
7947,2026-05-30,Lunch,14,14:02,2,Dine-in,,146.5
7948,2026-05-30,Lunch,12,12:37,5,Dine-in,,244.0
7949,2026-05-30,Lunch,12,12:59,4,Dine-in,,115.0
7950,2026-05-30,Lunch,12,12:36,2,Dine-in,,55.5
7951,2026-05-30,Lunch,14,14:28,2,Dine-in,,44.0
7952,2026-05-30,Lunch,12,12:25,2,Dine-in,,128.5
7953,2026-05-30,Lunch,12,12:47,4,Dine-in,,189.5
7954,2026-05-30,Lunch,13,13:14,2,Dine-in,,65.0
7955,2026-05-30,Lunch,12,12:51,2,Dine-in,,65.0
7956,2026-05-30,Lunch,14,14:28,2,Takeaway,,129.5
7957,2026-05-30,Lunch,14,14:36,4,Dine-in,,162.5
7958,2026-05-30,Lunch,13,13:10,4,Dine-in,,124.0
7959,2026-05-31,Dinner,20,20:19,2,Dine-in,,37.5
7960,2026-05-31,Dinner,18,18:11,4,Dine-in,,150.0
7961,2026-05-31,Dinner,21,21:13,2,Dine-in,,58.5
7962,2026-05-31,Dinner,19,19:51,4,Dine-in,,239.0
7963,2026-05-31,Dinner,20,20:20,4,Dine-in,,241.5
7964,2026-05-31,Dinner,17,17:52,2,Dine-in,,145.5
7965,2026-05-31,Dinner,20,20:26,2,Dine-in,,72.5
7966,2026-05-31,Dinner,19,19:32,2,Dine-in,,3.5
7967,2026-05-31,Dinner,21,21:14,5,Dine-in,,250.5
7968,2026-05-31,Dinner,19,19:28,2,Dine-in,,72.0
7969,2026-05-31,Dinner,21,21:33,3,Dine-in,,141.0
7970,2026-05-31,Dinner,18,18:15,2,Dine-in,,83.0
7971,2026-05-31,Dinner,18,18:36,2,Dine-in,,32.5
7972,2026-05-31,Dinner,19,19:11,4,Dine-in,,320.5
7973,2026-05-31,Dinner,21,21:09,2,Dine-in,,113.5
7974,2026-05-31,Dinner,18,18:01,2,Dine-in,,69.0
7975,2026-05-31,Dinner,19,19:57,2,Dine-in,,66.0
7976,2026-05-31,Dinner,18,18:26,1,Dine-in,,55.0
7977,2026-05-31,Dinner,19,19:21,1,Dine-in,,10.5
7978,2026-05-31,Dinner,19,19:24,1,Dine-in,,43.0
7979,2026-05-31,Lunch,13,13:02,2,Dine-in,,103.5
7980,2026-05-31,Lunch,14,14:31,2,Dine-in,,122.0
7981,2026-05-31,Lunch,13,13:12,3,Dine-in,,112.0
7982,2026-05-31,Lunch,12,12:57,2,Dine-in,,69.5
7983,2026-05-31,Lunch,12,12:22,3,Takeaway,,130.0
7984,2026-05-31,Lunch,13,13:05,5,Dine-in,,233.0
7985,2026-05-31,Lunch,12,12:27,2,Dine-in,,109.0
7986,2026-05-31,Lunch,14,14:14,2,Dine-in,,119.0
7987,2026-05-31,Lunch,12,12:14,5,Dine-in,,180.0
7988,2026-05-31,Lunch,13,13:31,2,Dine-in,,71.0
7989,2026-05-31,Lunch,12,12:05,1,Dine-in,,43.5
7990,2026-05-31,Lunch,14,14:42,2,Dine-in,,107.5
7991,2026-06-02,Dinner,18,18:33,6,Dine-in,,240.0
7992,2026-06-02,Dinner,20,20:10,2,Dine-in,,99.0
7993,2026-06-02,Dinner,20,20:19,2,Dine-in,,129.5
7994,2026-06-02,Dinner,17,17:31,2,Dine-in,,90.0
7995,2026-06-02,Dinner,18,18:00,2,Dine-in,,56.5
7996,2026-06-02,Dinner,19,19:58,2,Dine-in,,88.0
7997,2026-06-02,Dinner,19,19:57,3,Dine-in,,106.5
7998,2026-06-02,Dinner,21,21:32,1,Dine-in,,75.5
7999,2026-06-02,Dinner,18,18:54,2,Dine-in,,26.0
8000,2026-06-02,Dinner,21,21:43,6,Dine-in,,197.0
8001,2026-06-02,Dinner,20,20:59,1,Dine-in,,18.0
8002,2026-06-02,Dinner,20,20:29,2,Dine-in,,159.5
8003,2026-06-02,Dinner,19,19:16,1,Dine-in,,88.5
8004,2026-06-02,Dinner,20,20:12,2,Dine-in,,140.0
8005,2026-06-02,Dinner,19,19:12,1,Dine-in,,11.5
8006,2026-06-02,Dinner,21,21:34,2,Dine-in,,88.5
8007,2026-06-02,Dinner,18,18:42,4,Dine-in,,136.0
8008,2026-06-02,Dinner,17,17:51,2,Takeaway,,44.0
8009,2026-06-02,Dinner,18,18:33,1,Dine-in,,17.5
8010,2026-06-02,Lunch,12,12:00,2,Dine-in,,92.5
8011,2026-06-02,Lunch,13,13:02,4,Dine-in,,108.0
8012,2026-06-02,Lunch,14,14:04,1,Dine-in,,7.5
8013,2026-06-02,Lunch,14,14:11,5,Takeaway,,214.5
8014,2026-06-02,Lunch,12,12:11,3,Dine-in,,130.5
8015,2026-06-02,Lunch,12,12:18,3,Dine-in,,128.0
8016,2026-06-03,Dinner,20,20:15,1,Takeaway,,83.5
8017,2026-06-03,Dinner,18,18:35,2,Dine-in,,98.5
8018,2026-06-03,Dinner,19,19:00,6,Dine-in,,272.5
8019,2026-06-03,Dinner,19,19:40,2,Dine-in,,101.0
8020,2026-06-03,Dinner,20,20:56,2,Dine-in,,63.0
8021,2026-06-03,Dinner,19,19:11,2,Dine-in,,33.5
8022,2026-06-03,Dinner,20,20:39,3,Dine-in,,114.0
8023,2026-06-03,Dinner,19,19:23,3,Dine-in,,102.0
8024,2026-06-03,Dinner,17,17:52,3,Dine-in,,100.5
8025,2026-06-03,Dinner,21,21:19,2,Dine-in,,100.0
8026,2026-06-03,Dinner,18,18:50,4,Takeaway,,181.0
8027,2026-06-03,Dinner,21,21:08,3,Takeaway,,114.5
8028,2026-06-03,Dinner,21,21:35,2,Takeaway,,191.5
8029,2026-06-03,Dinner,19,19:49,2,Dine-in,,56.5
8030,2026-06-03,Dinner,20,20:16,3,Dine-in,,176.5
8031,2026-06-03,Dinner,19,19:45,2,Dine-in,,90.0
8032,2026-06-03,Dinner,21,21:29,2,Dine-in,,104.0
8033,2026-06-03,Dinner,19,19:56,2,Dine-in,,69.5
8034,2026-06-03,Dinner,20,20:56,2,Dine-in,,147.5
8035,2026-06-03,Dinner,19,19:38,3,Dine-in,,86.5
8036,2026-06-03,Dinner,18,18:24,3,Dine-in,,173.5
8037,2026-06-03,Lunch,12,12:00,2,Dine-in,,69.5
8038,2026-06-03,Lunch,13,13:14,1,Dine-in,,34.0
8039,2026-06-03,Lunch,13,13:07,2,Dine-in,,77.0
8040,2026-06-03,Lunch,13,13:43,2,Dine-in,,72.5
8041,2026-06-03,Lunch,13,13:52,5,Dine-in,,300.5
8042,2026-06-03,Lunch,12,12:45,1,Dine-in,,71.0
8043,2026-06-03,Lunch,12,12:37,4,Takeaway,,148.0
8044,2026-06-03,Lunch,13,13:37,4,Dine-in,,193.0
8045,2026-06-04,Dinner,20,20:53,1,Dine-in,,70.0
8046,2026-06-04,Dinner,20,20:24,3,Dine-in,,129.0
8047,2026-06-04,Dinner,19,19:59,2,Dine-in,,65.0
8048,2026-06-04,Dinner,18,18:30,2,Dine-in,,43.0
8049,2026-06-04,Dinner,21,21:38,4,Dine-in,,121.0
8050,2026-06-04,Dinner,19,19:55,3,Dine-in,,87.5
8051,2026-06-04,Dinner,21,21:43,2,Dine-in,,57.0
8052,2026-06-04,Dinner,17,17:43,2,Dine-in,,59.0
8053,2026-06-04,Dinner,17,17:42,2,Takeaway,,102.5
8054,2026-06-04,Dinner,19,19:26,2,Dine-in,,134.5
8055,2026-06-04,Dinner,21,21:01,3,Takeaway,,140.0
8056,2026-06-04,Dinner,18,18:24,2,Takeaway,,59.0
8057,2026-06-04,Dinner,18,18:11,2,Dine-in,,160.0
8058,2026-06-04,Dinner,20,20:55,5,Dine-in,,220.5
8059,2026-06-04,Dinner,18,18:43,2,Dine-in,,128.0
8060,2026-06-04,Dinner,19,19:21,4,Dine-in,,181.5
8061,2026-06-04,Dinner,20,20:59,2,Dine-in,,149.5
8062,2026-06-04,Dinner,19,19:41,2,Dine-in,,116.0
8063,2026-06-04,Dinner,18,18:12,2,Dine-in,,87.5
8064,2026-06-04,Dinner,19,19:11,3,Takeaway,,132.5
8065,2026-06-04,Lunch,12,12:19,4,Dine-in,,147.5
8066,2026-06-04,Lunch,13,13:08,2,Dine-in,,95.0
8067,2026-06-04,Lunch,12,12:29,2,Dine-in,,101.5
8068,2026-06-04,Lunch,13,13:12,1,Takeaway,,46.5
8069,2026-06-04,Lunch,12,12:34,2,Dine-in,,75.0
8070,2026-06-04,Lunch,12,12:27,4,Dine-in,,150.5
8071,2026-06-04,Lunch,14,14:01,2,Dine-in,,76.0
8072,2026-06-04,Lunch,12,12:11,5,Dine-in,,283.5
8073,2026-06-04,Lunch,12,12:08,2,Takeaway,,47.0
8074,2026-06-04,Lunch,13,13:17,2,Dine-in,,234.0
8075,2026-06-04,Lunch,14,14:09,5,Dine-in,,206.5
8076,2026-06-05,Dinner,20,20:07,5,Dine-in,,270.0
8077,2026-06-05,Dinner,21,21:05,5,Dine-in,,223.0
8078,2026-06-05,Dinner,19,19:24,4,Dine-in,,94.0
8079,2026-06-05,Dinner,18,18:59,2,Dine-in,,53.0
8080,2026-06-05,Dinner,21,21:19,2,Dine-in,,97.5
8081,2026-06-05,Dinner,17,17:35,2,Dine-in,,30.0
8082,2026-06-05,Dinner,20,20:55,2,Dine-in,,67.0
8083,2026-06-05,Dinner,19,19:05,3,Dine-in,,100.5
8084,2026-06-05,Dinner,20,20:32,2,Dine-in,,60.0
8085,2026-06-05,Dinner,21,21:42,2,Dine-in,,204.5
8086,2026-06-05,Dinner,19,19:48,3,Dine-in,,147.0
8087,2026-06-05,Dinner,21,21:29,2,Dine-in,,34.0
8088,2026-06-05,Dinner,21,21:33,3,Dine-in,,112.5
8089,2026-06-05,Dinner,18,18:39,2,Dine-in,,112.5
8090,2026-06-05,Dinner,18,18:15,2,Dine-in,,66.5
8091,2026-06-05,Dinner,20,20:32,2,Dine-in,,9.0
8092,2026-06-05,Dinner,19,19:30,2,Dine-in,,71.5
8093,2026-06-05,Dinner,17,17:39,2,Dine-in,,111.5
8094,2026-06-05,Dinner,20,20:47,4,Dine-in,,252.5
8095,2026-06-05,Dinner,19,19:02,2,Dine-in,,188.0
8096,2026-06-05,Dinner,20,20:36,3,Dine-in,,182.0
8097,2026-06-05,Dinner,18,18:09,6,Dine-in,,312.5
8098,2026-06-05,Dinner,19,19:05,2,Dine-in,,99.5
8099,2026-06-05,Dinner,20,20:30,2,Dine-in,,69.5
8100,2026-06-05,Dinner,19,19:10,3,Dine-in,,109.0
8101,2026-06-05,Dinner,21,21:00,2,Dine-in,,93.5
8102,2026-06-05,Dinner,21,21:41,2,Dine-in,,37.5
8103,2026-06-05,Dinner,18,18:45,2,Dine-in,,75.0
8104,2026-06-05,Dinner,19,19:19,2,Dine-in,,139.5
8105,2026-06-05,Late,22,22:04,6,Takeaway,,215.0
8106,2026-06-05,Late,22,22:24,2,Dine-in,,41.0
8107,2026-06-05,Late,22,22:09,2,Dine-in,,56.5
8108,2026-06-05,Late,23,23:03,1,Dine-in,,18.0
8109,2026-06-05,Lunch,13,13:09,1,Dine-in,,42.0
8110,2026-06-05,Lunch,12,12:39,3,Takeaway,,130.5
8111,2026-06-05,Lunch,12,12:11,2,Dine-in,,102.0
8112,2026-06-05,Lunch,13,13:59,1,Dine-in,,81.0
8113,2026-06-05,Lunch,12,12:37,2,Dine-in,,108.5
8114,2026-06-05,Lunch,12,12:03,4,Dine-in,,143.5
8115,2026-06-05,Lunch,13,13:49,4,Dine-in,,173.5
8116,2026-06-05,Lunch,13,13:56,2,Dine-in,,115.0
8117,2026-06-05,Lunch,14,14:42,2,Dine-in,,108.0
8118,2026-06-05,Lunch,13,13:04,4,Dine-in,,140.0
8119,2026-06-05,Lunch,13,13:59,2,Dine-in,,58.0
8120,2026-06-05,Lunch,12,12:44,3,Dine-in,,133.5
8121,2026-06-05,Lunch,13,13:20,2,Dine-in,,86.5
8122,2026-06-06,Dinner,21,21:27,4,Dine-in,,198.0
8123,2026-06-06,Dinner,20,20:14,3,Dine-in,,220.0
8124,2026-06-06,Dinner,20,20:28,5,Dine-in,,368.5
8125,2026-06-06,Dinner,21,21:07,3,Dine-in,,53.0
8126,2026-06-06,Dinner,20,20:16,2,Dine-in,,64.5
8127,2026-06-06,Dinner,20,20:35,2,Dine-in,,59.0
8128,2026-06-06,Dinner,21,21:16,2,Dine-in,,57.0
8129,2026-06-06,Dinner,20,20:11,2,Dine-in,,53.5
8130,2026-06-06,Dinner,19,19:01,2,Dine-in,,31.0
8131,2026-06-06,Dinner,18,18:05,2,Dine-in,,38.5
8132,2026-06-06,Dinner,21,21:11,5,Dine-in,,207.5
8133,2026-06-06,Dinner,21,21:25,2,Dine-in,,90.0
8134,2026-06-06,Dinner,18,18:26,2,Takeaway,,14.5
8135,2026-06-06,Dinner,20,20:04,2,Dine-in,,93.0
8136,2026-06-06,Dinner,20,20:52,2,Dine-in,,38.0
8137,2026-06-06,Dinner,19,19:30,4,Dine-in,,158.0
8138,2026-06-06,Dinner,20,20:52,2,Dine-in,,94.5
8139,2026-06-06,Dinner,21,21:25,3,Dine-in,,190.0
8140,2026-06-06,Dinner,21,21:07,4,Dine-in,,148.0
8141,2026-06-06,Dinner,17,17:58,2,Dine-in,,87.5
8142,2026-06-06,Dinner,19,19:52,2,Dine-in,,73.0
8143,2026-06-06,Dinner,20,20:19,2,Dine-in,,55.5
8144,2026-06-06,Dinner,19,19:43,1,Dine-in,,53.5
8145,2026-06-06,Dinner,18,18:19,2,Dine-in,,179.0
8146,2026-06-06,Dinner,18,18:20,5,Dine-in,,222.5
8147,2026-06-06,Dinner,18,18:10,4,Takeaway,,76.0
8148,2026-06-06,Dinner,19,19:46,2,Dine-in,,37.5
8149,2026-06-06,Dinner,18,18:30,2,Dine-in,,105.0
8150,2026-06-06,Dinner,20,20:26,1,Dine-in,,37.5
8151,2026-06-06,Dinner,21,21:39,4,Dine-in,,144.0
8152,2026-06-06,Dinner,18,18:32,3,Dine-in,,127.5
8153,2026-06-06,Dinner,20,20:56,1,Dine-in,,20.0
8154,2026-06-06,Dinner,19,19:57,3,Dine-in,,201.5
8155,2026-06-06,Late,22,22:19,4,Dine-in,,269.5
8156,2026-06-06,Late,23,23:07,2,Dine-in,,39.5
8157,2026-06-06,Late,22,22:00,2,Dine-in,,43.5
8158,2026-06-06,Late,22,22:29,5,Dine-in,,115.0
8159,2026-06-06,Lunch,14,14:24,2,Dine-in,,108.5
8160,2026-06-06,Lunch,13,13:47,5,Dine-in,,359.0
8161,2026-06-06,Lunch,12,12:17,5,Dine-in,,247.0
8162,2026-06-06,Lunch,12,12:22,2,Dine-in,,43.5
8163,2026-06-06,Lunch,12,12:45,2,Dine-in,,39.5
8164,2026-06-06,Lunch,13,13:47,3,Dine-in,,116.5
8165,2026-06-06,Lunch,12,12:06,2,Dine-in,,106.0
8166,2026-06-06,Lunch,13,13:37,2,Dine-in,,91.5
8167,2026-06-06,Lunch,14,14:22,2,Dine-in,,104.5
8168,2026-06-06,Lunch,12,12:20,2,Dine-in,,47.0
8169,2026-06-06,Lunch,12,12:05,2,Dine-in,,106.5
8170,2026-06-06,Lunch,12,12:33,2,Dine-in,,132.5
8171,2026-06-06,Lunch,13,13:30,2,Dine-in,,67.5
8172,2026-06-06,Lunch,14,14:16,1,Dine-in,,45.5
8173,2026-06-07,Dinner,18,18:22,2,Dine-in,,27.0
8174,2026-06-07,Dinner,18,18:49,2,Dine-in,,64.5
8175,2026-06-07,Dinner,21,21:22,2,Dine-in,,126.0
8176,2026-06-07,Dinner,18,18:13,6,Dine-in,,261.0
8177,2026-06-07,Dinner,18,18:20,1,Dine-in,,53.5
8178,2026-06-07,Dinner,18,18:33,4,Dine-in,,244.5
8179,2026-06-07,Dinner,17,17:35,3,Dine-in,,147.0
8180,2026-06-07,Dinner,18,18:55,4,Dine-in,,92.0
8181,2026-06-07,Dinner,19,19:38,6,Dine-in,,287.0
8182,2026-06-07,Dinner,20,20:18,4,Dine-in,,139.0
8183,2026-06-07,Dinner,20,20:11,2,Dine-in,,133.0
8184,2026-06-07,Dinner,20,20:17,2,Dine-in,,100.5
8185,2026-06-07,Dinner,19,19:54,2,Dine-in,,128.0
8186,2026-06-07,Dinner,20,20:36,5,Dine-in,,201.5
8187,2026-06-07,Dinner,18,18:25,2,Dine-in,,120.0
8188,2026-06-07,Dinner,21,21:29,4,Dine-in,,178.5
8189,2026-06-07,Dinner,20,20:28,2,Dine-in,,98.5
8190,2026-06-07,Dinner,18,18:05,2,Dine-in,,41.5
8191,2026-06-07,Dinner,19,19:17,4,Dine-in,,134.0
8192,2026-06-07,Dinner,18,18:07,1,Dine-in,,48.5
8193,2026-06-07,Lunch,12,12:32,2,Dine-in,,134.0
8194,2026-06-07,Lunch,12,12:04,2,Dine-in,,133.0
8195,2026-06-07,Lunch,12,12:01,3,Dine-in,,134.0
8196,2026-06-07,Lunch,14,14:26,1,Dine-in,,16.0
8197,2026-06-07,Lunch,12,12:38,3,Dine-in,,80.0
8198,2026-06-07,Lunch,14,14:15,2,Dine-in,,42.5
8199,2026-06-07,Lunch,12,12:07,5,Dine-in,,280.5
8200,2026-06-07,Lunch,12,12:44,4,Dine-in,,274.0
8201,2026-06-07,Lunch,12,12:27,3,Dine-in,,53.0
8202,2026-06-07,Lunch,13,13:56,2,Dine-in,,39.5
8203,2026-06-09,Dinner,21,21:31,2,Dine-in,,24.0
8204,2026-06-09,Dinner,20,20:27,1,Dine-in,,27.5
8205,2026-06-09,Dinner,20,20:40,4,Dine-in,,219.5
8206,2026-06-09,Dinner,19,19:30,1,Dine-in,,67.5
8207,2026-06-09,Dinner,19,19:34,1,Dine-in,,18.0
8208,2026-06-09,Dinner,19,19:08,5,Dine-in,,248.5
8209,2026-06-09,Dinner,20,20:10,2,Dine-in,,86.5
8210,2026-06-09,Dinner,21,21:36,2,Dine-in,,63.5
8211,2026-06-09,Dinner,21,21:34,2,Dine-in,,162.0
8212,2026-06-09,Dinner,19,19:38,3,Dine-in,,106.0
8213,2026-06-09,Dinner,20,20:01,2,Dine-in,,81.0
8214,2026-06-09,Dinner,20,20:16,2,Takeaway,,51.5
8215,2026-06-09,Dinner,17,17:40,2,Dine-in,,14.0
8216,2026-06-09,Dinner,20,20:20,5,Dine-in,,236.5
8217,2026-06-09,Dinner,18,18:40,2,Dine-in,,149.0
8218,2026-06-09,Dinner,21,21:06,5,Dine-in,,148.5
8219,2026-06-09,Dinner,18,18:50,2,Dine-in,,82.5
8220,2026-06-09,Lunch,12,12:22,4,Dine-in,,156.5
8221,2026-06-09,Lunch,13,13:03,3,Dine-in,,134.5
8222,2026-06-09,Lunch,13,13:55,1,Dine-in,,38.0
8223,2026-06-09,Lunch,12,12:11,2,Dine-in,,123.5
8224,2026-06-09,Lunch,13,13:13,5,Dine-in,,140.5
8225,2026-06-09,Lunch,12,12:49,2,Dine-in,,75.0
8226,2026-06-09,Lunch,14,14:19,3,Dine-in,,172.5
8227,2026-06-10,Dinner,20,20:29,6,Dine-in,,194.5
8228,2026-06-10,Dinner,20,20:24,2,Dine-in,,43.5
8229,2026-06-10,Dinner,19,19:12,2,Dine-in,,59.5
8230,2026-06-10,Dinner,18,18:22,2,Takeaway,,67.0
8231,2026-06-10,Dinner,19,19:08,2,Takeaway,,133.0
8232,2026-06-10,Dinner,20,20:39,2,Dine-in,,148.0
8233,2026-06-10,Dinner,20,20:46,3,Dine-in,,142.5
8234,2026-06-10,Dinner,19,19:11,4,Dine-in,,132.5
8235,2026-06-10,Dinner,19,19:29,2,Dine-in,,79.5
8236,2026-06-10,Dinner,18,18:31,5,Takeaway,,146.0
8237,2026-06-10,Dinner,17,17:47,4,Dine-in,,147.5
8238,2026-06-10,Dinner,20,20:51,3,Dine-in,,129.5
8239,2026-06-10,Dinner,19,19:57,4,Dine-in,,137.0
8240,2026-06-10,Dinner,19,19:04,2,Dine-in,,82.0
8241,2026-06-10,Dinner,19,19:16,5,Dine-in,,279.0
8242,2026-06-10,Dinner,20,20:55,2,Dine-in,,74.5
8243,2026-06-10,Dinner,21,21:25,1,Dine-in,,29.0
8244,2026-06-10,Lunch,13,13:32,5,Dine-in,,205.5
8245,2026-06-10,Lunch,12,12:21,2,Dine-in,,29.5
8246,2026-06-10,Lunch,12,12:15,2,Dine-in,,65.5
8247,2026-06-10,Lunch,13,13:47,1,Dine-in,,66.5
8248,2026-06-10,Lunch,13,13:52,2,Dine-in,,100.0
8249,2026-06-10,Lunch,12,12:10,3,Dine-in,,103.5
8250,2026-06-10,Lunch,13,13:55,5,Dine-in,,287.5
8251,2026-06-10,Lunch,12,12:39,3,Dine-in,,77.0
8252,2026-06-10,Lunch,14,14:00,2,Dine-in,,151.5
8253,2026-06-11,Dinner,21,21:08,2,Dine-in,,122.0
8254,2026-06-11,Dinner,21,21:30,2,Dine-in,,38.0
8255,2026-06-11,Dinner,20,20:02,2,Dine-in,,138.5
8256,2026-06-11,Dinner,17,17:44,2,Dine-in,,118.5
8257,2026-06-11,Dinner,18,18:07,2,Dine-in,,57.5
8258,2026-06-11,Dinner,18,18:33,4,Dine-in,,166.5
8259,2026-06-11,Dinner,20,20:11,1,Dine-in,,8.5
8260,2026-06-11,Dinner,20,20:12,2,Dine-in,,16.5
8261,2026-06-11,Dinner,17,17:41,2,Dine-in,,101.5
8262,2026-06-11,Dinner,20,20:51,2,Dine-in,,93.0
8263,2026-06-11,Dinner,17,17:52,5,Dine-in,,266.0
8264,2026-06-11,Dinner,17,17:40,6,Dine-in,,309.5
8265,2026-06-11,Dinner,19,19:21,2,Dine-in,,110.0
8266,2026-06-11,Dinner,18,18:05,2,Dine-in,,204.5
8267,2026-06-11,Dinner,20,20:08,3,Dine-in,,152.5
8268,2026-06-11,Dinner,21,21:26,3,Takeaway,,207.5
8269,2026-06-11,Dinner,18,18:31,6,Dine-in,,288.5
8270,2026-06-11,Dinner,21,21:01,2,Dine-in,,105.5
8271,2026-06-11,Dinner,17,17:42,1,Dine-in,,23.0
8272,2026-06-11,Dinner,21,21:24,3,Dine-in,,88.0
8273,2026-06-11,Dinner,20,20:23,3,Takeaway,,165.0
8274,2026-06-11,Dinner,20,20:14,2,Dine-in,,34.5
8275,2026-06-11,Lunch,13,13:32,2,Dine-in,,53.5
8276,2026-06-11,Lunch,13,13:19,2,Takeaway,,45.0
8277,2026-06-11,Lunch,14,14:20,2,Dine-in,,70.0
8278,2026-06-11,Lunch,14,14:27,2,Dine-in,,132.5
8279,2026-06-11,Lunch,12,12:18,5,Dine-in,,188.5
8280,2026-06-11,Lunch,12,12:27,3,Dine-in,,181.5
8281,2026-06-11,Lunch,14,14:25,3,Dine-in,,139.0
8282,2026-06-11,Lunch,12,12:56,2,Dine-in,,73.5
8283,2026-06-12,Dinner,20,20:48,1,Dine-in,,43.5
8284,2026-06-12,Dinner,19,19:54,1,Dine-in,,39.0
8285,2026-06-12,Dinner,18,18:00,2,Dine-in,,28.0
8286,2026-06-12,Dinner,19,19:05,3,Dine-in,,267.0
8287,2026-06-12,Dinner,21,21:06,2,Dine-in,,82.0
8288,2026-06-12,Dinner,20,20:57,2,Dine-in,,84.5
8289,2026-06-12,Dinner,18,18:23,2,Dine-in,,177.5
8290,2026-06-12,Dinner,21,21:14,3,Dine-in,,117.0
8291,2026-06-12,Dinner,21,21:04,2,Dine-in,,142.0
8292,2026-06-12,Dinner,17,17:48,2,Dine-in,,101.5
8293,2026-06-12,Dinner,17,17:54,4,Dine-in,,149.5
8294,2026-06-12,Dinner,20,20:44,2,Dine-in,,125.5
8295,2026-06-12,Dinner,19,19:07,2,Dine-in,,44.0
8296,2026-06-12,Dinner,20,20:05,2,Takeaway,,123.5
8297,2026-06-12,Dinner,18,18:26,2,Dine-in,,143.0
8298,2026-06-12,Dinner,19,19:48,2,Dine-in,,70.5
8299,2026-06-12,Dinner,21,21:01,5,Dine-in,,170.5
8300,2026-06-12,Dinner,19,19:46,2,Dine-in,,88.5
8301,2026-06-12,Dinner,20,20:21,2,Dine-in,,100.0
8302,2026-06-12,Dinner,21,21:43,3,Takeaway,,123.5
8303,2026-06-12,Dinner,19,19:06,2,Dine-in,,80.5
8304,2026-06-12,Dinner,19,19:09,6,Dine-in,,222.0
8305,2026-06-12,Dinner,21,21:22,5,Dine-in,,218.5
8306,2026-06-12,Dinner,21,21:21,3,Dine-in,,119.5
8307,2026-06-12,Dinner,21,21:36,2,Dine-in,,112.0
8308,2026-06-12,Dinner,18,18:50,2,Dine-in,,42.5
8309,2026-06-12,Dinner,19,19:47,5,Dine-in,,233.0
8310,2026-06-12,Dinner,20,20:23,2,Dine-in,,78.5
8311,2026-06-12,Dinner,20,20:59,2,Dine-in,,6.5
8312,2026-06-12,Dinner,21,21:33,3,Dine-in,,73.0
8313,2026-06-12,Dinner,18,18:15,2,Takeaway,,50.5
8314,2026-06-12,Dinner,20,20:22,3,Dine-in,,77.5
8315,2026-06-12,Dinner,17,17:57,1,Dine-in,,5.5
8316,2026-06-12,Dinner,18,18:02,1,Dine-in,,5.5
8317,2026-06-12,Late,23,23:10,2,Dine-in,,82.0
8318,2026-06-12,Late,22,22:46,2,Dine-in,,135.5
8319,2026-06-12,Late,22,22:19,2,Dine-in,,68.0
8320,2026-06-12,Late,22,22:15,3,Dine-in,,90.5
8321,2026-06-12,Lunch,13,13:58,2,Dine-in,,116.0
8322,2026-06-12,Lunch,12,12:51,2,Dine-in,,57.0
8323,2026-06-12,Lunch,13,13:37,5,Dine-in,,205.0
8324,2026-06-12,Lunch,14,14:20,2,Dine-in,,265.0
8325,2026-06-12,Lunch,12,12:28,5,Dine-in,,193.0
8326,2026-06-12,Lunch,14,14:09,5,Dine-in,,162.0
8327,2026-06-12,Lunch,13,13:32,3,Dine-in,,146.5
8328,2026-06-12,Lunch,14,14:00,3,Dine-in,,179.0
8329,2026-06-12,Lunch,12,12:07,2,Dine-in,,111.0
8330,2026-06-12,Lunch,13,13:30,2,Dine-in,,122.5
8331,2026-06-12,Lunch,12,12:51,2,Takeaway,,35.0
8332,2026-06-13,Dinner,17,17:31,4,Dine-in,,222.5
8333,2026-06-13,Dinner,21,21:42,3,Dine-in,,126.5
8334,2026-06-13,Dinner,18,18:51,2,Dine-in,,42.0
8335,2026-06-13,Dinner,18,18:35,2,Dine-in,,192.5
8336,2026-06-13,Dinner,18,18:35,4,Dine-in,,248.5
8337,2026-06-13,Dinner,18,18:23,2,Dine-in,,67.5
8338,2026-06-13,Dinner,19,19:28,3,Dine-in,,250.0
8339,2026-06-13,Dinner,21,21:35,2,Dine-in,,51.5
8340,2026-06-13,Dinner,17,17:53,2,Dine-in,,99.0
8341,2026-06-13,Dinner,18,18:55,2,Dine-in,,115.5
8342,2026-06-13,Dinner,18,18:51,2,Dine-in,,71.5
8343,2026-06-13,Dinner,18,18:27,1,Dine-in,,60.0
8344,2026-06-13,Dinner,19,19:04,4,Dine-in,,226.0
8345,2026-06-13,Dinner,17,17:46,2,Dine-in,,82.5
8346,2026-06-13,Dinner,18,18:39,5,Takeaway,,270.5
8347,2026-06-13,Dinner,17,17:40,5,Dine-in,,190.0
8348,2026-06-13,Dinner,21,21:07,1,Dine-in,,47.0
8349,2026-06-13,Dinner,20,20:59,6,Dine-in,,460.0
8350,2026-06-13,Dinner,19,19:54,3,Dine-in,,111.5
8351,2026-06-13,Dinner,20,20:12,2,Dine-in,,68.5
8352,2026-06-13,Dinner,19,19:25,2,Dine-in,,44.0
8353,2026-06-13,Dinner,19,19:40,1,Takeaway,,27.5
8354,2026-06-13,Dinner,20,20:21,5,Takeaway,,144.5
8355,2026-06-13,Dinner,20,20:13,3,Dine-in,,116.5
8356,2026-06-13,Dinner,19,19:52,3,Dine-in,,117.0
8357,2026-06-13,Dinner,17,17:51,2,Dine-in,,38.5
8358,2026-06-13,Dinner,17,17:31,5,Dine-in,,225.0
8359,2026-06-13,Dinner,21,21:23,2,Dine-in,,43.5
8360,2026-06-13,Dinner,20,20:22,2,Dine-in,,107.5
8361,2026-06-13,Dinner,19,19:41,5,Dine-in,,185.0
8362,2026-06-13,Dinner,19,19:38,2,Dine-in,,23.5
8363,2026-06-13,Late,22,22:10,4,Dine-in,,163.5
8364,2026-06-13,Late,23,23:01,5,Dine-in,,243.5
8365,2026-06-13,Late,23,23:06,3,Dine-in,,79.5
8366,2026-06-13,Lunch,13,13:33,1,Dine-in,,25.5
8367,2026-06-13,Lunch,12,12:10,2,Dine-in,,54.5
8368,2026-06-13,Lunch,12,12:31,4,Dine-in,,119.5
8369,2026-06-13,Lunch,14,14:44,3,Dine-in,,143.5
8370,2026-06-13,Lunch,13,13:45,1,Dine-in,,23.0
8371,2026-06-13,Lunch,13,13:15,6,Dine-in,,432.0
8372,2026-06-13,Lunch,13,13:21,4,Dine-in,,156.0
8373,2026-06-13,Lunch,12,12:25,5,Dine-in,,179.0
8374,2026-06-13,Lunch,13,13:59,2,Dine-in,,52.0
8375,2026-06-13,Lunch,12,12:13,2,Dine-in,,70.5
8376,2026-06-13,Lunch,13,13:22,2,Dine-in,,38.5
8377,2026-06-13,Lunch,14,14:40,3,Takeaway,,114.0
8378,2026-06-13,Lunch,14,14:26,2,Dine-in,,55.5
8379,2026-06-14,Dinner,18,18:31,4,Dine-in,,177.0
8380,2026-06-14,Dinner,20,20:53,2,Takeaway,,114.5
8381,2026-06-14,Dinner,20,20:04,4,Dine-in,,147.0
8382,2026-06-14,Dinner,17,17:30,1,Dine-in,,22.5
8383,2026-06-14,Dinner,19,19:51,3,Dine-in,,100.0
8384,2026-06-14,Dinner,18,18:52,2,Dine-in,,49.0
8385,2026-06-14,Dinner,20,20:04,3,Dine-in,,122.5
8386,2026-06-14,Dinner,18,18:47,2,Takeaway,,35.0
8387,2026-06-14,Dinner,19,19:24,5,Dine-in,,171.0
8388,2026-06-14,Dinner,21,21:43,2,Dine-in,,145.0
8389,2026-06-14,Dinner,18,18:25,2,Dine-in,,81.0
8390,2026-06-14,Dinner,21,21:40,2,Dine-in,,18.0
8391,2026-06-14,Dinner,19,19:06,4,Dine-in,,174.5
8392,2026-06-14,Dinner,20,20:45,4,Dine-in,,130.5
8393,2026-06-14,Dinner,20,20:10,4,Dine-in,,317.0
8394,2026-06-14,Dinner,17,17:49,2,Dine-in,,85.5
8395,2026-06-14,Dinner,17,17:59,4,Dine-in,,134.5
8396,2026-06-14,Dinner,18,18:39,2,Dine-in,,53.5
8397,2026-06-14,Dinner,18,18:53,5,Dine-in,,268.5
8398,2026-06-14,Lunch,12,12:18,2,Dine-in,,139.0
8399,2026-06-14,Lunch,14,14:23,6,Dine-in,,216.0
8400,2026-06-14,Lunch,14,14:08,2,Dine-in,,62.0
8401,2026-06-14,Lunch,12,12:00,1,Dine-in,,19.0
8402,2026-06-14,Lunch,12,12:14,2,Dine-in,,50.0
8403,2026-06-14,Lunch,13,13:10,2,Dine-in,,109.0
8404,2026-06-14,Lunch,13,13:21,2,Takeaway,,79.5
8405,2026-06-14,Lunch,12,12:06,6,Dine-in,,248.0
8406,2026-06-14,Lunch,12,12:09,2,Dine-in,,115.5
8407,2026-06-14,Lunch,12,12:12,3,Takeaway,,115.0
8408,2026-06-14,Lunch,14,14:16,4,Takeaway,,137.0
8409,2026-06-14,Lunch,12,12:30,1,Dine-in,,102.0
8410,2026-06-16,Dinner,17,17:54,1,Dine-in,,21.5
8411,2026-06-16,Dinner,18,18:40,2,Dine-in,,224.5
8412,2026-06-16,Dinner,20,20:34,2,Dine-in,,71.5
8413,2026-06-16,Dinner,18,18:15,2,Dine-in,,103.0
8414,2026-06-16,Dinner,21,21:28,4,Dine-in,,127.0
8415,2026-06-16,Dinner,21,21:30,5,Dine-in,,302.0
8416,2026-06-16,Dinner,19,19:19,2,Dine-in,,139.5
8417,2026-06-16,Dinner,17,17:34,2,Dine-in,,73.5
8418,2026-06-16,Dinner,19,19:38,2,Takeaway,,50.0
8419,2026-06-16,Dinner,20,20:52,2,Takeaway,,160.0
8420,2026-06-16,Dinner,17,17:37,3,Dine-in,,74.0
8421,2026-06-16,Dinner,20,20:01,4,Dine-in,,104.5
8422,2026-06-16,Dinner,17,17:47,2,Dine-in,,107.0
8423,2026-06-16,Dinner,21,21:32,3,Dine-in,,86.5
8424,2026-06-16,Dinner,17,17:45,4,Takeaway,,213.0
8425,2026-06-16,Lunch,13,13:50,2,Dine-in,,119.5
8426,2026-06-16,Lunch,12,12:24,4,Dine-in,,212.5
8427,2026-06-16,Lunch,13,13:39,5,Takeaway,,202.0
8428,2026-06-16,Lunch,12,12:06,2,Takeaway,,69.5
8429,2026-06-16,Lunch,12,12:58,2,Dine-in,,134.0
8430,2026-06-16,Lunch,13,13:05,2,Dine-in,,145.0
8431,2026-06-16,Lunch,13,13:20,2,Dine-in,,77.5
8432,2026-06-16,Lunch,12,12:56,2,Dine-in,,50.0
8433,2026-06-16,Lunch,14,14:40,1,Dine-in,,36.5
8434,2026-06-17,Dinner,18,18:40,2,Takeaway,,233.0
8435,2026-06-17,Dinner,19,19:13,2,Dine-in,,93.5
8436,2026-06-17,Dinner,19,19:41,2,Dine-in,,151.5
8437,2026-06-17,Dinner,20,20:15,2,Dine-in,,109.5
8438,2026-06-17,Dinner,20,20:58,2,Dine-in,,64.5
8439,2026-06-17,Dinner,17,17:52,3,Dine-in,,85.5
8440,2026-06-17,Dinner,17,17:34,2,Takeaway,,232.5
8441,2026-06-17,Dinner,21,21:41,4,Dine-in,,141.5
8442,2026-06-17,Dinner,17,17:33,2,Dine-in,,155.5
8443,2026-06-17,Dinner,19,19:51,2,Takeaway,,115.5
8444,2026-06-17,Dinner,19,19:15,2,Dine-in,,194.0
8445,2026-06-17,Dinner,21,21:20,2,Dine-in,,143.5
8446,2026-06-17,Dinner,19,19:36,2,Dine-in,,75.5
8447,2026-06-17,Dinner,19,19:26,2,Dine-in,,58.0
8448,2026-06-17,Dinner,19,19:01,5,Dine-in,,216.0
8449,2026-06-17,Dinner,17,17:46,4,Dine-in,,119.5
8450,2026-06-17,Dinner,19,19:29,2,Dine-in,,101.5
8451,2026-06-17,Dinner,20,20:19,1,Dine-in,,50.5
8452,2026-06-17,Lunch,12,12:02,2,Takeaway,,106.0
8453,2026-06-17,Lunch,14,14:44,2,Dine-in,,146.5
8454,2026-06-17,Lunch,12,12:35,2,Dine-in,,89.5
8455,2026-06-17,Lunch,13,13:48,6,Takeaway,,173.0
8456,2026-06-17,Lunch,14,14:11,4,Dine-in,,214.0
8457,2026-06-17,Lunch,13,13:57,4,Dine-in,,124.0
8458,2026-06-17,Lunch,14,14:17,3,Dine-in,,151.0
8459,2026-06-17,Lunch,13,13:05,1,Dine-in,,61.5
8460,2026-06-18,Dinner,17,17:43,2,Dine-in,,39.5
8461,2026-06-18,Dinner,19,19:57,1,Dine-in,,25.5
8462,2026-06-18,Dinner,19,19:44,1,Dine-in,,92.0
8463,2026-06-18,Dinner,17,17:40,6,Dine-in,,297.5
8464,2026-06-18,Dinner,21,21:17,2,Dine-in,,94.5
8465,2026-06-18,Dinner,17,17:42,4,Dine-in,,186.5
8466,2026-06-18,Dinner,18,18:54,1,Dine-in,,29.0
8467,2026-06-18,Dinner,21,21:33,2,Dine-in,,95.5
8468,2026-06-18,Dinner,18,18:26,1,Dine-in,,70.5
8469,2026-06-18,Dinner,21,21:13,1,Dine-in,,31.0
8470,2026-06-18,Dinner,18,18:23,2,Dine-in,,85.0
8471,2026-06-18,Dinner,18,18:20,2,Dine-in,,149.5
8472,2026-06-18,Dinner,18,18:05,2,Takeaway,,72.0
8473,2026-06-18,Dinner,18,18:51,2,Dine-in,,97.5
8474,2026-06-18,Dinner,19,19:52,1,Dine-in,,43.5
8475,2026-06-18,Dinner,18,18:00,5,Dine-in,,293.0
8476,2026-06-18,Dinner,20,20:49,3,Dine-in,,206.5
8477,2026-06-18,Dinner,17,17:41,5,Takeaway,,190.0
8478,2026-06-18,Dinner,17,17:58,2,Dine-in,,138.5
8479,2026-06-18,Dinner,20,20:31,2,Dine-in,,111.0
8480,2026-06-18,Dinner,20,20:17,2,Dine-in,,47.0
8481,2026-06-18,Dinner,19,19:34,2,Dine-in,,49.5
8482,2026-06-18,Dinner,21,21:26,1,Dine-in,,0.0
8483,2026-06-18,Lunch,12,12:38,2,Takeaway,,57.5
8484,2026-06-18,Lunch,13,13:15,2,Dine-in,,22.5
8485,2026-06-18,Lunch,13,13:39,4,Takeaway,,210.0
8486,2026-06-18,Lunch,12,12:04,2,Dine-in,,101.5
8487,2026-06-18,Lunch,12,12:59,2,Dine-in,,48.0
8488,2026-06-18,Lunch,12,12:04,2,Dine-in,,131.0
8489,2026-06-18,Lunch,12,12:13,2,Dine-in,,108.5
8490,2026-06-18,Lunch,12,12:56,5,Takeaway,,195.5
8491,2026-06-18,Lunch,14,14:20,2,Dine-in,,152.0
8492,2026-06-18,Lunch,12,12:16,4,Dine-in,,52.0
8493,2026-06-19,Dinner,21,21:13,2,Dine-in,,67.0
8494,2026-06-19,Dinner,20,20:42,2,Dine-in,,85.0
8495,2026-06-19,Dinner,20,20:50,2,Dine-in,,135.5
8496,2026-06-19,Dinner,17,17:53,1,Takeaway,,8.5
8497,2026-06-19,Dinner,18,18:48,4,Takeaway,,120.0
8498,2026-06-19,Dinner,17,17:49,2,Dine-in,,121.5
8499,2026-06-19,Dinner,19,19:22,1,Dine-in,,41.0
8500,2026-06-19,Dinner,21,21:02,2,Dine-in,,68.0
8501,2026-06-19,Dinner,21,21:14,3,Dine-in,,225.5
8502,2026-06-19,Dinner,20,20:47,4,Dine-in,,192.5
8503,2026-06-19,Dinner,19,19:45,3,Dine-in,,107.5
8504,2026-06-19,Dinner,21,21:44,5,Dine-in,,229.0
8505,2026-06-19,Dinner,17,17:52,5,Dine-in,,133.5
8506,2026-06-19,Dinner,18,18:19,2,Dine-in,,139.0
8507,2026-06-19,Dinner,17,17:33,4,Dine-in,,78.0
8508,2026-06-19,Dinner,21,21:29,4,Dine-in,,67.5
8509,2026-06-19,Dinner,20,20:59,5,Dine-in,,181.5
8510,2026-06-19,Dinner,18,18:24,4,Dine-in,,152.5
8511,2026-06-19,Dinner,19,19:22,5,Dine-in,,154.5
8512,2026-06-19,Dinner,19,19:20,4,Dine-in,,185.0
8513,2026-06-19,Dinner,19,19:19,1,Takeaway,,81.0
8514,2026-06-19,Dinner,19,19:32,4,Dine-in,,195.0
8515,2026-06-19,Dinner,19,19:15,2,Dine-in,,76.0
8516,2026-06-19,Dinner,18,18:08,2,Dine-in,,122.5
8517,2026-06-19,Dinner,18,18:40,3,Dine-in,,130.5
8518,2026-06-19,Dinner,21,21:15,1,Dine-in,,73.0
8519,2026-06-19,Dinner,19,19:43,3,Dine-in,,301.0
8520,2026-06-19,Late,23,23:01,6,Takeaway,,428.5
8521,2026-06-19,Late,22,22:01,4,Takeaway,,183.0
8522,2026-06-19,Lunch,13,13:20,5,Dine-in,,310.5
8523,2026-06-19,Lunch,12,12:39,3,Dine-in,,92.0
8524,2026-06-19,Lunch,12,12:27,4,Dine-in,,145.0
8525,2026-06-19,Lunch,13,13:49,1,Dine-in,,12.0
8526,2026-06-19,Lunch,12,12:20,2,Dine-in,,100.5
8527,2026-06-19,Lunch,12,12:09,5,Dine-in,,284.5
8528,2026-06-19,Lunch,12,12:13,2,Dine-in,,24.0
8529,2026-06-19,Lunch,12,12:30,5,Dine-in,,236.5
8530,2026-06-19,Lunch,13,13:07,3,Dine-in,,117.5
8531,2026-06-20,Dinner,17,17:56,4,Dine-in,,125.0
8532,2026-06-20,Dinner,21,21:14,2,Dine-in,,60.0
8533,2026-06-20,Dinner,20,20:50,1,Dine-in,,12.0
8534,2026-06-20,Dinner,18,18:30,5,Dine-in,,238.5
8535,2026-06-20,Dinner,17,17:59,2,Dine-in,,14.0
8536,2026-06-20,Dinner,20,20:57,2,Dine-in,,49.5
8537,2026-06-20,Dinner,21,21:21,1,Takeaway,,29.0
8538,2026-06-20,Dinner,18,18:18,2,Dine-in,,118.0
8539,2026-06-20,Dinner,19,19:17,2,Takeaway,,87.5
8540,2026-06-20,Dinner,20,20:09,2,Dine-in,,68.0
8541,2026-06-20,Dinner,20,20:48,2,Dine-in,,93.0
8542,2026-06-20,Dinner,19,19:33,3,Dine-in,,96.5
8543,2026-06-20,Dinner,21,21:34,4,Dine-in,,145.0
8544,2026-06-20,Dinner,19,19:16,2,Takeaway,,87.5
8545,2026-06-20,Dinner,19,19:49,2,Takeaway,,128.5
8546,2026-06-20,Dinner,21,21:22,2,Dine-in,,166.0
8547,2026-06-20,Dinner,18,18:59,5,Dine-in,,209.0
8548,2026-06-20,Dinner,20,20:40,2,Dine-in,,96.0
8549,2026-06-20,Dinner,21,21:32,1,Takeaway,,50.5
8550,2026-06-20,Dinner,20,20:38,2,Dine-in,,87.5
8551,2026-06-20,Dinner,20,20:13,2,Dine-in,,131.0
8552,2026-06-20,Dinner,20,20:46,4,Dine-in,,52.0
8553,2026-06-20,Dinner,17,17:52,3,Takeaway,,119.0
8554,2026-06-20,Dinner,20,20:59,2,Takeaway,,70.5
8555,2026-06-20,Dinner,18,18:55,3,Dine-in,,76.0
8556,2026-06-20,Dinner,20,20:59,1,Takeaway,,51.0
8557,2026-06-20,Dinner,19,19:39,2,Dine-in,,69.5
8558,2026-06-20,Dinner,21,21:29,4,Takeaway,,203.0
8559,2026-06-20,Dinner,17,17:55,2,Dine-in,,117.0
8560,2026-06-20,Dinner,21,21:25,5,Takeaway,,232.0
8561,2026-06-20,Dinner,17,17:43,2,Dine-in,,96.5
8562,2026-06-20,Dinner,18,18:30,1,Dine-in,,24.0
8563,2026-06-20,Dinner,18,18:07,2,Dine-in,,38.0
8564,2026-06-20,Dinner,21,21:23,3,Dine-in,,123.0
8565,2026-06-20,Dinner,21,21:43,2,Takeaway,,47.5
8566,2026-06-20,Dinner,18,18:11,2,Dine-in,,54.5
8567,2026-06-20,Dinner,19,19:48,2,Dine-in,,38.0
8568,2026-06-20,Dinner,18,18:15,2,Takeaway,,73.5
8569,2026-06-20,Dinner,21,21:27,2,Dine-in,,95.5
8570,2026-06-20,Dinner,19,19:11,3,Dine-in,,70.5
8571,2026-06-20,Late,22,22:31,5,Takeaway,,208.5
8572,2026-06-20,Late,22,22:35,2,Dine-in,,72.5
8573,2026-06-20,Late,22,22:40,1,Dine-in,,42.5
8574,2026-06-20,Late,22,22:31,2,Dine-in,,63.5
8575,2026-06-20,Lunch,12,12:17,2,Dine-in,,92.0
8576,2026-06-20,Lunch,14,14:21,2,Dine-in,,109.5
8577,2026-06-20,Lunch,12,12:37,1,Dine-in,,0.0
8578,2026-06-20,Lunch,14,14:18,3,Dine-in,,153.5
8579,2026-06-20,Lunch,12,12:25,6,Dine-in,,248.5
8580,2026-06-20,Lunch,13,13:11,2,Dine-in,,116.5
8581,2026-06-20,Lunch,14,14:13,2,Takeaway,,91.5
8582,2026-06-20,Lunch,12,12:16,2,Dine-in,,106.0
8583,2026-06-20,Lunch,13,13:21,2,Dine-in,,144.0
8584,2026-06-20,Lunch,14,14:20,3,Dine-in,,129.0
8585,2026-06-20,Lunch,12,12:45,2,Dine-in,,29.5
8586,2026-06-20,Lunch,12,12:46,2,Dine-in,,37.5
8587,2026-06-20,Lunch,12,12:10,2,Dine-in,,92.0
8588,2026-06-20,Lunch,12,12:34,5,Takeaway,,221.0
8589,2026-06-20,Lunch,13,13:04,1,Dine-in,,29.5
8590,2026-06-21,Dinner,20,20:41,5,Dine-in,Father's Day,204.25
8591,2026-06-21,Dinner,18,18:27,2,Dine-in,Father's Day,97.66
8592,2026-06-21,Dinner,19,19:10,2,Dine-in,Father's Day,161.19
8593,2026-06-21,Dinner,20,20:33,2,Dine-in,Father's Day,100.8
8594,2026-06-21,Dinner,20,20:34,2,Dine-in,Father's Day,143.34
8595,2026-06-21,Dinner,20,20:33,2,Dine-in,Father's Day,97.14
8596,2026-06-21,Dinner,19,19:13,2,Takeaway,Father's Day,90.85
8597,2026-06-21,Dinner,19,19:45,4,Dine-in,Father's Day,211.06
8598,2026-06-21,Dinner,20,20:07,3,Dine-in,Father's Day,131.79
8599,2026-06-21,Dinner,21,21:07,4,Dine-in,Father's Day,110.28
8600,2026-06-21,Dinner,20,20:03,2,Dine-in,Father's Day,69.32
8601,2026-06-21,Dinner,20,20:44,5,Dine-in,Father's Day,300.86
8602,2026-06-21,Dinner,17,17:38,2,Takeaway,Father's Day,69.83
8603,2026-06-21,Dinner,18,18:21,2,Dine-in,Father's Day,109.23
8604,2026-06-21,Dinner,17,17:58,2,Dine-in,Father's Day,0.0
8605,2026-06-21,Dinner,18,18:41,3,Dine-in,Father's Day,143.35
8606,2026-06-21,Dinner,18,18:00,3,Dine-in,Father's Day,244.68
8607,2026-06-21,Dinner,19,19:05,1,Dine-in,Father's Day,40.95
8608,2026-06-21,Dinner,19,19:44,5,Dine-in,Father's Day,396.41
8609,2026-06-21,Dinner,18,18:10,2,Takeaway,Father's Day,121.81
8610,2026-06-21,Dinner,19,19:28,2,Dine-in,Father's Day,106.07
8611,2026-06-21,Dinner,18,18:37,5,Dine-in,Father's Day,171.69
8612,2026-06-21,Dinner,21,21:01,2,Takeaway,Father's Day,128.63
8613,2026-06-21,Dinner,21,21:08,3,Dine-in,Father's Day,115.51
8614,2026-06-21,Dinner,19,19:51,2,Dine-in,Father's Day,91.89
8615,2026-06-21,Dinner,17,17:58,2,Dine-in,Father's Day,51.47
8616,2026-06-21,Dinner,21,21:16,4,Dine-in,Father's Day,227.86
8617,2026-06-21,Dinner,21,21:29,2,Takeaway,Father's Day,89.78
8618,2026-06-21,Dinner,20,20:01,6,Dine-in,Father's Day,348.64
8619,2026-06-21,Dinner,20,20:20,2,Takeaway,Father's Day,79.29
8620,2026-06-21,Dinner,19,19:45,4,Dine-in,Father's Day,237.86
8621,2026-06-21,Dinner,18,18:17,2,Dine-in,Father's Day,64.05
8622,2026-06-21,Dinner,17,17:43,1,Dine-in,Father's Day,36.75
8623,2026-06-21,Dinner,19,19:42,2,Takeaway,Father's Day,62.5
8624,2026-06-21,Dinner,19,19:23,1,Dine-in,Father's Day,97.13
8625,2026-06-21,Lunch,13,13:13,5,Dine-in,Father's Day,206.89
8626,2026-06-21,Lunch,14,14:02,1,Dine-in,Father's Day,42.01
8627,2026-06-21,Lunch,13,13:14,4,Dine-in,Father's Day,184.31
8628,2026-06-21,Lunch,12,12:21,4,Takeaway,Father's Day,244.14
8629,2026-06-21,Lunch,12,12:00,4,Dine-in,Father's Day,223.66
8630,2026-06-21,Lunch,12,12:21,2,Dine-in,Father's Day,97.15
8631,2026-06-21,Lunch,14,14:33,2,Dine-in,Father's Day,68.25
8632,2026-06-21,Lunch,14,14:05,1,Dine-in,Father's Day,26.26
8633,2026-06-21,Lunch,13,13:00,2,Dine-in,Father's Day,87.69
8634,2026-06-21,Lunch,12,12:00,6,Dine-in,Father's Day,445.75
8635,2026-06-21,Lunch,13,13:37,2,Dine-in,Father's Day,78.24
8636,2026-06-21,Lunch,14,14:08,4,Dine-in,Father's Day,163.3
8637,2026-06-21,Lunch,13,13:22,4,Dine-in,Father's Day,209.5
8638,2026-06-21,Lunch,14,14:09,2,Dine-in,Father's Day,138.09
8639,2026-06-23,Dinner,19,19:13,2,Dine-in,,39.5
8640,2026-06-23,Dinner,21,21:36,2,Dine-in,,67.5
8641,2026-06-23,Dinner,21,21:28,4,Takeaway,,152.5
8642,2026-06-23,Dinner,19,19:46,5,Dine-in,,310.5
8643,2026-06-23,Dinner,17,17:44,2,Dine-in,,175.5
8644,2026-06-23,Dinner,18,18:34,2,Dine-in,,160.5
8645,2026-06-23,Dinner,21,21:30,2,Dine-in,,15.0
8646,2026-06-23,Dinner,18,18:29,4,Dine-in,,109.0
8647,2026-06-23,Dinner,19,19:03,2,Dine-in,,109.0
8648,2026-06-23,Dinner,19,19:03,5,Dine-in,,184.5
8649,2026-06-23,Dinner,18,18:10,5,Dine-in,,188.0
8650,2026-06-23,Dinner,18,18:03,2,Dine-in,,97.5
8651,2026-06-23,Dinner,19,19:59,2,Dine-in,,39.5
8652,2026-06-23,Dinner,21,21:18,2,Dine-in,,171.5
8653,2026-06-23,Dinner,18,18:37,4,Dine-in,,201.0
8654,2026-06-23,Dinner,21,21:33,2,Dine-in,,96.0
8655,2026-06-23,Lunch,12,12:11,4,Dine-in,,305.0
8656,2026-06-23,Lunch,14,14:18,6,Takeaway,,234.5
8657,2026-06-23,Lunch,12,12:10,3,Dine-in,,168.0
8658,2026-06-23,Lunch,13,13:40,2,Dine-in,,143.0
8659,2026-06-23,Lunch,14,14:40,5,Takeaway,,218.0
8660,2026-06-24,Dinner,21,21:28,4,Dine-in,,208.5
8661,2026-06-24,Dinner,20,20:29,1,Dine-in,,24.5
8662,2026-06-24,Dinner,21,21:22,2,Dine-in,,129.0
8663,2026-06-24,Dinner,18,18:57,2,Dine-in,,137.5
8664,2026-06-24,Dinner,20,20:24,2,Dine-in,,95.0
8665,2026-06-24,Dinner,19,19:56,1,Dine-in,,61.0
8666,2026-06-24,Dinner,20,20:11,2,Dine-in,,47.0
8667,2026-06-24,Dinner,17,17:38,4,Dine-in,,266.0
8668,2026-06-24,Dinner,19,19:44,2,Dine-in,,37.5
8669,2026-06-24,Dinner,17,17:34,5,Dine-in,,318.0
8670,2026-06-24,Dinner,20,20:36,2,Takeaway,,120.0
8671,2026-06-24,Dinner,19,19:32,3,Dine-in,,54.5
8672,2026-06-24,Dinner,18,18:54,4,Dine-in,,322.5
8673,2026-06-24,Dinner,20,20:03,2,Dine-in,,158.5
8674,2026-06-24,Dinner,18,18:44,4,Dine-in,,142.5
8675,2026-06-24,Dinner,20,20:47,5,Takeaway,,335.5
8676,2026-06-24,Dinner,18,18:10,2,Dine-in,,116.0
8677,2026-06-24,Dinner,19,19:51,1,Dine-in,,99.0
8678,2026-06-24,Lunch,12,12:19,2,Dine-in,,74.0
8679,2026-06-24,Lunch,12,12:58,3,Dine-in,,60.5
8680,2026-06-24,Lunch,12,12:26,2,Dine-in,,57.0
8681,2026-06-24,Lunch,14,14:13,3,Dine-in,,157.0
8682,2026-06-24,Lunch,13,13:45,2,Dine-in,,38.5
8683,2026-06-24,Lunch,13,13:53,2,Dine-in,,139.0
8684,2026-06-24,Lunch,12,12:41,4,Dine-in,,134.0
8685,2026-06-24,Lunch,14,14:26,2,Dine-in,,110.5
8686,2026-06-24,Lunch,12,12:09,2,Dine-in,,79.5
8687,2026-06-25,Dinner,18,18:44,4,Takeaway,,180.0
8688,2026-06-25,Dinner,19,19:41,2,Dine-in,,48.5
8689,2026-06-25,Dinner,18,18:15,5,Takeaway,,222.0
8690,2026-06-25,Dinner,19,19:59,1,Takeaway,,26.0
8691,2026-06-25,Dinner,21,21:18,1,Dine-in,,5.5
8692,2026-06-25,Dinner,20,20:03,2,Dine-in,,106.5
8693,2026-06-25,Dinner,21,21:16,4,Dine-in,,187.0
8694,2026-06-25,Dinner,17,17:33,1,Dine-in,,95.0
8695,2026-06-25,Dinner,19,19:03,2,Dine-in,,85.0
8696,2026-06-25,Dinner,19,19:39,2,Dine-in,,97.0
8697,2026-06-25,Dinner,21,21:37,2,Dine-in,,141.0
8698,2026-06-25,Dinner,18,18:08,1,Takeaway,,21.0
8699,2026-06-25,Dinner,20,20:32,2,Dine-in,,70.0
8700,2026-06-25,Dinner,17,17:41,4,Dine-in,,169.0
8701,2026-06-25,Dinner,18,18:35,2,Dine-in,,138.0
8702,2026-06-25,Dinner,20,20:01,4,Dine-in,,143.0
8703,2026-06-25,Dinner,20,20:52,3,Takeaway,,106.0
8704,2026-06-25,Dinner,21,21:29,3,Dine-in,,40.0
8705,2026-06-25,Dinner,18,18:14,2,Dine-in,,56.0
8706,2026-06-25,Dinner,20,20:39,3,Dine-in,,141.5
8707,2026-06-25,Lunch,12,12:34,2,Dine-in,,205.5
8708,2026-06-25,Lunch,13,13:56,4,Dine-in,,239.0
8709,2026-06-25,Lunch,14,14:35,1,Dine-in,,59.0
8710,2026-06-25,Lunch,13,13:18,2,Takeaway,,41.5
8711,2026-06-25,Lunch,13,13:31,6,Dine-in,,322.0
8712,2026-06-25,Lunch,13,13:33,1,Takeaway,,92.0
8713,2026-06-25,Lunch,13,13:45,2,Dine-in,,50.5
8714,2026-06-25,Lunch,13,13:43,4,Takeaway,,133.0
8715,2026-06-25,Lunch,13,13:37,4,Dine-in,,303.0
8716,2026-06-25,Lunch,12,12:55,2,Dine-in,,72.5
8717,2026-06-25,Lunch,12,12:23,2,Dine-in,,55.0
8718,2026-06-26,Dinner,19,19:31,2,Dine-in,,62.0
8719,2026-06-26,Dinner,19,19:20,2,Dine-in,,38.5
8720,2026-06-26,Dinner,18,18:51,4,Dine-in,,145.5
8721,2026-06-26,Dinner,21,21:13,1,Dine-in,,23.0
8722,2026-06-26,Dinner,18,18:35,5,Dine-in,,221.5
8723,2026-06-26,Dinner,20,20:46,2,Dine-in,,95.5
8724,2026-06-26,Dinner,19,19:17,2,Dine-in,,116.0
8725,2026-06-26,Dinner,17,17:30,4,Dine-in,,101.0
8726,2026-06-26,Dinner,19,19:05,4,Dine-in,,206.0
8727,2026-06-26,Dinner,21,21:23,6,Dine-in,,241.5
8728,2026-06-26,Dinner,17,17:56,2,Dine-in,,38.0
8729,2026-06-26,Dinner,20,20:44,5,Dine-in,,198.0
8730,2026-06-26,Dinner,20,20:44,2,Takeaway,,78.0
8731,2026-06-26,Dinner,18,18:14,2,Dine-in,,119.5
8732,2026-06-26,Dinner,19,19:02,2,Dine-in,,147.0
8733,2026-06-26,Dinner,19,19:31,4,Dine-in,,246.5
8734,2026-06-26,Dinner,20,20:46,2,Dine-in,,57.5
8735,2026-06-26,Dinner,18,18:25,4,Dine-in,,228.0
8736,2026-06-26,Dinner,21,21:03,6,Takeaway,,286.0
8737,2026-06-26,Dinner,20,20:55,3,Dine-in,,126.5
8738,2026-06-26,Dinner,20,20:01,2,Dine-in,,239.0
8739,2026-06-26,Dinner,19,19:26,2,Dine-in,,44.0
8740,2026-06-26,Dinner,19,19:18,2,Dine-in,,61.5
8741,2026-06-26,Dinner,21,21:34,4,Dine-in,,207.5
8742,2026-06-26,Dinner,19,19:22,2,Dine-in,,80.5
8743,2026-06-26,Dinner,21,21:25,2,Takeaway,,211.0
8744,2026-06-26,Dinner,21,21:09,5,Takeaway,,262.0
8745,2026-06-26,Dinner,18,18:54,2,Takeaway,,64.0
8746,2026-06-26,Dinner,21,21:29,2,Takeaway,,67.5
8747,2026-06-26,Late,22,22:20,2,Dine-in,,143.5
8748,2026-06-26,Late,22,22:36,2,Dine-in,,81.0
8749,2026-06-26,Late,22,22:45,3,Dine-in,,70.5
8750,2026-06-26,Late,22,22:37,4,Dine-in,,122.5
8751,2026-06-26,Late,22,22:53,1,Takeaway,,65.5
8752,2026-06-26,Lunch,14,14:07,2,Dine-in,,63.5
8753,2026-06-26,Lunch,12,12:56,3,Dine-in,,81.0
8754,2026-06-26,Lunch,12,12:36,2,Dine-in,,140.5
8755,2026-06-26,Lunch,12,12:18,2,Dine-in,,52.0
8756,2026-06-26,Lunch,13,13:43,5,Dine-in,,382.5
8757,2026-06-26,Lunch,12,12:51,5,Dine-in,,175.0
8758,2026-06-26,Lunch,12,12:36,4,Takeaway,,130.0
8759,2026-06-26,Lunch,13,13:39,2,Dine-in,,69.0
8760,2026-06-26,Lunch,13,13:58,1,Dine-in,,28.5
8761,2026-06-27,Dinner,19,19:09,2,Takeaway,,52.5
8762,2026-06-27,Dinner,21,21:31,3,Dine-in,,149.5
8763,2026-06-27,Dinner,20,20:23,2,Dine-in,,69.5
8764,2026-06-27,Dinner,20,20:22,6,Takeaway,,263.5
8765,2026-06-27,Dinner,17,17:47,1,Dine-in,,3.5
8766,2026-06-27,Dinner,20,20:09,4,Dine-in,,104.5
8767,2026-06-27,Dinner,21,21:34,2,Dine-in,,60.5
8768,2026-06-27,Dinner,18,18:14,3,Dine-in,,134.0
8769,2026-06-27,Dinner,17,17:34,2,Dine-in,,139.0
8770,2026-06-27,Dinner,21,21:04,2,Dine-in,,64.5
8771,2026-06-27,Dinner,18,18:16,4,Takeaway,,121.5
8772,2026-06-27,Dinner,19,19:26,4,Dine-in,,259.0
8773,2026-06-27,Dinner,17,17:32,2,Takeaway,,65.0
8774,2026-06-27,Dinner,19,19:34,2,Dine-in,,153.5
8775,2026-06-27,Dinner,18,18:56,1,Dine-in,,46.0
8776,2026-06-27,Dinner,20,20:04,6,Dine-in,,221.0
8777,2026-06-27,Dinner,21,21:03,3,Dine-in,,102.5
8778,2026-06-27,Dinner,19,19:46,2,Dine-in,,91.5
8779,2026-06-27,Dinner,17,17:58,2,Dine-in,,124.0
8780,2026-06-27,Dinner,19,19:00,2,Takeaway,,48.0
8781,2026-06-27,Dinner,19,19:26,5,Dine-in,,163.0
8782,2026-06-27,Dinner,21,21:16,6,Dine-in,,217.5
8783,2026-06-27,Dinner,21,21:12,2,Dine-in,,93.5
8784,2026-06-27,Late,22,22:30,2,Dine-in,,85.0
8785,2026-06-27,Late,22,22:39,3,Takeaway,,108.5
8786,2026-06-27,Late,22,22:10,4,Dine-in,,108.5
8787,2026-06-27,Late,22,22:02,1,Takeaway,,11.5
8788,2026-06-27,Lunch,13,13:24,2,Takeaway,,116.0
8789,2026-06-27,Lunch,12,12:37,1,Takeaway,,75.5
8790,2026-06-27,Lunch,13,13:25,3,Dine-in,,76.0
8791,2026-06-27,Lunch,12,12:48,2,Dine-in,,168.0
8792,2026-06-27,Lunch,12,12:00,6,Dine-in,,272.5
8793,2026-06-27,Lunch,13,13:55,2,Takeaway,,72.5
8794,2026-06-27,Lunch,13,13:09,2,Dine-in,,105.5
8795,2026-06-27,Lunch,13,13:48,2,Dine-in,,86.0
8796,2026-06-27,Lunch,14,14:21,3,Dine-in,,220.5
8797,2026-06-27,Lunch,13,13:53,2,Dine-in,,105.5
8798,2026-06-27,Lunch,13,13:17,2,Dine-in,,87.0
8799,2026-06-27,Lunch,14,14:29,2,Dine-in,,39.0
8800,2026-06-27,Lunch,13,13:36,3,Dine-in,,88.5
8801,2026-06-27,Lunch,13,13:13,2,Dine-in,,142.0
8802,2026-06-27,Lunch,12,12:19,1,Dine-in,,40.5
8803,2026-06-27,Lunch,13,13:54,2,Dine-in,,48.5
8804,2026-06-28,Dinner,20,20:16,3,Dine-in,,142.0
8805,2026-06-28,Dinner,20,20:49,2,Dine-in,,78.0
8806,2026-06-28,Dinner,20,20:58,2,Dine-in,,45.0
8807,2026-06-28,Dinner,19,19:06,4,Takeaway,,87.0
8808,2026-06-28,Dinner,18,18:18,2,Dine-in,,65.5
8809,2026-06-28,Dinner,21,21:08,2,Dine-in,,38.5
8810,2026-06-28,Dinner,20,20:01,5,Dine-in,,255.5
8811,2026-06-28,Dinner,20,20:02,3,Dine-in,,263.0
8812,2026-06-28,Dinner,18,18:39,6,Takeaway,,196.5
8813,2026-06-28,Dinner,18,18:20,2,Takeaway,,123.5
8814,2026-06-28,Dinner,21,21:40,2,Dine-in,,156.5
8815,2026-06-28,Dinner,18,18:00,1,Dine-in,,6.5
8816,2026-06-28,Dinner,19,19:18,1,Dine-in,,37.5
8817,2026-06-28,Dinner,18,18:27,1,Dine-in,,111.0
8818,2026-06-28,Dinner,21,21:39,2,Dine-in,,95.0
8819,2026-06-28,Dinner,19,19:29,2,Dine-in,,31.0
8820,2026-06-28,Dinner,19,19:18,6,Dine-in,,283.5
8821,2026-06-28,Dinner,17,17:46,2,Dine-in,,63.5
8822,2026-06-28,Dinner,17,17:55,2,Dine-in,,138.5
8823,2026-06-28,Dinner,19,19:14,3,Dine-in,,152.5
8824,2026-06-28,Dinner,20,20:47,5,Dine-in,,157.0
8825,2026-06-28,Dinner,17,17:49,2,Dine-in,,93.5
8826,2026-06-28,Dinner,19,19:50,6,Takeaway,,177.5
8827,2026-06-28,Dinner,21,21:11,2,Dine-in,,50.5
8828,2026-06-28,Lunch,14,14:13,4,Takeaway,,133.0
8829,2026-06-28,Lunch,13,13:40,2,Dine-in,,113.5
8830,2026-06-28,Lunch,12,12:24,2,Dine-in,,88.5
8831,2026-06-28,Lunch,12,12:05,2,Dine-in,,62.0
8832,2026-06-28,Lunch,13,13:50,5,Dine-in,,192.0
8833,2026-06-28,Lunch,14,14:23,3,Dine-in,,75.5
8834,2026-06-28,Lunch,13,13:12,1,Dine-in,,65.0
8835,2026-06-28,Lunch,13,13:34,2,Dine-in,,77.5
8836,2026-06-28,Lunch,13,13:25,3,Dine-in,,173.0
8837,2026-06-28,Lunch,12,12:03,5,Dine-in,,144.5
8838,2026-06-28,Lunch,13,13:24,2,Dine-in,,88.5
8839,2026-06-30,Dinner,17,17:40,4,Takeaway,,77.0
8840,2026-06-30,Dinner,21,21:24,2,Dine-in,,118.5
8841,2026-06-30,Dinner,19,19:34,2,Dine-in,,89.5
8842,2026-06-30,Dinner,21,21:11,4,Dine-in,,274.0
8843,2026-06-30,Dinner,18,18:29,2,Dine-in,,39.0
8844,2026-06-30,Dinner,20,20:24,3,Dine-in,,159.0
8845,2026-06-30,Dinner,20,20:55,3,Dine-in,,60.0
8846,2026-06-30,Dinner,20,20:09,1,Dine-in,,79.0
8847,2026-06-30,Dinner,20,20:44,2,Dine-in,,85.0
8848,2026-06-30,Dinner,20,20:23,2,Dine-in,,75.5
8849,2026-06-30,Dinner,19,19:18,3,Dine-in,,160.0
8850,2026-06-30,Dinner,20,20:36,3,Dine-in,,149.5
8851,2026-06-30,Dinner,17,17:54,3,Dine-in,,217.0
8852,2026-06-30,Dinner,20,20:38,3,Dine-in,,165.5
8853,2026-06-30,Dinner,17,17:45,2,Dine-in,,136.0
8854,2026-06-30,Dinner,18,18:55,2,Dine-in,,81.0
8855,2026-06-30,Dinner,18,18:13,5,Dine-in,,212.0
8856,2026-06-30,Dinner,17,17:35,2,Takeaway,,100.0
8857,2026-06-30,Lunch,14,14:32,2,Dine-in,,102.5
8858,2026-06-30,Lunch,13,13:16,4,Dine-in,,194.0
8859,2026-06-30,Lunch,12,12:03,2,Dine-in,,86.0
8860,2026-06-30,Lunch,13,13:18,2,Dine-in,,75.5
8861,2026-06-30,Lunch,13,13:55,6,Dine-in,,237.5
8862,2026-06-30,Lunch,13,13:59,2,Dine-in,,39.5
8863,2026-07-01,Dinner,19,19:03,2,Dine-in,,144.5
8864,2026-07-01,Dinner,18,18:58,1,Dine-in,,5.5
8865,2026-07-01,Dinner,18,18:01,2,Dine-in,,108.5
8866,2026-07-01,Dinner,21,21:32,2,Dine-in,,52.0
8867,2026-07-01,Dinner,20,20:39,4,Takeaway,,162.0
8868,2026-07-01,Dinner,19,19:58,2,Dine-in,,52.5
8869,2026-07-01,Dinner,18,18:12,2,Dine-in,,11.0
8870,2026-07-01,Dinner,19,19:05,5,Takeaway,,237.5
8871,2026-07-01,Dinner,19,19:54,2,Dine-in,,45.0
8872,2026-07-01,Dinner,18,18:52,5,Takeaway,,237.5
8873,2026-07-01,Dinner,21,21:32,5,Dine-in,,167.5
8874,2026-07-01,Dinner,20,20:58,5,Dine-in,,260.5
8875,2026-07-01,Dinner,19,19:49,4,Dine-in,,249.0
8876,2026-07-01,Dinner,18,18:38,2,Dine-in,,84.0
8877,2026-07-01,Dinner,20,20:35,2,Dine-in,,85.0
8878,2026-07-01,Lunch,13,13:42,2,Dine-in,,94.5
8879,2026-07-01,Lunch,14,14:44,2,Dine-in,,89.0
8880,2026-07-01,Lunch,12,12:50,5,Dine-in,,150.0
8881,2026-07-01,Lunch,14,14:40,1,Dine-in,,18.0
8882,2026-07-01,Lunch,14,14:43,2,Dine-in,,135.0
8883,2026-07-01,Lunch,13,13:51,3,Dine-in,,58.0
8884,2026-07-01,Lunch,12,12:52,4,Dine-in,,135.0
8885,2026-07-01,Lunch,12,12:43,2,Dine-in,,117.0
8886,2026-07-01,Lunch,13,13:31,1,Dine-in,,36.0
8887,2026-07-01,Lunch,13,13:00,1,Dine-in,,89.5
8888,2026-07-01,Lunch,13,13:20,2,Dine-in,,28.5
8889,2026-07-02,Dinner,20,20:35,2,Dine-in,,86.5
8890,2026-07-02,Dinner,20,20:37,3,Dine-in,,109.0
8891,2026-07-02,Dinner,20,20:09,2,Dine-in,,39.5
8892,2026-07-02,Dinner,20,20:39,1,Dine-in,,6.5
8893,2026-07-02,Dinner,21,21:38,2,Dine-in,,10.0
8894,2026-07-02,Dinner,20,20:34,3,Dine-in,,32.0
8895,2026-07-02,Dinner,20,20:21,1,Dine-in,,16.0
8896,2026-07-02,Dinner,18,18:35,2,Dine-in,,58.5
8897,2026-07-02,Dinner,21,21:02,2,Dine-in,,68.5
8898,2026-07-02,Dinner,18,18:24,5,Dine-in,,157.5
8899,2026-07-02,Dinner,20,20:21,4,Dine-in,,151.0
8900,2026-07-02,Dinner,21,21:26,2,Dine-in,,32.0
8901,2026-07-02,Dinner,19,19:54,5,Dine-in,,198.0
8902,2026-07-02,Dinner,19,19:56,2,Dine-in,,12.0
8903,2026-07-02,Dinner,21,21:35,2,Dine-in,,121.5
8904,2026-07-02,Dinner,20,20:43,1,Dine-in,,43.5
8905,2026-07-02,Dinner,21,21:13,3,Dine-in,,180.0
8906,2026-07-02,Dinner,21,21:16,2,Dine-in,,109.5
8907,2026-07-02,Dinner,19,19:46,4,Dine-in,,145.5
8908,2026-07-02,Dinner,20,20:33,2,Dine-in,,110.0
8909,2026-07-02,Dinner,20,20:18,2,Dine-in,,22.0
8910,2026-07-02,Dinner,18,18:23,2,Dine-in,,97.0
8911,2026-07-02,Dinner,20,20:45,5,Takeaway,,146.0
8912,2026-07-02,Dinner,19,19:24,4,Dine-in,,245.0
8913,2026-07-02,Dinner,20,20:45,2,Dine-in,,64.5
8914,2026-07-02,Dinner,21,21:26,2,Dine-in,,174.5
8915,2026-07-02,Dinner,18,18:56,1,Takeaway,,40.0
8916,2026-07-02,Dinner,18,18:38,2,Dine-in,,43.5
8917,2026-07-02,Dinner,20,20:59,1,Dine-in,,19.5
8918,2026-07-02,Lunch,12,12:34,2,Dine-in,,63.5
8919,2026-07-02,Lunch,14,14:00,1,Dine-in,,37.5
8920,2026-07-02,Lunch,12,12:49,3,Dine-in,,83.5
8921,2026-07-02,Lunch,13,13:18,2,Dine-in,,148.0
8922,2026-07-02,Lunch,13,13:11,3,Dine-in,,81.5
8923,2026-07-02,Lunch,12,12:03,2,Dine-in,,84.5
8924,2026-07-02,Lunch,12,12:30,2,Dine-in,,63.0
8925,2026-07-02,Lunch,13,13:25,2,Dine-in,,26.0
8926,2026-07-02,Lunch,12,12:21,3,Takeaway,,74.0
8927,2026-07-02,Lunch,13,13:27,2,Dine-in,,228.0
8928,2026-07-02,Lunch,12,12:20,4,Dine-in,,205.5
8929,2026-07-02,Lunch,13,13:59,3,Dine-in,,74.5
8930,2026-07-03,Dinner,21,21:22,2,Dine-in,,140.5
8931,2026-07-03,Dinner,21,21:05,4,Dine-in,,167.0
8932,2026-07-03,Dinner,18,18:09,3,Dine-in,,296.0
8933,2026-07-03,Dinner,19,19:48,1,Dine-in,,42.5
8934,2026-07-03,Dinner,19,19:16,5,Dine-in,,146.5
8935,2026-07-03,Dinner,17,17:46,1,Dine-in,,27.5
8936,2026-07-03,Dinner,20,20:44,2,Dine-in,,103.5
8937,2026-07-03,Dinner,17,17:38,4,Takeaway,,184.5
8938,2026-07-03,Dinner,19,19:33,3,Dine-in,,148.5
8939,2026-07-03,Dinner,17,17:55,1,Dine-in,,100.5
8940,2026-07-03,Dinner,18,18:46,2,Dine-in,,51.0
8941,2026-07-03,Dinner,19,19:35,3,Dine-in,,93.5
8942,2026-07-03,Dinner,17,17:47,2,Dine-in,,89.0
8943,2026-07-03,Dinner,18,18:30,4,Dine-in,,190.0
8944,2026-07-03,Dinner,19,19:07,4,Dine-in,,170.5
8945,2026-07-03,Dinner,20,20:32,2,Dine-in,,97.5
8946,2026-07-03,Dinner,18,18:10,4,Dine-in,,159.5
8947,2026-07-03,Dinner,19,19:15,2,Dine-in,,44.0
8948,2026-07-03,Dinner,18,18:38,2,Dine-in,,96.0
8949,2026-07-03,Dinner,18,18:31,5,Dine-in,,140.5
8950,2026-07-03,Dinner,18,18:26,2,Dine-in,,71.0
8951,2026-07-03,Dinner,20,20:20,1,Dine-in,,44.0
8952,2026-07-03,Dinner,21,21:18,4,Dine-in,,163.0
8953,2026-07-03,Dinner,17,17:53,3,Dine-in,,82.5
8954,2026-07-03,Dinner,21,21:12,2,Takeaway,,80.5
8955,2026-07-03,Dinner,18,18:27,2,Dine-in,,117.0
8956,2026-07-03,Dinner,21,21:12,2,Dine-in,,216.0
8957,2026-07-03,Dinner,19,19:18,4,Dine-in,,113.5
8958,2026-07-03,Late,22,22:50,2,Dine-in,,117.0
8959,2026-07-03,Late,22,22:29,3,Dine-in,,79.0
8960,2026-07-03,Late,23,23:03,5,Dine-in,,155.0
8961,2026-07-03,Lunch,12,12:38,2,Dine-in,,56.5
8962,2026-07-03,Lunch,13,13:53,2,Takeaway,,36.5
8963,2026-07-03,Lunch,14,14:42,2,Dine-in,,20.5
8964,2026-07-03,Lunch,12,12:33,4,Dine-in,,115.5
8965,2026-07-03,Lunch,14,14:29,5,Dine-in,,125.5
8966,2026-07-03,Lunch,13,13:30,2,Dine-in,,41.0
8967,2026-07-03,Lunch,13,13:32,2,Takeaway,,124.5
8968,2026-07-03,Lunch,12,12:27,4,Dine-in,,270.0
8969,2026-07-03,Lunch,14,14:32,5,Dine-in,,136.0
8970,2026-07-03,Lunch,12,12:33,4,Dine-in,,120.0
8971,2026-07-03,Lunch,12,12:20,5,Takeaway,,198.5
8972,2026-07-04,Dinner,18,18:13,2,Dine-in,,64.5
8973,2026-07-04,Dinner,18,18:03,3,Dine-in,,108.5
8974,2026-07-04,Dinner,21,21:35,4,Takeaway,,256.0
8975,2026-07-04,Dinner,21,21:28,2,Dine-in,,42.5
8976,2026-07-04,Dinner,19,19:22,5,Dine-in,,197.0
8977,2026-07-04,Dinner,18,18:45,2,Dine-in,,69.5
8978,2026-07-04,Dinner,18,18:39,1,Takeaway,,25.0
8979,2026-07-04,Dinner,20,20:08,4,Dine-in,,96.5
8980,2026-07-04,Dinner,18,18:09,2,Dine-in,,43.5
8981,2026-07-04,Dinner,21,21:13,2,Dine-in,,94.0
8982,2026-07-04,Dinner,18,18:51,2,Dine-in,,19.5
8983,2026-07-04,Dinner,19,19:32,2,Dine-in,,115.5
8984,2026-07-04,Dinner,21,21:27,3,Dine-in,,192.5
8985,2026-07-04,Dinner,21,21:35,2,Dine-in,,80.0
8986,2026-07-04,Dinner,18,18:27,3,Dine-in,,101.0
8987,2026-07-04,Dinner,18,18:37,2,Dine-in,,108.0
8988,2026-07-04,Dinner,21,21:02,4,Dine-in,,230.5
8989,2026-07-04,Dinner,19,19:00,1,Dine-in,,39.0
8990,2026-07-04,Dinner,21,21:08,3,Dine-in,,99.5
8991,2026-07-04,Dinner,21,21:36,2,Dine-in,,54.0
8992,2026-07-04,Dinner,17,17:54,1,Dine-in,,66.5
8993,2026-07-04,Dinner,21,21:11,2,Dine-in,,91.0
8994,2026-07-04,Dinner,21,21:33,2,Dine-in,,102.5
8995,2026-07-04,Dinner,18,18:28,4,Dine-in,,86.5
8996,2026-07-04,Dinner,20,20:15,4,Dine-in,,104.0
8997,2026-07-04,Dinner,20,20:02,3,Dine-in,,67.0
8998,2026-07-04,Dinner,19,19:47,5,Dine-in,,249.5
8999,2026-07-04,Dinner,18,18:40,1,Dine-in,,15.0
9000,2026-07-04,Late,22,22:27,5,Dine-in,,143.0
9001,2026-07-04,Late,22,22:11,2,Dine-in,,9.0
9002,2026-07-04,Late,22,22:12,3,Dine-in,,205.0
9003,2026-07-04,Late,22,22:12,2,Dine-in,,126.0
9004,2026-07-04,Lunch,12,12:18,2,Dine-in,,103.5
9005,2026-07-04,Lunch,12,12:55,2,Takeaway,,117.5
9006,2026-07-04,Lunch,12,12:15,2,Dine-in,,87.5
9007,2026-07-04,Lunch,13,13:21,1,Dine-in,,17.5
9008,2026-07-04,Lunch,12,12:55,5,Dine-in,,222.5
9009,2026-07-04,Lunch,14,14:20,2,Dine-in,,74.0
9010,2026-07-04,Lunch,13,13:42,2,Dine-in,,55.0
9011,2026-07-04,Lunch,14,14:44,3,Takeaway,,79.5
9012,2026-07-04,Lunch,13,13:54,2,Dine-in,,107.5
9013,2026-07-04,Lunch,13,13:37,2,Dine-in,,100.0
9014,2026-07-04,Lunch,14,14:28,2,Dine-in,,97.0
9015,2026-07-04,Lunch,13,13:49,4,Dine-in,,210.0
9016,2026-07-04,Lunch,13,13:28,6,Dine-in,,187.0
9017,2026-07-04,Lunch,13,13:29,2,Dine-in,,115.5
9018,2026-07-04,Lunch,13,13:28,1,Dine-in,,10.5
9019,2026-07-04,Lunch,13,13:22,4,Dine-in,,187.5
9020,2026-07-04,Lunch,14,14:06,1,Dine-in,,22.0
9021,2026-07-05,Dinner,19,19:45,3,Dine-in,,173.5
9022,2026-07-05,Dinner,19,19:21,2,Dine-in,,141.0
9023,2026-07-05,Dinner,20,20:19,2,Dine-in,,110.0
9024,2026-07-05,Dinner,18,18:13,2,Dine-in,,60.5
9025,2026-07-05,Dinner,17,17:35,6,Dine-in,,210.0
9026,2026-07-05,Dinner,20,20:28,4,Dine-in,,255.5
9027,2026-07-05,Dinner,18,18:41,2,Dine-in,,46.5
9028,2026-07-05,Dinner,20,20:15,4,Takeaway,,207.5
9029,2026-07-05,Dinner,20,20:06,3,Dine-in,,78.0
9030,2026-07-05,Dinner,20,20:57,1,Dine-in,,92.5
9031,2026-07-05,Dinner,18,18:56,2,Dine-in,,102.5
9032,2026-07-05,Dinner,18,18:13,2,Dine-in,,72.0
9033,2026-07-05,Dinner,19,19:51,2,Dine-in,,53.5
9034,2026-07-05,Dinner,21,21:37,2,Dine-in,,89.0
9035,2026-07-05,Dinner,18,18:58,4,Dine-in,,240.0
9036,2026-07-05,Dinner,20,20:17,5,Dine-in,,351.5
9037,2026-07-05,Dinner,17,17:54,2,Takeaway,,44.0
9038,2026-07-05,Dinner,21,21:01,5,Dine-in,,151.0
9039,2026-07-05,Dinner,21,21:27,5,Dine-in,,279.5
9040,2026-07-05,Dinner,19,19:39,5,Takeaway,,191.5
9041,2026-07-05,Dinner,17,17:42,2,Dine-in,,47.5
9042,2026-07-05,Dinner,20,20:18,2,Takeaway,,122.0
9043,2026-07-05,Dinner,18,18:22,3,Takeaway,,155.5
9044,2026-07-05,Dinner,17,17:36,1,Dine-in,,64.0
9045,2026-07-05,Dinner,17,17:31,1,Takeaway,,22.5
9046,2026-07-05,Dinner,17,17:57,4,Dine-in,,156.0
9047,2026-07-05,Dinner,18,18:02,3,Dine-in,,109.0
9048,2026-07-05,Dinner,19,19:49,2,Dine-in,,118.0
9049,2026-07-05,Dinner,21,21:27,3,Dine-in,,168.5
9050,2026-07-05,Dinner,20,20:09,1,Dine-in,,47.0
9051,2026-07-05,Lunch,13,13:07,1,Dine-in,,88.0
9052,2026-07-05,Lunch,14,14:07,1,Dine-in,,30.5
9053,2026-07-05,Lunch,14,14:06,5,Dine-in,,86.5
9054,2026-07-05,Lunch,14,14:41,2,Dine-in,,69.0
9055,2026-07-05,Lunch,12,12:37,2,Takeaway,,44.0
9056,2026-07-05,Lunch,14,14:29,3,Dine-in,,119.0
9057,2026-07-05,Lunch,14,14:17,3,Dine-in,,127.0
9058,2026-07-05,Lunch,12,12:13,3,Dine-in,,160.5
9059,2026-07-05,Lunch,12,12:01,4,Dine-in,,172.0
9060,2026-07-05,Lunch,12,12:59,1,Dine-in,,37.0
9061,2026-07-05,Lunch,14,14:18,1,Dine-in,,44.0
9062,2026-07-05,Lunch,12,12:00,5,Dine-in,,254.0
9063,2026-07-05,Lunch,14,14:21,1,Dine-in,,69.5
9064,2026-07-07,Dinner,17,17:36,5,Dine-in,,173.0
9065,2026-07-07,Dinner,19,19:54,5,Dine-in,,282.0
9066,2026-07-07,Dinner,17,17:43,4,Dine-in,,224.5
9067,2026-07-07,Dinner,18,18:42,5,Dine-in,,293.5
9068,2026-07-07,Dinner,18,18:27,4,Dine-in,,152.5
9069,2026-07-07,Dinner,18,18:44,5,Dine-in,,139.0
9070,2026-07-07,Dinner,21,21:06,2,Dine-in,,61.5
9071,2026-07-07,Dinner,21,21:41,4,Dine-in,,109.0
9072,2026-07-07,Dinner,19,19:49,2,Dine-in,,109.0
9073,2026-07-07,Dinner,19,19:52,4,Dine-in,,142.5
9074,2026-07-07,Dinner,20,20:47,2,Dine-in,,126.5
9075,2026-07-07,Dinner,17,17:36,5,Dine-in,,233.5
9076,2026-07-07,Dinner,17,17:51,2,Dine-in,,238.5
9077,2026-07-07,Dinner,21,21:07,2,Dine-in,,87.0
9078,2026-07-07,Dinner,18,18:32,2,Dine-in,,141.0
9079,2026-07-07,Dinner,19,19:02,2,Dine-in,,177.5
9080,2026-07-07,Lunch,13,13:15,2,Dine-in,,83.0
9081,2026-07-07,Lunch,12,12:02,2,Dine-in,,145.0
9082,2026-07-07,Lunch,13,13:41,5,Dine-in,,126.0
9083,2026-07-07,Lunch,14,14:31,2,Dine-in,,86.0
9084,2026-07-07,Lunch,12,12:26,4,Takeaway,,144.0
9085,2026-07-07,Lunch,13,13:44,2,Dine-in,,152.0
9086,2026-07-07,Lunch,13,13:33,2,Dine-in,,80.0
9087,2026-07-07,Lunch,13,13:11,2,Dine-in,,71.5
9088,2026-07-08,Dinner,18,18:30,4,Dine-in,,221.5
9089,2026-07-08,Dinner,18,18:09,2,Dine-in,,79.5
9090,2026-07-08,Dinner,19,19:29,2,Dine-in,,104.5
9091,2026-07-08,Dinner,21,21:00,2,Dine-in,,74.0
9092,2026-07-08,Dinner,18,18:39,2,Dine-in,,44.0
9093,2026-07-08,Dinner,18,18:13,6,Dine-in,,227.0
9094,2026-07-08,Dinner,18,18:40,2,Dine-in,,47.5
9095,2026-07-08,Dinner,21,21:25,2,Dine-in,,142.0
9096,2026-07-08,Dinner,20,20:27,2,Dine-in,,91.5
9097,2026-07-08,Dinner,21,21:31,2,Dine-in,,97.0
9098,2026-07-08,Dinner,18,18:03,2,Dine-in,,59.0
9099,2026-07-08,Dinner,21,21:09,1,Dine-in,,17.5
9100,2026-07-08,Dinner,21,21:00,2,Dine-in,,142.0
9101,2026-07-08,Dinner,20,20:37,2,Takeaway,,105.5
9102,2026-07-08,Dinner,20,20:17,2,Dine-in,,101.0
9103,2026-07-08,Dinner,17,17:54,3,Dine-in,,71.0
9104,2026-07-08,Dinner,18,18:31,1,Dine-in,,28.5
9105,2026-07-08,Dinner,20,20:15,2,Dine-in,,27.5
9106,2026-07-08,Dinner,18,18:45,2,Dine-in,,86.0
9107,2026-07-08,Dinner,19,19:07,2,Dine-in,,42.0
9108,2026-07-08,Dinner,21,21:39,2,Dine-in,,73.5
9109,2026-07-08,Dinner,20,20:13,2,Dine-in,,91.0
9110,2026-07-08,Dinner,20,20:14,2,Dine-in,,101.5
9111,2026-07-08,Dinner,18,18:48,2,Dine-in,,80.5
9112,2026-07-08,Dinner,17,17:50,2,Dine-in,,62.5
9113,2026-07-08,Lunch,13,13:00,1,Dine-in,,64.5
9114,2026-07-08,Lunch,12,12:54,3,Takeaway,,105.5
9115,2026-07-08,Lunch,14,14:01,2,Takeaway,,61.5
9116,2026-07-08,Lunch,14,14:42,2,Dine-in,,104.0
9117,2026-07-08,Lunch,12,12:07,2,Takeaway,,90.5
9118,2026-07-08,Lunch,12,12:11,1,Dine-in,,42.0
9119,2026-07-08,Lunch,13,13:26,2,Dine-in,,115.5
9120,2026-07-08,Lunch,14,14:36,2,Dine-in,,46.0
9121,2026-07-08,Lunch,14,14:44,4,Dine-in,,377.5
9122,2026-07-08,Lunch,13,13:46,1,Takeaway,,57.0
9123,2026-07-08,Lunch,14,14:24,2,Dine-in,,172.5
9124,2026-07-09,Dinner,17,17:42,2,Dine-in,,121.0
9125,2026-07-09,Dinner,18,18:44,4,Takeaway,,226.0
9126,2026-07-09,Dinner,18,18:02,2,Takeaway,,106.5
9127,2026-07-09,Dinner,18,18:52,2,Dine-in,,53.0
9128,2026-07-09,Dinner,18,18:06,4,Takeaway,,185.0
9129,2026-07-09,Dinner,21,21:26,5,Dine-in,,174.5
9130,2026-07-09,Dinner,18,18:52,2,Dine-in,,94.0
9131,2026-07-09,Dinner,19,19:13,2,Takeaway,,46.5
9132,2026-07-09,Dinner,20,20:30,2,Dine-in,,166.0
9133,2026-07-09,Dinner,19,19:47,4,Dine-in,,262.0
9134,2026-07-09,Dinner,20,20:53,2,Dine-in,,67.5
9135,2026-07-09,Dinner,19,19:59,5,Dine-in,,224.0
9136,2026-07-09,Dinner,18,18:11,3,Dine-in,,112.5
9137,2026-07-09,Dinner,21,21:28,2,Takeaway,,37.5
9138,2026-07-09,Dinner,18,18:38,2,Dine-in,,76.5
9139,2026-07-09,Dinner,18,18:43,3,Dine-in,,75.0
9140,2026-07-09,Dinner,18,18:00,3,Dine-in,,29.0
9141,2026-07-09,Dinner,18,18:39,4,Dine-in,,118.5
9142,2026-07-09,Dinner,21,21:00,1,Dine-in,,88.0
9143,2026-07-09,Lunch,14,14:21,3,Dine-in,,126.0
9144,2026-07-09,Lunch,14,14:02,2,Dine-in,,48.5
9145,2026-07-09,Lunch,13,13:42,2,Takeaway,,77.0
9146,2026-07-09,Lunch,14,14:41,3,Dine-in,,62.0
9147,2026-07-09,Lunch,12,12:39,2,Dine-in,,16.5
9148,2026-07-09,Lunch,12,12:18,4,Dine-in,,184.0
9149,2026-07-09,Lunch,14,14:42,4,Dine-in,,204.5
9150,2026-07-09,Lunch,14,14:37,1,Dine-in,,58.5
9151,2026-07-09,Lunch,13,13:24,2,Dine-in,,79.0
9152,2026-07-09,Lunch,13,13:39,2,Dine-in,,96.0
9153,2026-07-09,Lunch,12,12:30,3,Dine-in,,135.0
9154,2026-07-10,Dinner,19,19:44,2,Dine-in,,104.0
9155,2026-07-10,Dinner,19,19:53,4,Dine-in,,147.5
9156,2026-07-10,Dinner,20,20:30,1,Dine-in,,133.5
9157,2026-07-10,Dinner,18,18:40,3,Dine-in,,138.5
9158,2026-07-10,Dinner,21,21:32,2,Dine-in,,100.0
9159,2026-07-10,Dinner,21,21:05,5,Dine-in,,243.0
9160,2026-07-10,Dinner,18,18:42,2,Dine-in,,60.0
9161,2026-07-10,Dinner,18,18:52,2,Takeaway,,80.0
9162,2026-07-10,Dinner,20,20:15,2,Dine-in,,101.5
9163,2026-07-10,Dinner,19,19:11,3,Dine-in,,82.0
9164,2026-07-10,Dinner,21,21:16,2,Dine-in,,29.5
9165,2026-07-10,Dinner,18,18:36,5,Dine-in,,268.0
9166,2026-07-10,Dinner,20,20:53,2,Dine-in,,119.0
9167,2026-07-10,Dinner,18,18:45,5,Dine-in,,180.0
9168,2026-07-10,Dinner,20,20:36,2,Dine-in,,28.5
9169,2026-07-10,Dinner,18,18:09,5,Dine-in,,142.5
9170,2026-07-10,Dinner,21,21:35,2,Dine-in,,92.0
9171,2026-07-10,Dinner,19,19:58,5,Dine-in,,164.0
9172,2026-07-10,Dinner,20,20:59,2,Dine-in,,44.0
9173,2026-07-10,Dinner,19,19:44,2,Dine-in,,86.5
9174,2026-07-10,Dinner,20,20:05,1,Dine-in,,43.5
9175,2026-07-10,Dinner,19,19:08,4,Dine-in,,198.0
9176,2026-07-10,Dinner,17,17:52,1,Dine-in,,35.0
9177,2026-07-10,Dinner,18,18:51,2,Takeaway,,96.5
9178,2026-07-10,Dinner,18,18:57,5,Dine-in,,127.0
9179,2026-07-10,Dinner,20,20:50,4,Dine-in,,156.0
9180,2026-07-10,Dinner,19,19:31,1,Takeaway,,0.0
9181,2026-07-10,Dinner,19,19:55,4,Dine-in,,142.0
9182,2026-07-10,Dinner,19,19:57,2,Dine-in,,114.5
9183,2026-07-10,Dinner,18,18:00,2,Dine-in,,150.0
9184,2026-07-10,Dinner,21,21:15,2,Dine-in,,52.5
9185,2026-07-10,Dinner,21,21:11,2,Dine-in,,108.5
9186,2026-07-10,Late,22,22:33,1,Dine-in,,39.5
9187,2026-07-10,Late,22,22:25,1,Takeaway,,55.5
9188,2026-07-10,Late,22,22:17,2,Dine-in,,157.0
9189,2026-07-10,Late,22,22:43,6,Dine-in,,248.0
9190,2026-07-10,Lunch,12,12:57,2,Dine-in,,125.0
9191,2026-07-10,Lunch,14,14:35,3,Dine-in,,97.0
9192,2026-07-10,Lunch,13,13:27,2,Dine-in,,89.0
9193,2026-07-10,Lunch,13,13:44,2,Dine-in,,102.0
9194,2026-07-10,Lunch,12,12:40,1,Dine-in,,43.0
9195,2026-07-10,Lunch,14,14:08,2,Dine-in,,74.0
9196,2026-07-10,Lunch,14,14:27,2,Dine-in,,125.5
9197,2026-07-10,Lunch,13,13:09,6,Takeaway,,244.5
9198,2026-07-10,Lunch,12,12:04,4,Takeaway,,184.5
9199,2026-07-10,Lunch,14,14:21,2,Dine-in,,53.0
9200,2026-07-10,Lunch,12,12:10,2,Dine-in,,89.5
9201,2026-07-10,Lunch,14,14:40,5,Dine-in,,322.0
9202,2026-07-10,Lunch,13,13:17,1,Dine-in,,32.0
9203,2026-07-10,Lunch,12,12:00,2,Dine-in,,103.5
9204,2026-07-10,Lunch,14,14:09,1,Dine-in,,6.5
9205,2026-07-11,Dinner,17,17:57,2,Dine-in,,58.5
9206,2026-07-11,Dinner,19,19:54,2,Dine-in,,207.5
9207,2026-07-11,Dinner,18,18:41,2,Dine-in,,48.0
9208,2026-07-11,Dinner,21,21:22,2,Dine-in,,151.5
9209,2026-07-11,Dinner,18,18:39,2,Dine-in,,56.0
9210,2026-07-11,Dinner,21,21:17,2,Dine-in,,46.0
9211,2026-07-11,Dinner,21,21:44,4,Dine-in,,93.0
9212,2026-07-11,Dinner,19,19:17,2,Takeaway,,59.5
9213,2026-07-11,Dinner,18,18:13,2,Dine-in,,112.5
9214,2026-07-11,Dinner,21,21:15,2,Dine-in,,147.0
9215,2026-07-11,Dinner,18,18:06,4,Dine-in,,209.0
9216,2026-07-11,Dinner,19,19:02,2,Takeaway,,45.0
9217,2026-07-11,Dinner,19,19:45,2,Dine-in,,45.5
9218,2026-07-11,Dinner,18,18:24,1,Dine-in,,53.0
9219,2026-07-11,Dinner,17,17:30,2,Dine-in,,50.0
9220,2026-07-11,Dinner,20,20:42,2,Takeaway,,52.0
9221,2026-07-11,Dinner,19,19:19,1,Dine-in,,22.5
9222,2026-07-11,Dinner,18,18:52,3,Dine-in,,148.5
9223,2026-07-11,Dinner,21,21:42,2,Dine-in,,149.0
9224,2026-07-11,Dinner,18,18:01,4,Dine-in,,137.5
9225,2026-07-11,Dinner,19,19:35,2,Dine-in,,85.5
9226,2026-07-11,Dinner,18,18:30,4,Dine-in,,251.5
9227,2026-07-11,Dinner,19,19:06,2,Takeaway,,50.0
9228,2026-07-11,Dinner,20,20:40,3,Takeaway,,106.0
9229,2026-07-11,Dinner,20,20:44,2,Dine-in,,143.0
9230,2026-07-11,Dinner,17,17:39,2,Dine-in,,71.0
9231,2026-07-11,Dinner,18,18:06,4,Takeaway,,123.5
9232,2026-07-11,Dinner,18,18:12,4,Takeaway,,120.5
9233,2026-07-11,Dinner,20,20:49,2,Takeaway,,46.0
9234,2026-07-11,Dinner,20,20:09,3,Dine-in,,84.5
9235,2026-07-11,Dinner,20,20:58,4,Dine-in,,254.0
9236,2026-07-11,Dinner,20,20:35,3,Dine-in,,82.5
9237,2026-07-11,Dinner,18,18:28,4,Takeaway,,143.0
9238,2026-07-11,Dinner,18,18:14,2,Takeaway,,164.5
9239,2026-07-11,Dinner,18,18:21,2,Dine-in,,31.0
9240,2026-07-11,Late,23,23:10,2,Dine-in,,169.5
9241,2026-07-11,Late,22,22:16,2,Dine-in,,32.0
9242,2026-07-11,Late,22,22:39,1,Dine-in,,65.0
9243,2026-07-11,Late,22,22:07,5,Dine-in,,191.5
9244,2026-07-11,Lunch,13,13:04,2,Dine-in,,35.5
9245,2026-07-11,Lunch,14,14:03,4,Dine-in,,174.5
9246,2026-07-11,Lunch,14,14:30,6,Takeaway,,302.0
9247,2026-07-11,Lunch,12,12:30,4,Dine-in,,167.0
9248,2026-07-11,Lunch,13,13:38,5,Dine-in,,167.5
9249,2026-07-11,Lunch,14,14:13,2,Dine-in,,102.5
9250,2026-07-11,Lunch,12,12:36,1,Dine-in,,57.0
9251,2026-07-11,Lunch,14,14:43,2,Dine-in,,88.5
9252,2026-07-11,Lunch,12,12:01,4,Dine-in,,176.5
9253,2026-07-11,Lunch,14,14:21,2,Dine-in,,48.0
9254,2026-07-11,Lunch,13,13:59,2,Dine-in,,161.0
9255,2026-07-12,Dinner,20,20:42,1,Takeaway,,5.5
9256,2026-07-12,Dinner,17,17:33,2,Takeaway,,43.0
9257,2026-07-12,Dinner,19,19:51,2,Dine-in,,125.0
9258,2026-07-12,Dinner,18,18:22,4,Dine-in,,116.5
9259,2026-07-12,Dinner,20,20:05,5,Dine-in,,223.5
9260,2026-07-12,Dinner,17,17:42,3,Dine-in,,85.5
9261,2026-07-12,Dinner,20,20:48,2,Dine-in,,65.0
9262,2026-07-12,Dinner,20,20:36,1,Takeaway,,38.0
9263,2026-07-12,Dinner,21,21:39,4,Dine-in,,156.5
9264,2026-07-12,Dinner,20,20:35,4,Dine-in,,211.0
9265,2026-07-12,Dinner,21,21:10,2,Dine-in,,144.0
9266,2026-07-12,Dinner,19,19:19,2,Dine-in,,58.5
9267,2026-07-12,Dinner,20,20:37,2,Takeaway,,59.0
9268,2026-07-12,Dinner,20,20:42,1,Dine-in,,11.5
9269,2026-07-12,Dinner,21,21:31,2,Dine-in,,116.5
9270,2026-07-12,Dinner,21,21:29,2,Dine-in,,30.0
9271,2026-07-12,Dinner,19,19:47,3,Dine-in,,138.0
9272,2026-07-12,Dinner,18,18:50,2,Dine-in,,19.0
9273,2026-07-12,Dinner,19,19:19,4,Dine-in,,147.5
9274,2026-07-12,Dinner,20,20:05,4,Dine-in,,132.0
9275,2026-07-12,Dinner,19,19:18,5,Dine-in,,305.0
9276,2026-07-12,Dinner,17,17:36,5,Dine-in,,301.0
9277,2026-07-12,Dinner,21,21:30,3,Dine-in,,185.0
9278,2026-07-12,Dinner,21,21:16,2,Dine-in,,46.5
9279,2026-07-12,Dinner,21,21:07,4,Takeaway,,190.5
9280,2026-07-12,Lunch,13,13:06,2,Dine-in,,47.5
9281,2026-07-12,Lunch,12,12:29,5,Takeaway,,181.0
9282,2026-07-12,Lunch,14,14:09,2,Dine-in,,33.0
9283,2026-07-12,Lunch,14,14:23,1,Dine-in,,47.0
9284,2026-07-12,Lunch,12,12:17,2,Takeaway,,35.0
9285,2026-07-12,Lunch,14,14:16,3,Dine-in,,66.0
9286,2026-07-12,Lunch,12,12:25,1,Takeaway,,15.5
9287,2026-07-12,Lunch,12,12:13,3,Takeaway,,142.0
9288,2026-07-12,Lunch,13,13:52,1,Dine-in,,40.5
9289,2026-07-12,Lunch,12,12:23,3,Dine-in,,172.0
9290,2026-07-12,Lunch,13,13:09,2,Dine-in,,135.0
9291,2026-07-12,Lunch,14,14:43,6,Dine-in,,350.0
9292,2026-07-12,Lunch,12,12:25,1,Dine-in,,42.5
9293,2026-07-14,Dinner,18,18:54,3,Dine-in,,109.0
9294,2026-07-14,Dinner,17,17:54,2,Takeaway,,105.0
9295,2026-07-14,Dinner,17,17:45,2,Dine-in,,115.0
9296,2026-07-14,Dinner,21,21:42,2,Takeaway,,97.5
9297,2026-07-14,Dinner,20,20:24,2,Dine-in,,69.5
9298,2026-07-14,Dinner,18,18:12,3,Dine-in,,80.0
9299,2026-07-14,Dinner,18,18:18,3,Dine-in,,80.0
9300,2026-07-14,Dinner,20,20:28,2,Dine-in,,79.5
9301,2026-07-14,Dinner,20,20:04,2,Dine-in,,90.5
9302,2026-07-14,Dinner,21,21:24,2,Dine-in,,31.0
9303,2026-07-14,Dinner,20,20:11,2,Dine-in,,107.0
9304,2026-07-14,Dinner,18,18:08,2,Dine-in,,81.5
9305,2026-07-14,Dinner,20,20:15,3,Dine-in,,170.0
9306,2026-07-14,Dinner,20,20:37,4,Dine-in,,228.5
9307,2026-07-14,Dinner,17,17:33,6,Dine-in,,150.5
9308,2026-07-14,Lunch,13,13:52,1,Takeaway,,28.0
9309,2026-07-14,Lunch,12,12:00,4,Dine-in,,187.0
9310,2026-07-14,Lunch,13,13:18,4,Takeaway,,107.5
9311,2026-07-14,Lunch,13,13:56,2,Dine-in,,43.5
9312,2026-07-14,Lunch,12,12:20,3,Dine-in,,63.5
9313,2026-07-14,Lunch,13,13:54,4,Dine-in,,254.5
9314,2026-07-15,Dinner,18,18:13,4,Dine-in,,141.0
9315,2026-07-15,Dinner,19,19:15,5,Dine-in,,201.5
9316,2026-07-15,Dinner,21,21:30,2,Dine-in,,138.5
9317,2026-07-15,Dinner,17,17:48,4,Dine-in,,148.0
9318,2026-07-15,Dinner,19,19:39,5,Takeaway,,108.5
9319,2026-07-15,Dinner,20,20:50,4,Dine-in,,134.0
9320,2026-07-15,Dinner,20,20:44,6,Dine-in,,154.0
9321,2026-07-15,Dinner,17,17:37,2,Takeaway,,51.0
9322,2026-07-15,Dinner,20,20:34,2,Dine-in,,86.0
9323,2026-07-15,Dinner,20,20:39,3,Dine-in,,130.0
9324,2026-07-15,Dinner,19,19:11,2,Takeaway,,86.0
9325,2026-07-15,Dinner,21,21:14,5,Dine-in,,241.5
9326,2026-07-15,Dinner,17,17:30,5,Dine-in,,245.0
9327,2026-07-15,Dinner,19,19:27,1,Takeaway,,18.0
9328,2026-07-15,Lunch,12,12:48,6,Dine-in,,293.5
9329,2026-07-15,Lunch,12,12:44,2,Takeaway,,59.0
9330,2026-07-15,Lunch,12,12:10,1,Dine-in,,28.0
9331,2026-07-15,Lunch,13,13:35,2,Dine-in,,50.0
9332,2026-07-15,Lunch,14,14:23,2,Dine-in,,48.5
9333,2026-07-15,Lunch,13,13:47,4,Takeaway,,196.0
9334,2026-07-15,Lunch,14,14:30,2,Dine-in,,105.0
9335,2026-07-15,Lunch,13,13:55,2,Dine-in,,62.0
9336,2026-07-15,Lunch,14,14:18,1,Dine-in,,70.0
9337,2026-07-15,Lunch,14,14:08,2,Dine-in,,90.0
9338,2026-07-15,Lunch,13,13:57,1,Dine-in,,5.5
9339,2026-07-16,Dinner,20,20:12,4,Dine-in,,208.0
9340,2026-07-16,Dinner,19,19:59,5,Dine-in,,183.5
9341,2026-07-16,Dinner,17,17:31,4,Dine-in,,161.0
9342,2026-07-16,Dinner,18,18:08,2,Dine-in,,70.0
9343,2026-07-16,Dinner,18,18:07,3,Dine-in,,54.0
9344,2026-07-16,Dinner,17,17:46,2,Dine-in,,140.0
9345,2026-07-16,Dinner,21,21:43,1,Dine-in,,20.0
9346,2026-07-16,Dinner,18,18:56,6,Dine-in,,222.5
9347,2026-07-16,Dinner,17,17:56,2,Dine-in,,63.5
9348,2026-07-16,Dinner,17,17:38,2,Takeaway,,45.0
9349,2026-07-16,Dinner,21,21:07,4,Dine-in,,220.0
9350,2026-07-16,Dinner,19,19:54,4,Dine-in,,99.5
9351,2026-07-16,Dinner,21,21:12,1,Takeaway,,36.0
9352,2026-07-16,Dinner,20,20:31,2,Dine-in,,128.5
9353,2026-07-16,Dinner,21,21:03,2,Takeaway,,89.0
9354,2026-07-16,Dinner,19,19:03,2,Dine-in,,59.0
9355,2026-07-16,Dinner,21,21:23,5,Dine-in,,275.0
9356,2026-07-16,Dinner,18,18:02,2,Dine-in,,44.5
9357,2026-07-16,Dinner,21,21:00,2,Dine-in,,44.5
9358,2026-07-16,Dinner,18,18:37,2,Dine-in,,128.0
9359,2026-07-16,Dinner,19,19:27,2,Dine-in,,101.0
9360,2026-07-16,Dinner,19,19:46,2,Dine-in,,52.5
9361,2026-07-16,Dinner,17,17:36,1,Dine-in,,78.5
9362,2026-07-16,Dinner,18,18:48,2,Takeaway,,86.0
9363,2026-07-16,Lunch,14,14:01,2,Dine-in,,47.5
9364,2026-07-16,Lunch,14,14:40,3,Dine-in,,90.5
9365,2026-07-16,Lunch,14,14:36,2,Dine-in,,94.0
9366,2026-07-16,Lunch,13,13:15,3,Takeaway,,87.0
9367,2026-07-16,Lunch,12,12:43,3,Takeaway,,143.5
9368,2026-07-16,Lunch,14,14:31,4,Dine-in,,113.0
9369,2026-07-16,Lunch,12,12:55,3,Dine-in,,117.5
9370,2026-07-17,Dinner,20,20:59,5,Dine-in,,237.0
9371,2026-07-17,Dinner,17,17:34,6,Dine-in,,241.5
9372,2026-07-17,Dinner,19,19:54,2,Dine-in,,46.5
9373,2026-07-17,Dinner,17,17:53,2,Dine-in,,50.0
9374,2026-07-17,Dinner,18,18:53,5,Dine-in,,180.0
9375,2026-07-17,Dinner,17,17:33,2,Dine-in,,37.0
9376,2026-07-17,Dinner,19,19:16,2,Dine-in,,43.0
9377,2026-07-17,Dinner,20,20:18,4,Takeaway,,194.0
9378,2026-07-17,Dinner,18,18:13,2,Dine-in,,102.5
9379,2026-07-17,Dinner,21,21:38,6,Dine-in,,310.0
9380,2026-07-17,Dinner,20,20:13,1,Dine-in,,19.0
9381,2026-07-17,Dinner,19,19:23,2,Dine-in,,111.5
9382,2026-07-17,Dinner,19,19:09,5,Dine-in,,204.5
9383,2026-07-17,Dinner,20,20:12,2,Takeaway,,149.0
9384,2026-07-17,Dinner,20,20:27,2,Dine-in,,76.5
9385,2026-07-17,Dinner,18,18:32,4,Dine-in,,147.5
9386,2026-07-17,Dinner,18,18:28,2,Dine-in,,98.0
9387,2026-07-17,Dinner,20,20:27,2,Dine-in,,123.5
9388,2026-07-17,Dinner,18,18:37,4,Dine-in,,183.0
9389,2026-07-17,Dinner,17,17:38,1,Takeaway,,73.5
9390,2026-07-17,Dinner,20,20:43,4,Dine-in,,126.0
9391,2026-07-17,Dinner,20,20:07,1,Dine-in,,14.5
9392,2026-07-17,Dinner,19,19:46,4,Dine-in,,189.0
9393,2026-07-17,Dinner,18,18:33,3,Dine-in,,143.5
9394,2026-07-17,Late,22,22:16,2,Dine-in,,32.0
9395,2026-07-17,Late,22,22:44,1,Dine-in,,55.0
9396,2026-07-17,Late,22,22:02,2,Dine-in,,65.5
9397,2026-07-17,Late,22,22:47,1,Takeaway,,29.5
9398,2026-07-17,Late,22,22:54,3,Takeaway,,98.0
9399,2026-07-17,Lunch,14,14:12,5,Dine-in,,302.0
9400,2026-07-17,Lunch,13,13:42,5,Dine-in,,136.0
9401,2026-07-17,Lunch,13,13:15,3,Dine-in,,141.0
9402,2026-07-17,Lunch,12,12:28,3,Dine-in,,149.0
9403,2026-07-17,Lunch,14,14:04,1,Takeaway,,29.5
9404,2026-07-17,Lunch,13,13:56,2,Dine-in,,86.5
9405,2026-07-17,Lunch,13,13:13,2,Takeaway,,59.0
9406,2026-07-17,Lunch,12,12:33,5,Takeaway,,160.5
9407,2026-07-17,Lunch,12,12:00,1,Dine-in,,41.5
9408,2026-07-17,Lunch,13,13:05,2,Dine-in,,76.0
9409,2026-07-17,Lunch,14,14:38,6,Dine-in,,268.0
9410,2026-07-17,Lunch,14,14:32,2,Dine-in,,28.0
9411,2026-07-18,Dinner,19,19:10,2,Dine-in,,86.5
9412,2026-07-18,Dinner,21,21:05,2,Dine-in,,33.0
9413,2026-07-18,Dinner,21,21:13,2,Dine-in,,79.5
9414,2026-07-18,Dinner,20,20:09,1,Dine-in,,37.0
9415,2026-07-18,Dinner,19,19:00,3,Dine-in,,121.0
9416,2026-07-18,Dinner,17,17:31,2,Dine-in,,38.5
9417,2026-07-18,Dinner,18,18:01,2,Dine-in,,27.5
9418,2026-07-18,Dinner,21,21:29,3,Takeaway,,193.5
9419,2026-07-18,Dinner,20,20:20,1,Dine-in,,18.5
9420,2026-07-18,Dinner,20,20:36,5,Dine-in,,220.0
9421,2026-07-18,Dinner,20,20:08,3,Dine-in,,100.5
9422,2026-07-18,Dinner,20,20:07,3,Dine-in,,118.0
9423,2026-07-18,Dinner,18,18:47,2,Dine-in,,98.0
9424,2026-07-18,Dinner,19,19:17,6,Dine-in,,274.5
9425,2026-07-18,Dinner,19,19:07,5,Dine-in,,185.0
9426,2026-07-18,Dinner,21,21:04,2,Dine-in,,56.0
9427,2026-07-18,Dinner,19,19:42,3,Dine-in,,104.5
9428,2026-07-18,Dinner,17,17:35,2,Dine-in,,90.0
9429,2026-07-18,Dinner,18,18:46,2,Dine-in,,133.5
9430,2026-07-18,Dinner,18,18:42,4,Dine-in,,173.5
9431,2026-07-18,Dinner,19,19:37,2,Dine-in,,94.5
9432,2026-07-18,Dinner,18,18:57,2,Takeaway,,117.5
9433,2026-07-18,Dinner,19,19:54,2,Dine-in,,143.5
9434,2026-07-18,Dinner,21,21:10,3,Dine-in,,97.0
9435,2026-07-18,Dinner,21,21:41,2,Dine-in,,159.5
9436,2026-07-18,Dinner,20,20:02,2,Dine-in,,240.5
9437,2026-07-18,Dinner,18,18:30,2,Dine-in,,116.5
9438,2026-07-18,Dinner,20,20:15,1,Dine-in,,72.5
9439,2026-07-18,Dinner,19,19:10,2,Dine-in,,144.0
9440,2026-07-18,Dinner,18,18:19,3,Dine-in,,127.5
9441,2026-07-18,Dinner,17,17:37,2,Dine-in,,91.0
9442,2026-07-18,Dinner,19,19:37,5,Dine-in,,196.0
9443,2026-07-18,Dinner,20,20:14,2,Takeaway,,60.0
9444,2026-07-18,Dinner,17,17:57,4,Dine-in,,172.5
9445,2026-07-18,Dinner,21,21:43,2,Dine-in,,99.5
9446,2026-07-18,Dinner,17,17:39,1,Dine-in,,111.5
9447,2026-07-18,Late,23,23:08,3,Dine-in,,117.0
9448,2026-07-18,Late,22,22:00,2,Dine-in,,43.5
9449,2026-07-18,Late,22,22:07,1,Dine-in,,37.5
9450,2026-07-18,Late,22,22:53,2,Dine-in,,49.0
9451,2026-07-18,Late,23,23:12,2,Dine-in,,37.0
9452,2026-07-18,Late,23,23:14,4,Dine-in,,193.0
9453,2026-07-18,Lunch,12,12:00,5,Dine-in,,220.5
9454,2026-07-18,Lunch,14,14:23,3,Dine-in,,134.5
9455,2026-07-18,Lunch,13,13:10,2,Dine-in,,82.0
9456,2026-07-18,Lunch,14,14:13,2,Dine-in,,106.5
9457,2026-07-18,Lunch,14,14:37,2,Dine-in,,111.5
9458,2026-07-18,Lunch,12,12:04,2,Dine-in,,112.0
9459,2026-07-18,Lunch,12,12:09,1,Dine-in,,31.5
9460,2026-07-18,Lunch,13,13:33,2,Dine-in,,188.5
9461,2026-07-18,Lunch,13,13:52,4,Takeaway,,214.5
9462,2026-07-18,Lunch,12,12:00,2,Takeaway,,135.0
9463,2026-07-18,Lunch,13,13:40,5,Dine-in,,176.0
9464,2026-07-18,Lunch,14,14:41,2,Dine-in,,48.5
9465,2026-07-18,Lunch,13,13:57,3,Dine-in,,73.5
9466,2026-07-18,Lunch,14,14:33,2,Dine-in,,85.5
9467,2026-07-18,Lunch,13,13:03,3,Dine-in,,184.0
9468,2026-07-18,Lunch,12,12:25,2,Dine-in,,74.0
9469,2026-07-18,Lunch,14,14:32,2,Dine-in,,75.5
9470,2026-07-19,Dinner,20,20:08,2,Takeaway,,94.0
9471,2026-07-19,Dinner,19,19:40,2,Dine-in,,58.5
9472,2026-07-19,Dinner,20,20:20,2,Dine-in,,94.0
9473,2026-07-19,Dinner,19,19:57,2,Dine-in,,62.5
9474,2026-07-19,Dinner,17,17:41,2,Dine-in,,84.0
9475,2026-07-19,Dinner,21,21:06,2,Dine-in,,106.0
9476,2026-07-19,Dinner,18,18:47,2,Dine-in,,40.0
9477,2026-07-19,Dinner,19,19:19,2,Dine-in,,65.5
9478,2026-07-19,Dinner,21,21:25,2,Takeaway,,193.5
9479,2026-07-19,Dinner,17,17:52,2,Dine-in,,91.5
9480,2026-07-19,Dinner,18,18:11,4,Dine-in,,155.0
9481,2026-07-19,Dinner,17,17:45,6,Takeaway,,175.0
9482,2026-07-19,Dinner,19,19:43,5,Dine-in,,338.5
9483,2026-07-19,Dinner,18,18:02,1,Dine-in,,35.0
9484,2026-07-19,Dinner,19,19:51,2,Takeaway,,72.5
9485,2026-07-19,Dinner,18,18:26,2,Takeaway,,153.5
9486,2026-07-19,Dinner,19,19:32,5,Dine-in,,231.5
9487,2026-07-19,Dinner,21,21:17,3,Dine-in,,256.0
9488,2026-07-19,Dinner,18,18:25,2,Dine-in,,60.0
9489,2026-07-19,Dinner,21,21:31,4,Dine-in,,271.5
9490,2026-07-19,Dinner,18,18:16,3,Dine-in,,80.0
9491,2026-07-19,Dinner,17,17:38,3,Dine-in,,129.0
9492,2026-07-19,Dinner,20,20:15,2,Takeaway,,82.0
9493,2026-07-19,Dinner,19,19:55,3,Dine-in,,116.5
9494,2026-07-19,Dinner,20,20:42,2,Dine-in,,99.0
9495,2026-07-19,Dinner,18,18:05,1,Dine-in,,103.5
9496,2026-07-19,Dinner,18,18:52,5,Dine-in,,191.5
9497,2026-07-19,Dinner,21,21:33,1,Dine-in,,56.0
9498,2026-07-19,Dinner,21,21:07,1,Dine-in,,67.0
9499,2026-07-19,Lunch,12,12:07,2,Dine-in,,98.5
9500,2026-07-19,Lunch,13,13:37,2,Dine-in,,87.5
9501,2026-07-19,Lunch,12,12:03,3,Dine-in,,94.0
9502,2026-07-19,Lunch,12,12:34,3,Dine-in,,184.0
9503,2026-07-19,Lunch,13,13:50,5,Dine-in,,288.0
9504,2026-07-19,Lunch,12,12:27,1,Dine-in,,21.0
9505,2026-07-19,Lunch,12,12:27,2,Dine-in,,111.5
9506,2026-07-19,Lunch,12,12:46,2,Dine-in,,101.5
9507,2026-07-19,Lunch,14,14:25,2,Dine-in,,22.5
9508,2026-07-19,Lunch,13,13:07,2,Dine-in,,47.0
9509,2026-07-19,Lunch,12,12:35,2,Dine-in,,44.0
9510,2026-07-19,Lunch,13,13:53,2,Dine-in,,161.0
9511,2026-07-19,Lunch,12,12:50,2,Takeaway,,94.5
9512,2026-07-19,Lunch,14,14:22,2,Dine-in,,19.0
9513,2026-07-19,Lunch,12,12:42,2,Dine-in,,86.0
9514,2026-07-19,Lunch,13,13:11,1,Dine-in,,0.0
9515,2026-07-21,Dinner,21,21:12,2,Dine-in,,121.5
9516,2026-07-21,Dinner,20,20:20,2,Takeaway,,57.0
9517,2026-07-21,Dinner,21,21:18,5,Dine-in,,118.5
9518,2026-07-21,Dinner,19,19:27,5,Dine-in,,215.0
9519,2026-07-21,Dinner,20,20:19,5,Takeaway,,243.5
9520,2026-07-21,Dinner,18,18:39,2,Dine-in,,95.5
9521,2026-07-21,Dinner,19,19:24,5,Dine-in,,176.0
9522,2026-07-21,Dinner,19,19:56,4,Takeaway,,256.5
9523,2026-07-21,Dinner,17,17:48,3,Dine-in,,68.0
9524,2026-07-21,Dinner,20,20:50,2,Dine-in,,181.0
9525,2026-07-21,Dinner,19,19:12,2,Dine-in,,51.0
9526,2026-07-21,Dinner,19,19:42,2,Dine-in,,127.0
9527,2026-07-21,Dinner,20,20:12,3,Dine-in,,80.0
9528,2026-07-21,Dinner,19,19:29,2,Takeaway,,92.5
9529,2026-07-21,Dinner,20,20:17,2,Dine-in,,39.5
9530,2026-07-21,Dinner,17,17:46,2,Dine-in,,133.5
9531,2026-07-21,Dinner,20,20:49,2,Takeaway,,143.0
9532,2026-07-21,Dinner,17,17:34,1,Takeaway,,77.5
9533,2026-07-21,Lunch,12,12:23,5,Dine-in,,227.5
9534,2026-07-21,Lunch,13,13:31,3,Dine-in,,81.5
9535,2026-07-21,Lunch,12,12:49,2,Takeaway,,87.5
9536,2026-07-21,Lunch,13,13:18,4,Dine-in,,208.5
9537,2026-07-21,Lunch,13,13:28,3,Dine-in,,268.5
9538,2026-07-21,Lunch,12,12:15,4,Dine-in,,125.0
9539,2026-07-22,Dinner,20,20:28,2,Dine-in,,183.5
9540,2026-07-22,Dinner,20,20:08,1,Dine-in,,37.0
9541,2026-07-22,Dinner,18,18:15,1,Dine-in,,75.5
9542,2026-07-22,Dinner,18,18:24,4,Dine-in,,198.5
9543,2026-07-22,Dinner,18,18:23,2,Dine-in,,99.0
9544,2026-07-22,Dinner,20,20:29,2,Takeaway,,34.0
9545,2026-07-22,Dinner,21,21:39,3,Dine-in,,168.5
9546,2026-07-22,Dinner,19,19:15,3,Dine-in,,137.0
9547,2026-07-22,Dinner,20,20:47,2,Dine-in,,130.0
9548,2026-07-22,Dinner,19,19:21,2,Takeaway,,102.0
9549,2026-07-22,Dinner,20,20:53,5,Dine-in,,276.0
9550,2026-07-22,Dinner,18,18:32,4,Dine-in,,199.5
9551,2026-07-22,Dinner,21,21:40,2,Takeaway,,75.0
9552,2026-07-22,Dinner,21,21:24,6,Takeaway,,107.0
9553,2026-07-22,Dinner,21,21:13,1,Takeaway,,23.0
9554,2026-07-22,Dinner,17,17:48,4,Dine-in,,156.0
9555,2026-07-22,Dinner,19,19:16,2,Dine-in,,156.5
9556,2026-07-22,Dinner,19,19:47,4,Dine-in,,268.0
9557,2026-07-22,Dinner,20,20:32,2,Dine-in,,127.5
9558,2026-07-22,Dinner,20,20:48,2,Dine-in,,69.0
9559,2026-07-22,Dinner,17,17:53,2,Dine-in,,149.5
9560,2026-07-22,Dinner,20,20:25,1,Dine-in,,49.0
9561,2026-07-22,Dinner,20,20:17,2,Dine-in,,3.5
9562,2026-07-22,Lunch,13,13:29,2,Dine-in,,122.5
9563,2026-07-22,Lunch,14,14:40,3,Dine-in,,63.5
9564,2026-07-22,Lunch,13,13:42,2,Dine-in,,72.5
9565,2026-07-22,Lunch,14,14:27,3,Takeaway,,63.0
9566,2026-07-22,Lunch,12,12:50,4,Dine-in,,107.0
9567,2026-07-22,Lunch,13,13:01,2,Dine-in,,104.0
9568,2026-07-22,Lunch,13,13:25,3,Dine-in,,178.0
9569,2026-07-22,Lunch,13,13:30,6,Dine-in,,130.5
9570,2026-07-22,Lunch,13,13:02,1,Dine-in,,14.0
9571,2026-07-23,Dinner,20,20:31,4,Takeaway,,228.5
9572,2026-07-23,Dinner,17,17:35,1,Dine-in,,41.0
9573,2026-07-23,Dinner,20,20:50,4,Dine-in,,130.0
9574,2026-07-23,Dinner,19,19:10,2,Dine-in,,31.0
9575,2026-07-23,Dinner,19,19:43,2,Dine-in,,124.5
9576,2026-07-23,Dinner,19,19:21,4,Dine-in,,153.5
9577,2026-07-23,Dinner,17,17:45,2,Dine-in,,89.5
9578,2026-07-23,Dinner,19,19:58,4,Dine-in,,251.5
9579,2026-07-23,Dinner,18,18:52,2,Dine-in,,53.0
9580,2026-07-23,Dinner,18,18:54,5,Dine-in,,194.0
9581,2026-07-23,Dinner,20,20:29,2,Dine-in,,49.0
9582,2026-07-23,Dinner,21,21:07,4,Dine-in,,271.5
9583,2026-07-23,Dinner,19,19:28,1,Dine-in,,29.5
9584,2026-07-23,Dinner,21,21:19,2,Dine-in,,3.5
9585,2026-07-23,Dinner,18,18:27,4,Dine-in,,201.5
9586,2026-07-23,Dinner,18,18:29,3,Dine-in,,225.0
9587,2026-07-23,Dinner,21,21:11,2,Dine-in,,79.0
9588,2026-07-23,Dinner,19,19:17,2,Dine-in,,106.5
9589,2026-07-23,Dinner,19,19:57,4,Dine-in,,140.5
9590,2026-07-23,Dinner,21,21:19,2,Dine-in,,28.0
9591,2026-07-23,Lunch,12,12:39,2,Dine-in,,85.5
9592,2026-07-23,Lunch,13,13:49,4,Dine-in,,257.5
9593,2026-07-23,Lunch,14,14:35,2,Dine-in,,118.0
9594,2026-07-23,Lunch,13,13:32,1,Dine-in,,15.5
9595,2026-07-23,Lunch,12,12:57,3,Takeaway,,127.5
9596,2026-07-23,Lunch,14,14:09,2,Dine-in,,90.0
9597,2026-07-23,Lunch,12,12:34,2,Dine-in,,63.5
9598,2026-07-23,Lunch,13,13:21,2,Takeaway,,45.0
9599,2026-07-23,Lunch,13,13:18,2,Dine-in,,138.0
9600,2026-07-23,Lunch,13,13:34,2,Takeaway,,171.0
9601,2026-07-23,Lunch,14,14:06,1,Takeaway,,29.0
9602,2026-07-23,Lunch,14,14:05,2,Dine-in,,79.5
9603,2026-07-23,Lunch,14,14:12,1,Dine-in,,36.0
9604,2026-07-24,Dinner,18,18:32,3,Dine-in,,173.5
9605,2026-07-24,Dinner,20,20:31,2,Dine-in,,152.0
9606,2026-07-24,Dinner,17,17:54,5,Dine-in,,174.0
9607,2026-07-24,Dinner,17,17:59,3,Dine-in,,96.5
9608,2026-07-24,Dinner,21,21:39,5,Dine-in,,220.0
9609,2026-07-24,Dinner,18,18:16,2,Dine-in,,81.0
9610,2026-07-24,Dinner,20,20:54,4,Dine-in,,223.0
9611,2026-07-24,Dinner,21,21:00,5,Dine-in,,131.5
9612,2026-07-24,Dinner,19,19:29,2,Dine-in,,65.5
9613,2026-07-24,Dinner,19,19:37,4,Dine-in,,132.0
9614,2026-07-24,Dinner,19,19:16,1,Dine-in,,22.0
9615,2026-07-24,Dinner,19,19:34,5,Dine-in,,297.5
9616,2026-07-24,Dinner,18,18:49,1,Dine-in,,54.0
9617,2026-07-24,Dinner,20,20:11,3,Dine-in,,192.5
9618,2026-07-24,Dinner,19,19:41,4,Dine-in,,106.0
9619,2026-07-24,Dinner,19,19:58,3,Dine-in,,110.5
9620,2026-07-24,Dinner,21,21:20,2,Takeaway,,69.0
9621,2026-07-24,Dinner,17,17:50,4,Dine-in,,67.5
9622,2026-07-24,Dinner,20,20:35,2,Dine-in,,77.5
9623,2026-07-24,Dinner,19,19:38,6,Dine-in,,209.5
9624,2026-07-24,Dinner,20,20:37,2,Dine-in,,86.0
9625,2026-07-24,Dinner,17,17:38,3,Dine-in,,161.5
9626,2026-07-24,Dinner,19,19:14,6,Dine-in,,178.0
9627,2026-07-24,Dinner,19,19:11,2,Dine-in,,9.0
9628,2026-07-24,Dinner,21,21:04,2,Dine-in,,72.0
9629,2026-07-24,Dinner,20,20:29,2,Dine-in,,111.5
9630,2026-07-24,Dinner,18,18:04,2,Dine-in,,123.5
9631,2026-07-24,Late,22,22:47,2,Dine-in,,17.0
9632,2026-07-24,Late,22,22:33,2,Dine-in,,64.5
9633,2026-07-24,Late,22,22:12,2,Dine-in,,59.0
9634,2026-07-24,Late,22,22:26,2,Dine-in,,26.5
9635,2026-07-24,Late,22,22:16,4,Takeaway,,212.0
9636,2026-07-24,Lunch,12,12:25,2,Dine-in,,115.5
9637,2026-07-24,Lunch,13,13:26,5,Dine-in,,165.0
9638,2026-07-24,Lunch,13,13:51,2,Takeaway,,45.5
9639,2026-07-24,Lunch,13,13:27,1,Dine-in,,32.5
9640,2026-07-24,Lunch,14,14:29,4,Takeaway,,316.5
9641,2026-07-24,Lunch,14,14:33,2,Dine-in,,49.5
9642,2026-07-24,Lunch,12,12:22,3,Dine-in,,78.0
9643,2026-07-24,Lunch,12,12:29,6,Dine-in,,143.5
9644,2026-07-24,Lunch,12,12:00,4,Dine-in,,200.0
9645,2026-07-24,Lunch,14,14:20,1,Dine-in,,43.5
9646,2026-07-24,Lunch,14,14:12,4,Dine-in,,134.5
9647,2026-07-24,Lunch,12,12:13,1,Dine-in,,48.0
9648,2026-07-25,Dinner,20,20:17,2,Dine-in,,139.0
9649,2026-07-25,Dinner,20,20:37,5,Dine-in,,134.5
9650,2026-07-25,Dinner,17,17:34,4,Dine-in,,240.5
9651,2026-07-25,Dinner,18,18:41,5,Dine-in,,171.0
9652,2026-07-25,Dinner,17,17:37,5,Takeaway,,212.5
9653,2026-07-25,Dinner,20,20:01,1,Dine-in,,17.5
9654,2026-07-25,Dinner,20,20:39,2,Dine-in,,121.0
9655,2026-07-25,Dinner,21,21:03,4,Dine-in,,165.0
9656,2026-07-25,Dinner,19,19:23,1,Dine-in,,76.5
9657,2026-07-25,Dinner,18,18:45,4,Dine-in,,118.0
9658,2026-07-25,Dinner,19,19:00,3,Dine-in,,116.0
9659,2026-07-25,Dinner,18,18:51,4,Dine-in,,159.5
9660,2026-07-25,Dinner,20,20:17,3,Dine-in,,147.5
9661,2026-07-25,Dinner,17,17:33,2,Dine-in,,47.0
9662,2026-07-25,Dinner,17,17:46,2,Dine-in,,108.0
9663,2026-07-25,Dinner,19,19:22,2,Takeaway,,40.0
9664,2026-07-25,Dinner,19,19:33,2,Dine-in,,102.0
9665,2026-07-25,Dinner,18,18:41,6,Takeaway,,142.5
9666,2026-07-25,Dinner,17,17:40,3,Dine-in,,141.5
9667,2026-07-25,Dinner,21,21:34,2,Dine-in,,87.0
9668,2026-07-25,Dinner,18,18:40,2,Dine-in,,23.0
9669,2026-07-25,Dinner,21,21:09,5,Dine-in,,245.0
9670,2026-07-25,Dinner,20,20:38,2,Dine-in,,191.5
9671,2026-07-25,Dinner,18,18:24,2,Takeaway,,69.0
9672,2026-07-25,Dinner,20,20:37,2,Dine-in,,153.5
9673,2026-07-25,Dinner,17,17:33,2,Dine-in,,76.5
9674,2026-07-25,Dinner,19,19:42,3,Dine-in,,91.5
9675,2026-07-25,Dinner,20,20:04,2,Dine-in,,47.0
9676,2026-07-25,Dinner,21,21:05,3,Dine-in,,152.5
9677,2026-07-25,Late,22,22:39,5,Dine-in,,130.0
9678,2026-07-25,Late,22,22:30,4,Dine-in,,262.0
9679,2026-07-25,Late,22,22:41,2,Dine-in,,80.5
9680,2026-07-25,Late,22,22:35,1,Dine-in,,62.5
9681,2026-07-25,Lunch,14,14:43,4,Dine-in,,152.5
9682,2026-07-25,Lunch,12,12:18,5,Takeaway,,233.0
9683,2026-07-25,Lunch,12,12:35,4,Dine-in,,106.5
9684,2026-07-25,Lunch,12,12:33,2,Dine-in,,54.5
9685,2026-07-25,Lunch,13,13:33,2,Dine-in,,61.0
9686,2026-07-25,Lunch,14,14:28,4,Dine-in,,265.5
9687,2026-07-25,Lunch,14,14:15,6,Takeaway,,380.5
9688,2026-07-25,Lunch,12,12:59,2,Dine-in,,56.5
9689,2026-07-25,Lunch,12,12:02,2,Dine-in,,89.5
9690,2026-07-25,Lunch,14,14:14,2,Dine-in,,161.0
9691,2026-07-25,Lunch,12,12:53,4,Dine-in,,184.5
9692,2026-07-25,Lunch,14,14:38,2,Dine-in,,72.0
9693,2026-07-26,Dinner,20,20:11,2,Dine-in,,45.0
9694,2026-07-26,Dinner,18,18:22,4,Dine-in,,137.5
9695,2026-07-26,Dinner,19,19:57,2,Dine-in,,83.5
9696,2026-07-26,Dinner,19,19:13,2,Dine-in,,174.0
9697,2026-07-26,Dinner,21,21:41,2,Dine-in,,78.0
9698,2026-07-26,Dinner,20,20:29,4,Dine-in,,168.5
9699,2026-07-26,Dinner,20,20:51,2,Dine-in,,42.5
9700,2026-07-26,Dinner,19,19:25,2,Dine-in,,75.0
9701,2026-07-26,Dinner,19,19:23,1,Dine-in,,27.5
9702,2026-07-26,Dinner,21,21:10,2,Dine-in,,243.0
9703,2026-07-26,Dinner,21,21:34,4,Dine-in,,207.5
9704,2026-07-26,Dinner,21,21:14,2,Dine-in,,83.5
9705,2026-07-26,Dinner,17,17:38,2,Dine-in,,102.0
9706,2026-07-26,Dinner,19,19:16,3,Dine-in,,121.5
9707,2026-07-26,Dinner,17,17:57,2,Dine-in,,63.5
9708,2026-07-26,Dinner,20,20:18,5,Dine-in,,184.0
9709,2026-07-26,Dinner,21,21:13,3,Dine-in,,161.0
9710,2026-07-26,Dinner,19,19:15,2,Dine-in,,120.5
9711,2026-07-26,Dinner,17,17:35,2,Takeaway,,110.5
9712,2026-07-26,Dinner,21,21:16,1,Dine-in,,62.0
9713,2026-07-26,Dinner,20,20:05,2,Dine-in,,89.5
9714,2026-07-26,Dinner,19,19:35,2,Dine-in,,47.0
9715,2026-07-26,Dinner,19,19:05,4,Dine-in,,178.5
9716,2026-07-26,Dinner,21,21:01,2,Takeaway,,158.0
9717,2026-07-26,Dinner,19,19:13,6,Dine-in,,302.0
9718,2026-07-26,Dinner,17,17:44,4,Dine-in,,167.0
9719,2026-07-26,Dinner,18,18:48,3,Takeaway,,114.5
9720,2026-07-26,Dinner,21,21:44,5,Dine-in,,115.5
9721,2026-07-26,Dinner,19,19:28,2,Takeaway,,94.0
9722,2026-07-26,Lunch,13,13:08,2,Dine-in,,258.5
9723,2026-07-26,Lunch,14,14:28,2,Dine-in,,69.5
9724,2026-07-26,Lunch,13,13:01,5,Dine-in,,202.0
9725,2026-07-26,Lunch,13,13:06,2,Dine-in,,78.0
9726,2026-07-26,Lunch,13,13:29,2,Dine-in,,87.5
9727,2026-07-26,Lunch,12,12:35,4,Dine-in,,129.5
9728,2026-07-26,Lunch,12,12:50,2,Dine-in,,122.5
9729,2026-07-26,Lunch,13,13:46,2,Dine-in,,141.0
9730,2026-07-26,Lunch,13,13:56,4,Dine-in,,139.5
9731,2026-07-26,Lunch,14,14:10,3,Dine-in,,116.0
9732,2026-07-26,Lunch,12,12:45,4,Dine-in,,179.5
9733,2026-07-28,Dinner,21,21:16,1,Dine-in,,15.5
9734,2026-07-28,Dinner,19,19:58,2,Dine-in,,61.5
9735,2026-07-28,Dinner,18,18:17,4,Dine-in,,134.0
9736,2026-07-28,Dinner,19,19:48,6,Dine-in,,261.0
9737,2026-07-28,Dinner,18,18:49,2,Dine-in,,70.5
9738,2026-07-28,Dinner,20,20:33,2,Dine-in,,40.5
9739,2026-07-28,Dinner,18,18:02,4,Dine-in,,119.5
9740,2026-07-28,Dinner,18,18:06,5,Dine-in,,158.5
9741,2026-07-28,Dinner,19,19:54,6,Dine-in,,366.0
9742,2026-07-28,Dinner,19,19:11,2,Dine-in,,65.5
9743,2026-07-28,Dinner,18,18:02,2,Takeaway,,48.0
9744,2026-07-28,Dinner,19,19:38,2,Dine-in,,86.0
9745,2026-07-28,Dinner,20,20:40,1,Dine-in,,14.5
9746,2026-07-28,Dinner,17,17:53,4,Dine-in,,80.0
9747,2026-07-28,Lunch,12,12:40,3,Dine-in,,190.0
9748,2026-07-28,Lunch,12,12:56,1,Dine-in,,39.0
9749,2026-07-28,Lunch,13,13:54,2,Dine-in,,126.0
9750,2026-07-28,Lunch,14,14:10,2,Dine-in,,100.5
9751,2026-07-28,Lunch,14,14:44,3,Dine-in,,150.0
9752,2026-07-28,Lunch,12,12:26,2,Dine-in,,57.0
9753,2026-07-28,Lunch,14,14:12,4,Takeaway,,103.5
9754,2026-07-29,Dinner,19,19:53,2,Dine-in,,101.5
9755,2026-07-29,Dinner,17,17:54,1,Takeaway,,42.5
9756,2026-07-29,Dinner,18,18:01,5,Dine-in,,115.0
9757,2026-07-29,Dinner,21,21:13,4,Dine-in,,207.5
9758,2026-07-29,Dinner,19,19:11,2,Dine-in,,103.5
9759,2026-07-29,Dinner,17,17:56,3,Dine-in,,218.0
9760,2026-07-29,Dinner,19,19:24,2,Dine-in,,122.5
9761,2026-07-29,Dinner,19,19:10,2,Takeaway,,83.0
9762,2026-07-29,Dinner,19,19:46,2,Takeaway,,41.5
9763,2026-07-29,Dinner,20,20:51,4,Dine-in,,150.5
9764,2026-07-29,Dinner,20,20:01,2,Dine-in,,65.0
9765,2026-07-29,Dinner,21,21:22,1,Dine-in,,51.5
9766,2026-07-29,Dinner,20,20:40,2,Dine-in,,35.0
9767,2026-07-29,Dinner,18,18:36,2,Dine-in,,79.5
9768,2026-07-29,Dinner,21,21:27,4,Dine-in,,213.0
9769,2026-07-29,Dinner,17,17:40,2,Dine-in,,50.5
9770,2026-07-29,Lunch,12,12:58,2,Dine-in,,116.5
9771,2026-07-29,Lunch,12,12:26,1,Dine-in,,21.0
9772,2026-07-29,Lunch,14,14:13,4,Dine-in,,175.5
9773,2026-07-29,Lunch,14,14:33,2,Dine-in,,45.5
9774,2026-07-29,Lunch,13,13:31,6,Dine-in,,191.5
9775,2026-07-29,Lunch,12,12:46,2,Dine-in,,102.5
9776,2026-07-29,Lunch,13,13:51,5,Dine-in,,182.0
9777,2026-07-30,Dinner,21,21:03,5,Dine-in,,279.0
9778,2026-07-30,Dinner,17,17:56,1,Takeaway,,3.5
9779,2026-07-30,Dinner,21,21:40,2,Dine-in,,139.5
9780,2026-07-30,Dinner,19,19:49,4,Takeaway,,190.0
9781,2026-07-30,Dinner,18,18:26,2,Dine-in,,112.5
9782,2026-07-30,Dinner,20,20:27,3,Dine-in,,158.5
9783,2026-07-30,Dinner,20,20:00,3,Dine-in,,102.0
9784,2026-07-30,Dinner,18,18:43,2,Dine-in,,61.5
9785,2026-07-30,Dinner,18,18:21,2,Dine-in,,87.0
9786,2026-07-30,Dinner,18,18:16,2,Dine-in,,145.0
9787,2026-07-30,Dinner,20,20:35,1,Dine-in,,48.5
9788,2026-07-30,Dinner,19,19:45,4,Dine-in,,217.5
9789,2026-07-30,Dinner,20,20:52,2,Dine-in,,77.0
9790,2026-07-30,Dinner,21,21:15,2,Dine-in,,47.0
9791,2026-07-30,Dinner,18,18:11,2,Dine-in,,64.0
9792,2026-07-30,Dinner,20,20:07,3,Dine-in,,182.5
9793,2026-07-30,Dinner,19,19:09,2,Dine-in,,63.0
9794,2026-07-30,Dinner,19,19:23,4,Dine-in,,92.5
9795,2026-07-30,Dinner,18,18:31,2,Dine-in,,35.5
9796,2026-07-30,Dinner,20,20:33,6,Takeaway,,319.0
9797,2026-07-30,Lunch,14,14:34,4,Dine-in,,201.0
9798,2026-07-30,Lunch,14,14:19,3,Takeaway,,98.0
9799,2026-07-30,Lunch,13,13:19,3,Takeaway,,168.0
9800,2026-07-30,Lunch,13,13:00,5,Dine-in,,183.0
9801,2026-07-30,Lunch,13,13:09,2,Dine-in,,65.5
9802,2026-07-30,Lunch,14,14:41,2,Dine-in,,29.5
9803,2026-07-30,Lunch,13,13:21,2,Dine-in,,108.5
9804,2026-07-30,Lunch,14,14:06,1,Dine-in,,115.0
9805,2026-07-30,Lunch,13,13:27,1,Dine-in,,64.5
9806,2026-07-30,Lunch,13,13:13,2,Dine-in,,140.5
9807,2026-07-31,Dinner,17,17:32,2,Takeaway,,55.0
9808,2026-07-31,Dinner,18,18:34,4,Takeaway,,81.5
9809,2026-07-31,Dinner,19,19:48,2,Dine-in,,125.5
9810,2026-07-31,Dinner,18,18:34,2,Dine-in,,130.0
9811,2026-07-31,Dinner,18,18:38,5,Dine-in,,71.0
9812,2026-07-31,Dinner,21,21:03,2,Dine-in,,64.0
9813,2026-07-31,Dinner,19,19:30,5,Takeaway,,148.5
9814,2026-07-31,Dinner,17,17:50,1,Dine-in,,36.5
9815,2026-07-31,Dinner,17,17:48,5,Takeaway,,264.5
9816,2026-07-31,Dinner,18,18:36,2,Dine-in,,148.0
9817,2026-07-31,Dinner,18,18:34,2,Dine-in,,69.5
9818,2026-07-31,Dinner,21,21:01,6,Dine-in,,229.5
9819,2026-07-31,Dinner,21,21:22,6,Dine-in,,363.5
9820,2026-07-31,Dinner,19,19:23,2,Dine-in,,65.5
9821,2026-07-31,Dinner,21,21:41,2,Dine-in,,62.5
9822,2026-07-31,Dinner,19,19:46,6,Dine-in,,324.0
9823,2026-07-31,Dinner,19,19:54,2,Dine-in,,95.5
9824,2026-07-31,Dinner,19,19:21,2,Dine-in,,109.0
9825,2026-07-31,Dinner,20,20:30,2,Dine-in,,96.5
9826,2026-07-31,Dinner,21,21:02,2,Dine-in,,35.5
9827,2026-07-31,Dinner,21,21:01,1,Dine-in,,31.0
9828,2026-07-31,Dinner,18,18:15,2,Dine-in,,48.5
9829,2026-07-31,Dinner,18,18:04,1,Dine-in,,55.5
9830,2026-07-31,Dinner,21,21:16,2,Dine-in,,125.5
9831,2026-07-31,Dinner,19,19:46,1,Takeaway,,11.0
9832,2026-07-31,Dinner,21,21:28,5,Dine-in,,260.0
9833,2026-07-31,Dinner,17,17:55,2,Dine-in,,79.0
9834,2026-07-31,Dinner,17,17:58,2,Dine-in,,104.0
9835,2026-07-31,Dinner,17,17:37,2,Dine-in,,123.5
9836,2026-07-31,Dinner,20,20:24,5,Dine-in,,206.5
9837,2026-07-31,Dinner,21,21:19,2,Dine-in,,130.5
9838,2026-07-31,Late,22,22:19,3,Dine-in,,76.0
9839,2026-07-31,Late,23,23:12,2,Takeaway,,12.0
9840,2026-07-31,Late,22,22:16,2,Takeaway,,104.5
9841,2026-07-31,Late,22,22:16,3,Dine-in,,91.5
9842,2026-07-31,Lunch,12,12:23,2,Dine-in,,112.0
9843,2026-07-31,Lunch,14,14:18,1,Dine-in,,37.5
9844,2026-07-31,Lunch,14,14:29,3,Takeaway,,130.5
9845,2026-07-31,Lunch,12,12:58,2,Dine-in,,156.5
9846,2026-07-31,Lunch,12,12:16,3,Dine-in,,154.5
9847,2026-07-31,Lunch,13,13:48,4,Dine-in,,261.5
9848,2026-07-31,Lunch,14,14:16,3,Dine-in,,133.0
9849,2026-07-31,Lunch,14,14:01,3,Takeaway,,115.5
9850,2026-07-31,Lunch,12,12:01,3,Dine-in,,115.0
9851,2026-07-31,Lunch,14,14:31,2,Dine-in,,77.0
9852,2026-07-31,Lunch,14,14:18,3,Dine-in,,61.0
9853,2026-07-31,Lunch,12,12:04,3,Dine-in,,117.0
9854,2026-07-31,Lunch,12,12:32,4,Dine-in,,161.5
9855,2026-08-01,Dinner,21,21:16,2,Dine-in,,82.5
9856,2026-08-01,Dinner,19,19:55,2,Dine-in,,59.0
9857,2026-08-01,Dinner,20,20:21,3,Dine-in,,52.0
9858,2026-08-01,Dinner,18,18:26,2,Dine-in,,65.5
9859,2026-08-01,Dinner,19,19:46,4,Dine-in,,121.5
9860,2026-08-01,Dinner,20,20:31,1,Takeaway,,66.5
9861,2026-08-01,Dinner,17,17:47,5,Dine-in,,141.0
9862,2026-08-01,Dinner,21,21:02,1,Dine-in,,0.0
9863,2026-08-01,Dinner,19,19:18,2,Dine-in,,168.5
9864,2026-08-01,Dinner,19,19:25,2,Dine-in,,68.0
9865,2026-08-01,Dinner,17,17:35,2,Dine-in,,59.0
9866,2026-08-01,Dinner,20,20:04,4,Dine-in,,197.5
9867,2026-08-01,Dinner,17,17:30,1,Dine-in,,14.0
9868,2026-08-01,Dinner,20,20:08,2,Dine-in,,42.5
9869,2026-08-01,Dinner,20,20:42,4,Takeaway,,160.5
9870,2026-08-01,Dinner,20,20:46,2,Dine-in,,68.0
9871,2026-08-01,Dinner,18,18:25,2,Dine-in,,125.0
9872,2026-08-01,Dinner,19,19:12,2,Dine-in,,87.5
9873,2026-08-01,Dinner,19,19:49,2,Takeaway,,60.0
9874,2026-08-01,Dinner,20,20:12,2,Dine-in,,167.0
9875,2026-08-01,Dinner,19,19:12,2,Dine-in,,47.5
9876,2026-08-01,Dinner,19,19:36,2,Dine-in,,69.0
9877,2026-08-01,Dinner,20,20:41,3,Dine-in,,146.5
9878,2026-08-01,Dinner,19,19:39,2,Dine-in,,48.0
9879,2026-08-01,Dinner,20,20:20,2,Dine-in,,126.5
9880,2026-08-01,Dinner,18,18:49,4,Dine-in,,191.0
9881,2026-08-01,Dinner,19,19:16,3,Dine-in,,75.0
9882,2026-08-01,Dinner,19,19:44,5,Dine-in,,285.5
9883,2026-08-01,Dinner,18,18:22,2,Takeaway,,175.0
9884,2026-08-01,Dinner,18,18:37,2,Dine-in,,32.5
9885,2026-08-01,Dinner,21,21:39,4,Dine-in,,185.5
9886,2026-08-01,Dinner,17,17:46,2,Dine-in,,107.5
9887,2026-08-01,Dinner,20,20:36,2,Dine-in,,126.5
9888,2026-08-01,Late,22,22:47,5,Dine-in,,369.0
9889,2026-08-01,Late,22,22:30,2,Dine-in,,82.0
9890,2026-08-01,Late,22,22:10,4,Dine-in,,210.0
9891,2026-08-01,Late,22,22:39,1,Dine-in,,16.0
9892,2026-08-01,Lunch,14,14:42,2,Dine-in,,147.0
9893,2026-08-01,Lunch,14,14:21,5,Takeaway,,137.5
9894,2026-08-01,Lunch,12,12:29,2,Dine-in,,68.5
9895,2026-08-01,Lunch,12,12:52,2,Dine-in,,117.5
9896,2026-08-01,Lunch,14,14:30,2,Dine-in,,192.5
9897,2026-08-01,Lunch,13,13:37,2,Dine-in,,157.5
9898,2026-08-01,Lunch,12,12:14,2,Dine-in,,101.0
9899,2026-08-01,Lunch,13,13:36,2,Dine-in,,116.5
9900,2026-08-01,Lunch,14,14:19,5,Dine-in,,140.5
9901,2026-08-01,Lunch,13,13:53,2,Dine-in,,136.0
9902,2026-08-01,Lunch,13,13:19,3,Takeaway,,90.0
9903,2026-08-01,Lunch,12,12:47,2,Dine-in,,51.5
9904,2026-08-01,Lunch,13,13:57,2,Takeaway,,175.0
9905,2026-08-01,Lunch,14,14:07,1,Dine-in,,27.5
9906,2026-08-02,Dinner,17,17:41,2,Dine-in,,38.0
9907,2026-08-02,Dinner,21,21:15,2,Dine-in,,92.5
9908,2026-08-02,Dinner,18,18:57,5,Dine-in,,191.5
9909,2026-08-02,Dinner,20,20:11,1,Takeaway,,8.0
9910,2026-08-02,Dinner,20,20:08,1,Dine-in,,16.0
9911,2026-08-02,Dinner,17,17:37,2,Dine-in,,147.5
9912,2026-08-02,Dinner,21,21:33,2,Dine-in,,70.5
9913,2026-08-02,Dinner,17,17:45,2,Dine-in,,47.0
9914,2026-08-02,Dinner,20,20:54,4,Dine-in,,115.5
9915,2026-08-02,Dinner,20,20:20,4,Dine-in,,115.5
9916,2026-08-02,Dinner,19,19:17,2,Takeaway,,43.0
9917,2026-08-02,Dinner,19,19:54,2,Dine-in,,64.0
9918,2026-08-02,Dinner,18,18:22,2,Dine-in,,83.5
9919,2026-08-02,Dinner,18,18:13,4,Dine-in,,179.5
9920,2026-08-02,Dinner,18,18:49,3,Dine-in,,95.0
9921,2026-08-02,Dinner,20,20:59,2,Dine-in,,109.0
9922,2026-08-02,Dinner,20,20:16,2,Dine-in,,139.0
9923,2026-08-02,Dinner,19,19:53,6,Dine-in,,197.0
9924,2026-08-02,Dinner,21,21:28,5,Dine-in,,287.5
9925,2026-08-02,Dinner,18,18:10,2,Dine-in,,86.0
9926,2026-08-02,Dinner,18,18:41,3,Dine-in,,151.5
9927,2026-08-02,Dinner,20,20:35,1,Dine-in,,50.5
9928,2026-08-02,Dinner,18,18:01,2,Dine-in,,107.0
9929,2026-08-02,Lunch,12,12:13,2,Dine-in,,147.5
9930,2026-08-02,Lunch,12,12:49,2,Takeaway,,60.5
9931,2026-08-02,Lunch,13,13:29,4,Takeaway,,89.5
9932,2026-08-02,Lunch,12,12:56,2,Dine-in,,55.0
9933,2026-08-02,Lunch,14,14:08,2,Dine-in,,144.5
9934,2026-08-02,Lunch,12,12:18,3,Dine-in,,249.0
9935,2026-08-02,Lunch,14,14:00,2,Dine-in,,140.5
9936,2026-08-02,Lunch,13,13:06,1,Dine-in,,72.5
9937,2026-08-02,Lunch,13,13:31,4,Dine-in,,201.0
9938,2026-08-02,Lunch,12,12:30,2,Dine-in,,74.0
9939,2026-08-02,Lunch,12,12:14,2,Dine-in,,70.0
9940,2026-08-02,Lunch,14,14:31,2,Dine-in,,48.0
9941,2026-08-04,Dinner,21,21:19,2,Dine-in,,109.5
9942,2026-08-04,Dinner,20,20:16,2,Dine-in,,109.0
9943,2026-08-04,Dinner,19,19:43,2,Dine-in,,115.5
9944,2026-08-04,Dinner,20,20:12,2,Dine-in,,55.0
9945,2026-08-04,Dinner,20,20:38,2,Dine-in,,30.5
9946,2026-08-04,Dinner,17,17:57,2,Dine-in,,70.5
9947,2026-08-04,Dinner,19,19:28,2,Dine-in,,65.5
9948,2026-08-04,Dinner,20,20:53,6,Dine-in,,328.0
9949,2026-08-04,Dinner,19,19:29,2,Dine-in,,65.0
9950,2026-08-04,Dinner,17,17:56,2,Dine-in,,95.5
9951,2026-08-04,Dinner,19,19:35,2,Dine-in,,133.5
9952,2026-08-04,Dinner,20,20:08,2,Dine-in,,160.0
9953,2026-08-04,Dinner,18,18:42,2,Takeaway,,53.5
9954,2026-08-04,Dinner,20,20:46,3,Dine-in,,191.0
9955,2026-08-04,Dinner,19,19:32,2,Takeaway,,34.5
9956,2026-08-04,Dinner,21,21:41,5,Dine-in,,405.5
9957,2026-08-04,Dinner,18,18:28,1,Dine-in,,45.5
9958,2026-08-04,Dinner,20,20:56,2,Dine-in,,109.0
9959,2026-08-04,Lunch,13,13:42,2,Dine-in,,67.5
9960,2026-08-04,Lunch,14,14:01,4,Dine-in,,284.0
9961,2026-08-04,Lunch,13,13:06,4,Dine-in,,212.5
9962,2026-08-04,Lunch,14,14:00,2,Dine-in,,36.0
9963,2026-08-04,Lunch,13,13:36,4,Dine-in,,59.0
9964,2026-08-04,Lunch,12,12:28,4,Dine-in,,252.5
9965,2026-08-04,Lunch,14,14:01,2,Dine-in,,60.0
9966,2026-08-05,Dinner,21,21:34,1,Dine-in,,78.5
9967,2026-08-05,Dinner,20,20:32,2,Dine-in,,148.5
9968,2026-08-05,Dinner,21,21:04,3,Dine-in,,142.5
9969,2026-08-05,Dinner,19,19:11,2,Dine-in,,92.5
9970,2026-08-05,Dinner,18,18:06,3,Dine-in,,93.0
9971,2026-08-05,Dinner,19,19:40,1,Dine-in,,71.0
9972,2026-08-05,Dinner,19,19:50,3,Takeaway,,164.5
9973,2026-08-05,Dinner,18,18:33,2,Dine-in,,73.0
9974,2026-08-05,Dinner,17,17:52,2,Dine-in,,56.0
9975,2026-08-05,Dinner,17,17:39,5,Dine-in,,211.5
9976,2026-08-05,Dinner,20,20:35,4,Dine-in,,232.5
9977,2026-08-05,Dinner,21,21:16,5,Dine-in,,187.5
9978,2026-08-05,Dinner,20,20:50,2,Dine-in,,43.0
9979,2026-08-05,Dinner,18,18:16,5,Takeaway,,199.0
9980,2026-08-05,Dinner,18,18:47,3,Dine-in,,269.0
9981,2026-08-05,Dinner,21,21:02,5,Takeaway,,238.0
9982,2026-08-05,Dinner,18,18:26,1,Takeaway,,26.0
9983,2026-08-05,Lunch,13,13:40,2,Dine-in,,51.5
9984,2026-08-05,Lunch,13,13:39,2,Dine-in,,126.5
9985,2026-08-05,Lunch,14,14:08,3,Dine-in,,166.5
9986,2026-08-05,Lunch,12,12:18,5,Dine-in,,179.0
9987,2026-08-05,Lunch,12,12:14,4,Dine-in,,185.0
9988,2026-08-05,Lunch,14,14:43,2,Dine-in,,40.5
9989,2026-08-05,Lunch,13,13:01,2,Dine-in,,76.0
9990,2026-08-05,Lunch,13,13:23,2,Dine-in,,167.5
9991,2026-08-05,Lunch,14,14:29,1,Dine-in,,34.5
9992,2026-08-05,Lunch,12,12:41,1,Dine-in,,45.0
9993,2026-08-06,Dinner,20,20:37,3,Dine-in,,65.5
9994,2026-08-06,Dinner,19,19:29,4,Dine-in,,145.0
9995,2026-08-06,Dinner,20,20:53,3,Dine-in,,24.5
9996,2026-08-06,Dinner,19,19:03,2,Dine-in,,47.5
9997,2026-08-06,Dinner,18,18:36,2,Takeaway,,53.0
9998,2026-08-06,Dinner,18,18:11,2,Takeaway,,143.0
9999,2026-08-06,Dinner,18,18:29,1,Takeaway,,12.5
10000,2026-08-06,Dinner,21,21:34,2,Dine-in,,49.0
10001,2026-08-06,Dinner,21,21:14,2,Dine-in,,83.0
10002,2026-08-06,Dinner,20,20:55,2,Takeaway,,38.5
10003,2026-08-06,Dinner,18,18:06,2,Dine-in,,68.0
10004,2026-08-06,Dinner,18,18:55,2,Dine-in,,119.5
10005,2026-08-06,Dinner,20,20:27,2,Dine-in,,95.5
10006,2026-08-06,Dinner,20,20:22,5,Dine-in,,190.5
10007,2026-08-06,Dinner,19,19:20,2,Takeaway,,59.0
10008,2026-08-06,Dinner,20,20:05,2,Dine-in,,67.5
10009,2026-08-06,Dinner,19,19:02,2,Dine-in,,127.5
10010,2026-08-06,Dinner,19,19:43,4,Dine-in,,222.0
10011,2026-08-06,Dinner,17,17:54,1,Dine-in,,56.0
10012,2026-08-06,Dinner,19,19:35,4,Dine-in,,199.5
10013,2026-08-06,Dinner,18,18:57,1,Dine-in,,30.0
10014,2026-08-06,Lunch,13,13:44,4,Dine-in,,158.5
10015,2026-08-06,Lunch,13,13:15,2,Dine-in,,56.0
10016,2026-08-06,Lunch,14,14:26,2,Dine-in,,47.0
10017,2026-08-06,Lunch,14,14:14,2,Dine-in,,142.5
10018,2026-08-06,Lunch,13,13:00,2,Dine-in,,136.5
10019,2026-08-06,Lunch,13,13:36,2,Dine-in,,106.0
10020,2026-08-06,Lunch,14,14:22,1,Dine-in,,44.0
10021,2026-08-06,Lunch,14,14:42,2,Dine-in,,197.0
10022,2026-08-06,Lunch,13,13:54,4,Dine-in,,175.5
10023,2026-08-06,Lunch,14,14:14,4,Dine-in,,300.0
10024,2026-08-06,Lunch,13,13:08,2,Dine-in,,172.5
10025,2026-08-07,Dinner,18,18:11,3,Takeaway,,201.0
10026,2026-08-07,Dinner,19,19:58,2,Takeaway,,76.5
10027,2026-08-07,Dinner,19,19:28,2,Dine-in,,58.5
10028,2026-08-07,Dinner,21,21:30,4,Dine-in,,118.0
10029,2026-08-07,Dinner,20,20:25,2,Dine-in,,74.0
10030,2026-08-07,Dinner,20,20:17,2,Takeaway,,39.5
10031,2026-08-07,Dinner,18,18:37,2,Dine-in,,138.5
10032,2026-08-07,Dinner,20,20:28,1,Dine-in,,28.5
10033,2026-08-07,Dinner,19,19:37,5,Dine-in,,187.5
10034,2026-08-07,Dinner,20,20:14,3,Dine-in,,182.0
10035,2026-08-07,Dinner,17,17:38,1,Dine-in,,65.5
10036,2026-08-07,Dinner,19,19:39,6,Dine-in,,249.0
10037,2026-08-07,Dinner,20,20:01,2,Dine-in,,168.0
10038,2026-08-07,Dinner,19,19:55,2,Takeaway,,113.0
10039,2026-08-07,Dinner,19,19:28,2,Dine-in,,86.5
10040,2026-08-07,Dinner,17,17:51,2,Takeaway,,64.0
10041,2026-08-07,Dinner,20,20:35,2,Takeaway,,51.0
10042,2026-08-07,Dinner,17,17:32,3,Dine-in,,131.5
10043,2026-08-07,Dinner,21,21:14,2,Dine-in,,150.5
10044,2026-08-07,Dinner,20,20:18,2,Dine-in,,116.5
10045,2026-08-07,Dinner,21,21:22,2,Dine-in,,99.5
10046,2026-08-07,Dinner,18,18:38,4,Dine-in,,225.0
10047,2026-08-07,Dinner,17,17:30,2,Dine-in,,70.5
10048,2026-08-07,Dinner,18,18:15,2,Dine-in,,21.5
10049,2026-08-07,Dinner,20,20:53,1,Dine-in,,25.5
10050,2026-08-07,Dinner,19,19:47,2,Dine-in,,81.5
10051,2026-08-07,Dinner,19,19:42,2,Takeaway,,75.0
10052,2026-08-07,Dinner,21,21:02,2,Dine-in,,123.5
10053,2026-08-07,Dinner,17,17:46,3,Dine-in,,106.5
10054,2026-08-07,Dinner,19,19:52,2,Dine-in,,189.0
10055,2026-08-07,Late,22,22:37,3,Takeaway,,79.5
10056,2026-08-07,Late,22,22:23,3,Dine-in,,144.5
10057,2026-08-07,Late,22,22:55,2,Dine-in,,68.5
10058,2026-08-07,Lunch,14,14:43,5,Dine-in,,177.5
10059,2026-08-07,Lunch,13,13:39,3,Dine-in,,231.0
10060,2026-08-07,Lunch,13,13:25,3,Dine-in,,192.5
10061,2026-08-07,Lunch,14,14:25,2,Dine-in,,23.0
10062,2026-08-07,Lunch,13,13:39,5,Takeaway,,293.5
10063,2026-08-07,Lunch,12,12:51,2,Dine-in,,69.5
10064,2026-08-07,Lunch,14,14:20,1,Dine-in,,102.5
10065,2026-08-07,Lunch,12,12:56,2,Dine-in,,62.0
10066,2026-08-07,Lunch,12,12:55,2,Dine-in,,56.5
10067,2026-08-07,Lunch,13,13:41,2,Dine-in,,50.5
10068,2026-08-07,Lunch,13,13:51,2,Dine-in,,76.0
10069,2026-08-07,Lunch,14,14:05,3,Dine-in,,113.0
10070,2026-08-07,Lunch,13,13:42,2,Dine-in,,96.0
10071,2026-08-08,Dinner,19,19:02,2,Dine-in,,32.5
10072,2026-08-08,Dinner,19,19:49,4,Dine-in,,241.5
10073,2026-08-08,Dinner,19,19:43,3,Dine-in,,140.5
10074,2026-08-08,Dinner,19,19:09,2,Takeaway,,44.5
10075,2026-08-08,Dinner,21,21:19,1,Dine-in,,74.5
10076,2026-08-08,Dinner,20,20:24,4,Dine-in,,155.5
10077,2026-08-08,Dinner,20,20:50,4,Takeaway,,135.0
10078,2026-08-08,Dinner,20,20:59,4,Takeaway,,83.0
10079,2026-08-08,Dinner,19,19:53,2,Dine-in,,131.0
10080,2026-08-08,Dinner,18,18:48,2,Takeaway,,120.5
10081,2026-08-08,Dinner,18,18:41,2,Takeaway,,87.0
10082,2026-08-08,Dinner,20,20:27,4,Dine-in,,135.0
10083,2026-08-08,Dinner,17,17:37,2,Dine-in,,99.5
10084,2026-08-08,Dinner,21,21:09,4,Dine-in,,122.0
10085,2026-08-08,Dinner,20,20:23,2,Dine-in,,94.5
10086,2026-08-08,Dinner,20,20:02,5,Dine-in,,303.0
10087,2026-08-08,Dinner,18,18:27,2,Takeaway,,209.0
10088,2026-08-08,Dinner,19,19:12,2,Dine-in,,69.5
10089,2026-08-08,Dinner,18,18:32,5,Dine-in,,111.5
10090,2026-08-08,Dinner,20,20:10,1,Takeaway,,46.5
10091,2026-08-08,Dinner,20,20:27,4,Takeaway,,87.5
10092,2026-08-08,Dinner,18,18:47,5,Dine-in,,198.0
10093,2026-08-08,Dinner,17,17:40,2,Dine-in,,104.0
10094,2026-08-08,Dinner,18,18:31,2,Dine-in,,18.0
10095,2026-08-08,Dinner,21,21:20,2,Dine-in,,169.5
10096,2026-08-08,Dinner,18,18:34,2,Dine-in,,88.0
10097,2026-08-08,Dinner,21,21:39,2,Dine-in,,34.0
10098,2026-08-08,Dinner,21,21:39,3,Takeaway,,165.5
10099,2026-08-08,Dinner,18,18:48,4,Dine-in,,114.0
10100,2026-08-08,Dinner,17,17:45,3,Dine-in,,162.5
10101,2026-08-08,Dinner,21,21:44,3,Dine-in,,164.5
10102,2026-08-08,Late,22,22:22,1,Takeaway,,93.0
10103,2026-08-08,Late,23,23:12,2,Dine-in,,109.5
10104,2026-08-08,Late,22,22:31,4,Dine-in,,153.0
10105,2026-08-08,Late,22,22:25,3,Takeaway,,191.0
10106,2026-08-08,Lunch,12,12:50,2,Dine-in,,63.5
10107,2026-08-08,Lunch,14,14:09,5,Dine-in,,252.5
10108,2026-08-08,Lunch,12,12:30,2,Dine-in,,108.0
10109,2026-08-08,Lunch,12,12:00,1,Dine-in,,47.5
10110,2026-08-08,Lunch,13,13:01,2,Dine-in,,47.5
10111,2026-08-08,Lunch,14,14:09,2,Dine-in,,170.0
10112,2026-08-08,Lunch,14,14:02,2,Dine-in,,65.0
10113,2026-08-08,Lunch,14,14:09,1,Dine-in,,21.5
10114,2026-08-08,Lunch,12,12:04,1,Dine-in,,30.5
10115,2026-08-08,Lunch,13,13:41,2,Takeaway,,219.0
10116,2026-08-08,Lunch,13,13:56,3,Dine-in,,97.5
10117,2026-08-08,Lunch,12,12:04,2,Takeaway,,109.5
10118,2026-08-08,Lunch,13,13:00,1,Takeaway,,37.5
10119,2026-08-08,Lunch,12,12:40,4,Dine-in,,156.0
10120,2026-08-08,Lunch,13,13:48,2,Dine-in,,76.5
10121,2026-08-09,Dinner,18,18:58,2,Dine-in,,60.5
10122,2026-08-09,Dinner,21,21:06,2,Takeaway,,76.5
10123,2026-08-09,Dinner,18,18:37,3,Dine-in,,100.5
10124,2026-08-09,Dinner,21,21:14,2,Dine-in,,154.0
10125,2026-08-09,Dinner,20,20:38,5,Takeaway,,483.5
10126,2026-08-09,Dinner,20,20:58,3,Dine-in,,209.5
10127,2026-08-09,Dinner,19,19:44,2,Dine-in,,84.0
10128,2026-08-09,Dinner,20,20:52,6,Dine-in,,300.0
10129,2026-08-09,Dinner,21,21:30,1,Dine-in,,37.5
10130,2026-08-09,Dinner,18,18:13,3,Dine-in,,158.5
10131,2026-08-09,Dinner,20,20:31,2,Dine-in,,12.5
10132,2026-08-09,Dinner,19,19:37,4,Dine-in,,75.0
10133,2026-08-09,Dinner,17,17:32,4,Dine-in,,254.5
10134,2026-08-09,Dinner,19,19:27,6,Dine-in,,136.0
10135,2026-08-09,Dinner,21,21:05,1,Takeaway,,31.0
10136,2026-08-09,Dinner,20,20:49,2,Takeaway,,104.0
10137,2026-08-09,Dinner,20,20:00,5,Takeaway,,138.5
10138,2026-08-09,Dinner,17,17:33,5,Dine-in,,269.5
10139,2026-08-09,Dinner,20,20:10,5,Dine-in,,225.0
10140,2026-08-09,Dinner,21,21:39,2,Dine-in,,133.0
10141,2026-08-09,Dinner,20,20:57,2,Dine-in,,134.5
10142,2026-08-09,Lunch,14,14:35,2,Dine-in,,63.0
10143,2026-08-09,Lunch,13,13:50,5,Dine-in,,137.0
10144,2026-08-09,Lunch,12,12:52,5,Dine-in,,257.5
10145,2026-08-09,Lunch,14,14:17,5,Dine-in,,254.5
10146,2026-08-09,Lunch,13,13:13,2,Dine-in,,45.5
10147,2026-08-09,Lunch,13,13:31,2,Dine-in,,98.0
10148,2026-08-09,Lunch,13,13:39,4,Dine-in,,242.0
10149,2026-08-09,Lunch,14,14:30,3,Takeaway,,98.0
10150,2026-08-11,Dinner,21,21:19,4,Dine-in,,182.5
10151,2026-08-11,Dinner,17,17:53,2,Dine-in,,104.5
10152,2026-08-11,Dinner,18,18:48,1,Dine-in,,8.5
10153,2026-08-11,Dinner,17,17:51,1,Takeaway,,59.0
10154,2026-08-11,Dinner,20,20:33,2,Dine-in,,87.0
10155,2026-08-11,Dinner,18,18:46,2,Dine-in,,77.5
10156,2026-08-11,Dinner,21,21:44,1,Dine-in,,16.0
10157,2026-08-11,Dinner,20,20:30,3,Dine-in,,112.0
10158,2026-08-11,Dinner,19,19:21,2,Dine-in,,67.5
10159,2026-08-11,Dinner,17,17:59,3,Dine-in,,103.5
10160,2026-08-11,Dinner,20,20:03,2,Dine-in,,86.0
10161,2026-08-11,Dinner,20,20:52,4,Dine-in,,209.0
10162,2026-08-11,Dinner,19,19:04,5,Dine-in,,214.0
10163,2026-08-11,Dinner,19,19:20,2,Dine-in,,125.0
10164,2026-08-11,Lunch,12,12:46,2,Dine-in,,110.5
10165,2026-08-11,Lunch,14,14:04,4,Dine-in,,106.5
10166,2026-08-11,Lunch,13,13:02,3,Dine-in,,120.0
10167,2026-08-11,Lunch,13,13:44,2,Dine-in,,51.0
10168,2026-08-11,Lunch,13,13:56,2,Dine-in,,208.5
10169,2026-08-11,Lunch,14,14:23,3,Takeaway,,89.5
10170,2026-08-11,Lunch,12,12:44,5,Dine-in,,156.0
10171,2026-08-11,Lunch,14,14:38,2,Dine-in,,63.5
